Wavelength (nm),P-Polarized,S-Polarized
300,0.419119835,0.030728197
301,0.213975012,0.187737182
302,0.557929277,0.224631906
303,0.134851977,0.269116759
304,0.07326813,0.003108725
305,0.240083084,0.098572046
306,0.168353811,0.613669515
307,0.01052627,0.006271863
308,0.255990833,0.045206852
309,0.067177996,0.135591969
310,0.235379607,0.157993287
311,0.268158406,0.103602096
312,0.408604682,0.315189958
313,0.083598614,0.183494359
314,0.456152856,0.126484275
315,0.21332705,0.21312958
316,0.207517296,0.382899642
317,0.273925871,0.57096827
318,0.159363776,0.035457
319,0.065050393,0.218340129
320,0.163989887,0.833550751
321,0.785493553,1.297691703
322,0.706996262,0.843843937
323,0.813771009,0.70371747
324,0.766931832,1.909141421
325,1.333368182,1.98972261
326,0.91134876,2.024107695
327,0.625781238,1.634274006
328,1.212680817,1.97245574
329,1.309536815,1.744473219
330,1.471082687,1.889465809
331,1.684467673,2.170214891
332,1.307275295,1.572923899
333,1.178821325,1.248279572
334,1.102216482,1.327791572
335,1.077993989,1.101291299
336,0.679302752,0.739823043
337,0.680637062,0.449345678
338,0.615735829,0.816251516
339,0.723955154,0.996355355
340,0.516731262,0.29185912
341,0.412708104,0.380058169
342,0.256129533,0.287923962
343,0.38525489,0.32746017
344,0.287821412,0.374651104
345,0.214684844,0.18445389
346,0.122143582,0.139357328
347,0.318908095,0.270881653
348,0.213985488,0.306892723
349,0.064743184,0.22539939
350,0.000433131,0.031486697
351,0.105305761,0.329560787
352,0.101229757,0.154971182
353,0.135647804,0.189041898
354,0.092971399,0.013485621
355,0.169744223,0.04695436
356,0.043761432,0.207958296
357,0.093185544,0.192854926
358,0.076667175,0.015939986
359,0.088650346,0.052290339
360,0.184880003,0.066246085
361,0.186713353,0.315147787
362,0.089566939,0.13652207
363,0.183933243,0.141609103
364,0.181300759,0.258551389
365,0.13284047,0.000154363
366,0.151188806,0.046710409
367,0.168288901,0.194607332
368,0.281218439,0.336387366
369,0.245930284,0.185641542
370,0.271359056,0.199117005
371,0.317565143,0.339489162
372,0.291449428,0.347502589
373,0.450859457,0.447213888
374,0.46193096,0.318171293
375,0.433033973,0.497567654
376,0.676953375,0.569888294
377,0.630495787,0.588888049
378,0.793800414,0.66488415
379,0.973128736,0.906152368
380,1.139481664,1.021960616
381,1.428393364,1.058854342
382,1.749680161,1.477172732
383,2.170119762,1.854257107
384,2.553723812,2.235868692
385,3.010997295,2.672355175
386,3.793992043,3.144982338
387,4.567616463,3.993620396
388,5.537530422,4.833980083
389,6.616304874,5.745313168
390,8.080695152,7.063347816
391,9.686664581,8.538359642
392,11.60407925,10.18010235
393,13.83334732,12.2868576
394,16.47584724,14.69707966
395,19.43276215,17.41179657
396,22.77894974,20.37308693
397,26.43425751,23.7409935
398,30.35934258,27.19188309
399,34.4209404,30.94026375
400,38.55672073,34.63264847
401,42.64916992,38.18383408
402,46.36300659,41.47885513
403,49.64660645,44.28848267
404,52.42290497,46.70396423
405,54.5018959,48.31400681
406,55.85647964,49.32307053
407,56.5860405,49.70332336
408,56.69454956,49.61279297
409,56.29137802,48.89550018
410,55.53596115,47.9644928
411,54.46302414,46.7062645
412,53.23239517,45.34546661
413,51.94446945,43.82740402
414,50.64791489,42.39120483
415,49.42141724,40.94451523
416,48.27874374,39.62667465
417,47.31696701,38.48641586
418,46.42966461,37.40010071
419,45.74374008,36.48423386
420,45.19518661,35.68553162
421,44.83815384,35.04188156
422,44.62391281,34.52749252
423,44.55545425,34.08075333
424,44.60651016,33.805336
425,44.83815384,33.5764122
426,45.16934967,33.53006744
427,45.6280632,33.53984451
428,46.18994141,33.66807556
429,46.86439514,33.80389786
430,47.61320496,33.97842026
431,48.43917084,34.23872375
432,49.34592819,34.52162552
433,50.25450134,34.80021667
434,51.23696136,35.11632538
435,52.22107697,35.44329453
436,53.21136093,35.74450684
437,54.15581512,36.04572678
438,55.05944061,36.30659103
439,55.89834976,36.4995575
440,56.64626312,36.68435287
441,57.32543945,36.79576111
442,57.86195374,36.81941223
443,58.30073547,36.75311279
444,58.56825638,36.6610527
445,58.67764282,36.40065002
446,58.66072083,36.13667297
447,58.4624939,35.76586533
448,58.14058685,35.32123566
449,57.68039703,34.79354858
450,57.05948639,34.23184204
451,56.42684174,33.58688354
452,55.62338257,32.94008255
453,54.7193985,32.22913361
454,53.86926651,31.48041344
455,52.90833282,30.78179741
456,51.8998642,30.03783226
457,50.90417099,29.31163406
458,49.91897964,28.61514664
459,48.93527603,27.90883255
460,48.00295639,27.26011658
461,47.09606934,26.64757347
462,46.23131943,26.05805779
463,45.42457199,25.5352459
464,44.66152573,25.00419044
465,43.96111298,24.54567337
466,43.32822037,24.15658569
467,42.74814987,23.77691269
468,42.2589035,23.43927574
469,41.80725098,23.14139175
470,41.44664001,22.91875839
471,41.11488724,22.70987701
472,40.8614769,22.58004761
473,40.71661377,22.43957901
474,40.59562683,22.36008644
475,40.53478241,22.27414322
476,40.53232193,22.27675819
477,40.58048248,22.28154564
478,40.70072937,22.35746384
479,40.89717484,22.42758942
480,41.11452866,22.56408691
481,41.40002823,22.68687439
482,41.74427414,22.84794617
483,42.10700226,23.03146362
484,42.5377655,23.22447014
485,43.0024147,23.46729469
486,43.51194763,23.72644234
487,44.04953003,23.98867226
488,44.62379074,24.27833939
489,45.21732712,24.59156036
490,45.85168076,24.9118309
491,46.49246979,25.22549248
492,47.12740326,25.55632973
493,47.77877808,25.88702774
494,48.44850922,26.22665215
495,49.07365799,26.54853821
496,49.69300079,26.87301254
497,50.29794693,27.20943451
498,50.85484314,27.48058701
499,51.36481094,27.75571632
500,51.81968307,28.0277462
501,52.21646881,28.23275566
502,52.53822708,28.43325424
503,52.7869873,28.59282494
504,52.9489212,28.70124817
505,53.02230835,28.75889015
506,53.02005386,28.79719162
507,52.92368698,28.76523781
508,52.70425034,28.69334221
509,52.39454651,28.57100296
510,51.98422241,28.38456917
511,51.48045349,28.15545845
512,50.87678909,27.88307571
513,50.19346619,27.54574966
514,49.4505043,27.20581055
515,48.6042366,26.79495811
516,47.71538544,26.33986092
517,46.75120163,25.87875938
518,45.7697258,25.39996529
519,44.73700714,24.87417221
520,43.67367554,24.32561302
521,42.60378647,23.77897453
522,41.52955627,23.23349953
523,40.43525314,22.69685555
524,39.35865021,22.16176987
525,38.28760529,21.65099525
526,37.23591995,21.11040306
527,36.2002449,20.60370064
528,35.18906021,20.11857796
529,34.21332932,19.62207031
530,33.26953125,19.17148399
531,32.3480835,18.71422195
532,31.47114754,18.28774071
533,30.62685204,17.89559364
534,29.81759644,17.50746346
535,29.03788376,17.14283752
536,28.30013275,16.80360222
537,27.61181259,16.48679733
538,26.93611717,16.17750168
539,26.29689026,15.88939476
540,25.712183,15.62913799
541,25.14373016,15.37029171
542,24.60195351,15.1244936
543,24.1072998,14.92143822
544,23.61724663,14.708951
545,23.17558479,14.52412415
546,22.75745201,14.3701973
547,22.3663063,14.19878578
548,21.99032974,14.05071068
549,21.65575218,13.93212986
550,21.33489227,13.80400181
551,21.03572273,13.70147324
552,20.77051163,13.60546017
553,20.51266098,13.52264881
554,20.27399635,13.4335947
555,20.06574631,13.38773346
556,19.86942291,13.3300333
557,19.68515587,13.28031445
558,19.5284462,13.24317646
559,19.37804604,13.20823097
560,19.24234581,13.17444324
561,19.13804054,13.17669868
562,19.0356102,13.16838837
563,18.95909882,13.1788168
564,18.88230324,13.1926403
565,18.81348419,13.19400024
566,18.77838516,13.23232174
567,18.74257851,13.27052593
568,18.71724701,13.28571415
569,18.71428108,13.35303783
570,18.71462822,13.40748024
571,18.73227882,13.45195198
572,18.76115036,13.5482235
573,18.80128098,13.61431789
574,18.8488121,13.69208241
575,18.91740227,13.79926968
576,19.00239944,13.89257908
577,19.08664513,13.99299622
578,19.18305779,14.10935974
579,19.28676987,14.20930767
580,19.40708351,14.34641361
581,19.53362465,14.48647976
582,19.67201805,14.63902283
583,19.811203,14.77277279
584,19.96918106,14.91422844
585,20.13913536,15.08993053
586,20.31242371,15.26710701
587,20.50022697,15.43435574
588,20.69427872,15.6198616
589,20.90185165,15.80574226
590,21.11764336,16.00941658
591,21.33889198,16.20967484
592,21.57431221,16.42168999
593,21.81576538,16.64213562
594,22.06851006,16.89029694
595,22.32975197,17.09630394
596,22.60991096,17.36026764
597,22.88672638,17.59805679
598,23.18347359,17.88572121
599,23.48069,18.13758659
600,23.79511833,18.40799332
601,24.12643051,18.70404434
602,24.45959091,18.99537468
603,24.80632591,19.28916168
604,25.1536274,19.58844376
605,25.51219177,19.91227341
606,25.8928566,20.24079514
607,26.26849365,20.5551548
608,26.6630497,20.90684891
609,27.05966759,21.25348282
610,27.46686363,21.6049366
611,27.88340759,21.9604702
612,28.31096649,22.34575653
613,28.74209595,22.71558952
614,29.18469238,23.08905792
615,29.6315136,23.50310516
616,30.07894516,23.8687458
617,30.54646301,24.29246521
618,31.01661873,24.69495773
619,31.48394775,25.12975693
620,31.96080971,25.54039001
621,32.45152664,25.97881889
622,32.94146347,26.4113903
623,33.42795181,26.83746719
624,33.92225647,27.29104233
625,34.43521118,27.75815392
626,34.93465042,28.19874573
627,35.43666077,28.65210724
628,35.94675446,29.13300133
629,36.45387268,29.59065437
630,36.96142578,30.07975769
631,37.47072601,30.54175949
632,37.97679138,31.0034008
633,38.49107742,31.47451019
634,38.99241638,31.94944
635,39.49483871,32.43056107
636,39.99812317,32.90697479
637,40.49314117,33.38280106
638,40.98179626,33.85768127
639,41.47535706,34.33943558
640,41.961689,34.79523468
641,42.44545746,35.27812576
642,42.91712189,35.74674606
643,43.38562012,36.20981598
644,43.84989548,36.6729393
645,44.29489517,37.1179657
646,44.74253082,37.57082748
647,45.18443298,38.03003311
648,45.60990143,38.45891953
649,46.03029633,38.89986801
650,46.44455719,39.32468796
651,46.84477997,39.74944305
652,47.23266983,40.15248489
653,47.6153717,40.57317734
654,47.9840126,40.96642303
655,48.34503937,41.37147522
656,48.68619919,41.75336456
657,49.03744125,42.10855484
658,49.35074997,42.48126602
659,49.65831757,42.84629822
660,49.97111511,43.16884613
661,50.26007843,43.50358963
662,50.53361511,43.8547287
663,50.80368423,44.1782608
664,51.0617485,44.4946022
665,51.30246353,44.79436493
666,51.54148483,45.09724808
667,51.76221848,45.36644745
668,51.97644043,45.64100647
669,52.1777916,45.9139061
670,52.37309265,46.17780304
671,52.54870605,46.41577911
672,52.72218704,46.66268921
673,52.87743378,46.88424683
674,53.03050232,47.10650635
675,53.17147446,47.32476425
676,53.31061935,47.5136528
677,53.43123245,47.72732162
678,53.53834534,47.89556122
679,53.64118195,48.07880402
680,53.74394608,48.2585144
681,53.82995605,48.39418411
682,53.9083786,48.58399582
683,53.98968506,48.7383728
684,54.06203842,48.88205719
685,54.12121582,49.02320099
686,54.18161774,49.15532303
687,54.2281456,49.27706146
688,54.27554321,49.39206696
689,54.31522751,49.50391388
690,54.35129929,49.62232971
691,54.38638306,49.71791077
692,54.41027451,49.83043289
693,54.44429016,49.95233536
694,54.45213318,50.01517487
695,54.47400665,50.10830307
696,54.47610474,50.19651031
697,54.48287201,50.27959824
698,54.49301147,50.35239029
699,54.49866104,50.4394989
700,54.49747467,50.50053024
701,54.49955368,50.56472397
702,54.50093842,50.64632416
703,54.49743271,50.72548294
704,54.4901619,50.77753067
705,54.48962402,50.85287857
706,54.48233032,50.8952446
707,54.46417999,50.96913528
708,54.46283722,51.01602554
709,54.45313263,51.05910873
710,54.43859863,51.11956024
711,54.42348099,51.16897964
712,54.41452789,51.20972824
713,54.41347504,51.30311966
714,54.38696671,51.33841705
715,54.38431931,51.38074875
716,54.3681221,51.42499161
717,54.34512329,51.47901154
718,54.34201813,51.53084564
719,54.33098602,51.54357147
720,54.31124496,51.58249664
721,54.28549194,51.62419128
722,54.27526093,51.66835022
723,54.29084778,51.70769119
724,54.26545715,51.75382996
725,54.22751236,51.79428864
726,54.24752045,51.83414841
727,54.22358704,51.88275146
728,54.21061707,51.9228096
729,54.19519043,51.9580307
730,54.20758057,51.99118423
731,54.19433212,52.03408432
732,54.15276718,52.07564926
733,54.18425369,52.12299347
734,54.16550446,52.14998627
735,54.1396637,52.19219971
736,54.13615799,52.2233963
737,54.12184143,52.26922607
738,54.10415649,52.30343246
739,54.09363556,52.33631897
740,54.08224487,52.37042236
741,54.08898163,52.40369415
742,54.09869385,52.42536163
743,54.05827332,52.46945572
744,54.07264328,52.50722122
745,54.05734634,52.53977203
746,54.03111649,52.56645584
747,54.03829193,52.59420395
748,54.02363586,52.62327194
749,54.00349045,52.65424347
750,54.02143097,52.68284607
751,54.01862335,52.71173096
752,54.01887131,52.73419571
753,54.02672958,52.76950073
754,54.00895309,52.79227448
755,54.01659775,52.81457138
756,53.98229218,52.84008789
757,53.96779633,52.86903381
758,53.94752121,52.88411331
759,53.94645309,52.91537094
760,53.94517899,52.94330215
761,53.92818451,52.96395493
762,53.91021347,52.97785568
763,53.906353,53.00814438
764,53.89826965,53.0277977
765,53.88581848,53.05298996
766,53.89471054,53.07957077
767,53.88839722,53.08740616
768,53.85404968,53.11347961
769,53.8367691,53.12937927
770,53.82645798,53.14940262
771,53.81485748,53.16529083
772,53.82126617,53.18784714
773,53.7970047,53.19902802
774,53.78476334,53.2129097
775,53.76850891,53.22452927
776,53.75691223,53.24118042
777,53.74153137,53.25236893
778,53.71660614,53.27053833
779,53.719944,53.27715302
780,53.69247055,53.28157425
781,53.6749649,53.29291153
782,53.6496048,53.30252075
783,53.63594437,53.31401825
784,53.60377884,53.31082916
785,53.59602737,53.31624222
786,53.56892776,53.32592773
787,53.55614853,53.3241806
788,53.52902222,53.32293701
789,53.49627304,53.32883453
790,53.48587036,53.33198929
791,53.47203064,53.32741165
792,53.42848206,53.32642365
793,53.41448975,53.32683945
794,53.39298248,53.31277847
795,53.38912201,53.31669998
796,53.35115051,53.30750275
797,53.34212875,53.30196762
798,53.29640961,53.2976799
799,53.25695419,53.29935074
800,53.23896408,53.27722549
