,depths,Eu_480.0,Ed_480.0,Eo_480.0,Eod_480.0,Eou_480.0,a_480.0,b_480.0,bb_480.0,Eu_540.0,Ed_540.0,Eo_540.0,Eod_540.0,Eou_540.0,a_540.0,b_540.0,bb_540.0,Eu_600.0,Ed_600.0,Eo_600.0,Eod_600.0,Eou_600.0,a_600.0,b_600.0,bb_600.0
0,0.0,0.86749,1.0951,3.7667,2.0082,1.7585,480.0,480.0,480.0,0.85562,1.069,3.6368,1.9139,1.7229,540.0,540.0,540.0,0.81901,1.034,3.4637,1.8189,1.6448,600.0,600.0,600.0
1,0.0,0.86749,1.0951,3.7667,2.0082,1.7585,0.05,125.0,4.5288,0.85562,1.069,3.6368,1.9139,1.7229,0.01,125.0,4.5288,0.81901,1.034,3.4637,1.8189,1.6448,0.03,125.0,4.5288
2,0.01,0.8436,1.0692,3.954,2.1895,1.7645,0.05,125.0,4.5288,0.83658,1.0496,3.9022,2.1539,1.7483,0.01,125.0,4.5288,0.80191,1.0158,3.7632,2.0847,1.6784,0.03,125.0,4.5288
3,0.02,0.79671,1.0204,3.7359,2.07,1.6659,0.05,125.0,4.5288,0.79067,1.0033,3.694,2.0415,1.6525,0.01,125.0,4.5288,0.75633,0.96907,3.5564,1.9729,1.5835,0.03,125.0,4.5288
4,0.03,0.75403,0.97592,3.5175,1.9453,1.5722,0.05,125.0,4.5288,0.74855,0.96078,3.48,1.9198,1.5601,0.01,125.0,4.5288,0.71449,0.92621,3.3421,1.8506,1.4915,0.03,125.0,4.5288
5,0.04,0.71642,0.9366,3.3358,1.8443,1.4916,0.05,125.0,4.5288,0.71143,0.92332,3.3021,1.8215,1.4806,0.01,125.0,4.5288,0.67775,0.88849,3.1644,1.7518,1.4126,0.03,125.0,4.5288
6,0.05,0.68199,0.90055,3.1797,1.7601,1.4196,0.05,125.0,4.5288,0.67741,0.88898,3.1497,1.74,1.4097,0.01,125.0,4.5288,0.6442,0.85401,3.0126,1.6701,1.3424,0.03,125.0,4.5288
7,0.06,0.64937,0.86637,3.0382,1.6856,1.3526,0.05,125.0,4.5288,0.64509,0.85636,3.0116,1.6681,1.3435,0.01,125.0,4.5288,0.61243,0.82136,2.8755,1.5983,1.2772,0.03,125.0,4.5288
8,0.07,0.61778,0.8333,2.9048,1.6165,1.2883,0.05,125.0,4.5288,0.61368,0.82465,2.881,1.6012,1.2798,0.01,125.0,4.5288,0.58164,0.78973,2.7464,1.5317,1.2147,0.03,125.0,4.5288
9,0.08,0.58681,0.80091,2.776,1.5503,1.2257,0.05,125.0,4.5288,0.58276,0.79345,2.7545,1.537,1.2175,0.01,125.0,4.5288,0.55141,0.75869,2.6216,1.468,1.1536,0.03,125.0,4.5288
10,0.09,0.55624,0.76899,2.6499,1.4859,1.164,0.05,125.0,4.5288,0.55211,0.76253,2.6302,1.4743,1.1559,0.01,125.0,4.5288,0.52151,0.72802,2.4994,1.4059,1.0934,0.03,125.0,4.5288
11,0.1,0.52596,0.73741,2.5257,1.4226,1.1031,0.05,125.0,4.5288,0.52162,0.73178,2.5071,1.4124,1.0948,0.01,125.0,4.5288,0.49183,0.69761,2.3786,1.3448,1.0338,0.03,125.0,4.5288
12,0.11,0.49589,0.7061,2.4027,1.3601,1.0426,0.05,125.0,4.5288,0.49122,0.70113,2.3847,1.3509,1.0339,0.01,125.0,4.5288,0.4623,0.66738,2.2588,1.2843,0.97454,0.03,125.0,4.5288
13,0.12,0.46599,0.67504,2.2807,1.2981,0.98256,0.05,125.0,4.5288,0.46088,0.67056,2.2627,1.2897,0.97309,0.01,125.0,4.5288,0.43288,0.63731,2.1397,1.2241,0.91552,0.03,125.0,4.5288
14,0.13,0.43625,0.64419,2.1595,1.2366,0.92281,0.05,125.0,4.5288,0.43059,0.64005,2.141,1.2286,0.91242,0.01,125.0,4.5288,0.40355,0.60735,2.021,1.1643,0.85671,0.03,125.0,4.5288
15,0.14,0.40664,0.61352,2.0389,1.1756,0.86333,0.05,125.0,4.5288,0.40032,0.60958,2.0195,1.1677,0.85181,0.01,125.0,4.5288,0.3743,0.57752,1.9028,1.1048,0.79804,0.03,125.0,4.5288
16,0.15,0.37715,0.58304,1.9189,1.1149,0.80408,0.05,125.0,4.5288,0.37008,0.57914,1.898,1.1068,0.79121,0.01,125.0,4.5288,0.34511,0.54777,1.7849,1.0454,0.73948,0.03,125.0,4.5288
17,0.16,0.34775,0.55271,1.7994,1.0544,0.74498,0.05,125.0,4.5288,0.33984,0.54872,1.7766,1.046,0.73056,0.01,125.0,4.5288,0.31597,0.51811,1.6672,0.98621,0.68096,0.03,125.0,4.5288
18,0.17,0.31842,0.52252,1.6802,0.99425,0.68593,0.05,125.0,4.5288,0.30959,0.51829,1.6549,0.98513,0.66975,0.01,125.0,4.5288,0.28685,0.48851,1.5494,0.92708,0.62236,0.03,125.0,4.5288
19,0.18,0.28913,0.49241,1.5609,0.93417,0.6267,0.05,125.0,4.5288,0.27929,0.48783,1.5327,0.92412,0.60854,0.01,125.0,4.5288,0.25771,0.45892,1.4313,0.86791,0.56343,0.03,125.0,4.5288
20,0.19,0.25978,0.46231,1.4406,0.87393,0.56671,0.05,125.0,4.5288,0.24883,0.45723,1.4089,0.86266,0.54627,0.01,125.0,4.5288,0.22845,0.42925,1.3119,0.8084,0.50353,0.03,125.0,4.5288
21,0.2,0.22427,0.42593,1.2889,0.79995,0.48892,0.5,600.0,21.738,0.21184,0.41995,1.251,0.78641,0.46459,0.6,600.0,21.738,0.19292,0.39317,1.1596,0.73469,0.4249,0.65,600.0,21.738
22,0.21,0.21552,0.41086,1.2387,0.76919,0.46955,0.5,600.0,1.26,0.203,0.40377,1.1977,0.75305,0.4447,0.6,600.0,1.26,0.1845,0.37738,1.1079,0.7021,0.40583,0.65,600.0,1.26
23,0.22,0.20724,0.39651,1.1926,0.74104,0.45156,0.5,600.0,1.26,0.19473,0.38846,1.1495,0.72299,0.42649,0.6,600.0,1.26,0.17663,0.36247,1.0613,0.67286,0.38845,0.65,600.0,1.26
24,0.23,0.19928,0.38269,1.1488,0.71438,0.43437,0.5,600.0,1.26,0.18683,0.3738,1.104,0.69476,0.40923,0.6,600.0,1.26,0.16913,0.34821,1.0175,0.64546,0.372,0.65,600.0,1.26
25,0.24,0.1916,0.36937,1.1067,0.6889,0.41784,0.5,600.0,1.26,0.17925,0.35973,1.0607,0.66794,0.39274,0.6,600.0,1.26,0.16194,0.33455,0.97579,0.61947,0.35632,0.65,600.0,1.26
26,0.25,0.18416,0.35651,1.0663,0.66444,0.40188,0.5,600.0,1.26,0.17195,0.34619,1.0192,0.64232,0.37691,0.6,600.0,1.26,0.15503,0.32143,0.93599,0.5947,0.34129,0.65,600.0,1.26
27,0.26,0.17696,0.34407,1.0273,0.64088,0.38645,0.5,600.0,1.26,0.16492,0.33316,0.97946,0.61778,0.36168,0.6,600.0,1.26,0.14838,0.30882,0.89785,0.571,0.32685,0.65,600.0,1.26
28,0.27,0.16997,0.33204,0.98965,0.61815,0.3715,0.5,600.0,1.26,0.15813,0.32061,0.94121,0.5942,0.34701,0.6,600.0,1.26,0.14197,0.29669,0.86124,0.54828,0.31296,0.65,600.0,1.26
29,0.28,0.16318,0.3204,0.9532,0.59619,0.35701,0.5,600.0,1.26,0.15157,0.30852,0.90439,0.57153,0.33285,0.6,600.0,1.26,0.13579,0.28503,0.82604,0.52647,0.29957,0.65,600.0,1.26
30,0.29,0.15659,0.30913,0.9179,0.57495,0.34294,0.5,600.0,1.26,0.14523,0.29686,0.86889,0.54971,0.31918,0.6,600.0,1.26,0.12982,0.27379,0.79216,0.5055,0.28666,0.65,600.0,1.26
31,0.3,0.15018,0.29821,0.88369,0.55441,0.32928,0.5,600.0,1.26,0.13909,0.28561,0.83464,0.52868,0.30596,0.6,600.0,1.26,0.12404,0.26298,0.75952,0.48533,0.2742,0.65,600.0,1.26
32,0.31,0.14394,0.28764,0.85052,0.53451,0.31601,0.5,600.0,1.26,0.13315,0.27476,0.80159,0.5084,0.29318,0.6,600.0,1.26,0.11846,0.25256,0.72806,0.46591,0.26215,0.65,600.0,1.26
33,0.32,0.13787,0.2774,0.81833,0.51524,0.30309,0.5,600.0,1.26,0.12739,0.26429,0.76966,0.48885,0.28081,0.6,600.0,1.26,0.11305,0.24252,0.69771,0.4472,0.25051,0.65,600.0,1.26
34,0.33,0.13196,0.26748,0.78709,0.49656,0.29053,0.5,600.0,1.26,0.12181,0.25419,0.7388,0.46998,0.26883,0.6,600.0,1.26,0.10782,0.23285,0.66842,0.42918,0.23924,0.65,600.0,1.26
35,0.34,0.12619,0.25785,0.75675,0.47846,0.2783,0.5,600.0,1.26,0.1164,0.24443,0.70898,0.45176,0.25722,0.6,600.0,1.26,0.10274,0.22352,0.64013,0.41181,0.22833,0.65,600.0,1.26
36,0.35000000000000003,0.12058,0.24853,0.72728,0.4609,0.26638,0.5,600.0,1.26,0.11115,0.23502,0.68013,0.43417,0.24596,0.6,600.0,1.26,0.097825,0.21453,0.6128,0.39505,0.21775,0.65,600.0,1.26
37,0.36,0.11509,0.23948,0.69862,0.44387,0.25476,0.5,600.0,1.26,0.10605,0.22592,0.65221,0.41718,0.23503,0.6,600.0,1.26,0.09305,0.20586,0.58638,0.37889,0.20749,0.65,600.0,1.26
38,0.37,0.10974,0.2307,0.67075,0.42733,0.24342,0.5,600.0,1.26,0.10109,0.21714,0.62517,0.40076,0.22442,0.6,600.0,1.26,0.088411,0.1975,0.56081,0.36328,0.19752,0.65,600.0,1.26
39,0.38,0.10451,0.22219,0.64362,0.41128,0.23234,0.5,600.0,1.26,0.096275,0.20865,0.59898,0.38488,0.2141,0.6,600.0,1.26,0.083901,0.18942,0.53603,0.34821,0.18782,0.65,600.0,1.26
40,0.39,0.099393,0.21392,0.61717,0.39568,0.22149,0.5,600.0,1.26,0.091584,0.20044,0.57356,0.36952,0.20404,0.6,600.0,1.26,0.079507,0.18162,0.51197,0.33363,0.17833,0.65,600.0,1.26
41,0.4,0.094405,0.20591,0.59137,0.38053,0.21084,0.5,550.0,1.155,0.087033,0.19252,0.54885,0.35465,0.1942,0.6,550.0,1.155,0.075236,0.17409,0.48842,0.31947,0.16896,0.7,550.0,1.155
42,0.41000000000000003,0.089997,0.19861,0.56815,0.36667,0.20148,0.5,550.0,1.155,0.083047,0.18531,0.52669,0.34107,0.18562,0.6,550.0,1.155,0.071585,0.16709,0.46725,0.30624,0.16101,0.7,550.0,1.155
43,0.42,0.085692,0.19152,0.54564,0.35328,0.19237,0.5,550.0,1.155,0.079176,0.17834,0.50534,0.32802,0.17732,0.6,550.0,1.155,0.068059,0.16037,0.44704,0.29366,0.15338,0.7,550.0,1.155
44,0.43,0.081479,0.18463,0.52375,0.34029,0.18347,0.5,550.0,1.155,0.075409,0.17161,0.48468,0.31542,0.16926,0.6,550.0,1.155,0.064642,0.15389,0.42759,0.28159,0.14601,0.7,550.0,1.155
45,0.44,0.077354,0.17794,0.50243,0.32767,0.17476,0.5,550.0,1.155,0.07174,0.16509,0.46466,0.30324,0.16142,0.6,550.0,1.155,0.061325,0.14765,0.40883,0.26996,0.13886,0.7,550.0,1.155
46,0.45,0.07331,0.17144,0.48165,0.3154,0.16624,0.5,550.0,1.155,0.068163,0.15878,0.44524,0.29145,0.15379,0.6,550.0,1.155,0.058103,0.14163,0.3907,0.25877,0.13194,0.7,550.0,1.155
47,0.46,0.069344,0.16511,0.46137,0.30347,0.15789,0.5,550.0,1.155,0.064673,0.15268,0.4264,0.28004,0.14636,0.6,550.0,1.155,0.054968,0.13582,0.37318,0.24797,0.12521,0.7,550.0,1.155
48,0.47000000000000003,0.06545,0.15896,0.44157,0.29186,0.14971,0.5,550.0,1.155,0.061264,0.14677,0.40809,0.26899,0.13911,0.6,550.0,1.155,0.051917,0.13021,0.35622,0.23755,0.11867,0.7,550.0,1.155
49,0.48,0.061623,0.15298,0.42223,0.28056,0.14168,0.5,550.0,1.155,0.057933,0.14104,0.39031,0.25828,0.13203,0.6,550.0,1.155,0.048943,0.12481,0.3398,0.22749,0.11231,0.7,550.0,1.155
50,0.49,0.057859,0.14715,0.40332,0.26954,0.13378,0.5,550.0,1.155,0.054675,0.13549,0.37301,0.24789,0.12512,0.6,550.0,1.155,0.046041,0.11958,0.32388,0.21777,0.10611,0.7,550.0,1.155
51,0.5,0.054153,0.14147,0.38482,0.2588,0.12601,0.5,550.0,1.155,0.051485,0.13012,0.35617,0.23782,0.11835,0.6,550.0,1.155,0.043208,0.11454,0.30844,0.20837,0.10006,0.7,550.0,1.155
52,0.51,0.050502,0.13594,0.36669,0.24833,0.11836,0.5,550.0,1.155,0.048358,0.1249,0.33978,0.22804,0.11173,0.6,550.0,1.155,0.040437,0.10966,0.29344,0.19929,0.094159,0.7,550.0,1.155
53,0.52,0.046898,0.13055,0.34891,0.2381,0.11081,0.5,550.0,1.155,0.04529,0.11984,0.32379,0.21855,0.10524,0.6,550.0,1.155,0.037724,0.10494,0.27887,0.19049,0.088381,0.7,550.0,1.155
54,0.53,0.043338,0.12529,0.33144,0.22811,0.10333,0.5,550.0,1.155,0.042276,0.11493,0.30818,0.20933,0.098854,0.6,550.0,1.155,0.035065,0.10038,0.26469,0.18197,0.082716,0.7,550.0,1.155
55,0.54,0.039814,0.12015,0.31425,0.21833,0.095915,0.5,550.0,1.155,0.03931,0.11017,0.29292,0.20036,0.092569,0.6,550.0,1.155,0.032452,0.095965,0.25086,0.17371,0.077146,0.7,550.0,1.155
56,0.55,0.03632,0.11513,0.29727,0.20875,0.088527,0.5,550.0,1.155,0.036388,0.10553,0.27798,0.19162,0.08636,0.6,550.0,1.155,0.029882,0.091686,0.23735,0.1657,0.071653,0.7,550.0,1.155
57,0.56,0.032847,0.11021,0.28046,0.19933,0.081124,0.5,550.0,1.155,0.033501,0.10102,0.2633,0.1831,0.0802,0.6,550.0,1.155,0.027346,0.087535,0.22411,0.1579,0.066208,0.7,550.0,1.155
58,0.5700000000000001,0.029383,0.10539,0.2637,0.19006,0.07364,0.5,550.0,1.155,0.030642,0.096626,0.24881,0.17477,0.074047,0.6,550.0,1.155,0.024837,0.083503,0.21107,0.1503,0.06077,0.7,550.0,1.155
59,0.58,0.025909,0.10064,0.24681,0.18085,0.065955,0.5,550.0,1.155,0.027799,0.092333,0.23442,0.16659,0.067832,0.6,550.0,1.155,0.022342,0.079576,0.19813,0.14286,0.05527,0.7,550.0,1.155
60,0.59,0.022392,0.095932,0.2294,0.17161,0.057794,0.5,550.0,1.155,0.024951,0.088122,0.21989,0.15849,0.061397,0.6,550.0,1.155,0.019841,0.075734,0.18506,0.1355,0.049555,0.7,550.0,1.155
61,0.6,0.01884,0.091034,0.20941,0.16132,0.048083,2.4,400.0,0.84,0.022114,0.083899,0.20419,0.15001,0.054184,1.5,400.0,0.84,0.017342,0.07187,0.17079,0.12774,0.043053,1.8,400.0,0.84
62,0.61,0.017235,0.084629,0.19145,0.14773,0.043715,2.4,400.0,0.84,0.020622,0.079444,0.19128,0.14081,0.050477,1.5,400.0,0.84,0.016081,0.067646,0.15885,0.11902,0.039831,1.8,400.0,0.84
63,0.62,0.01583,0.07881,0.17662,0.13651,0.040109,2.4,400.0,0.84,0.019249,0.075288,0.18002,0.13282,0.0472,1.5,400.0,0.84,0.014935,0.063735,0.14858,0.11155,0.037032,1.8,400.0,0.84
64,0.63,0.014553,0.073455,0.16347,0.12656,0.036906,2.4,400.0,0.84,0.017957,0.071374,0.16967,0.1255,0.044165,1.5,400.0,0.84,0.013868,0.060079,0.13923,0.10476,0.034471,1.8,400.0,0.84
65,0.64,0.013377,0.068501,0.15156,0.11757,0.033997,2.4,400.0,0.84,0.016731,0.067677,0.16001,0.1187,0.041313,1.5,400.0,0.84,0.012865,0.056648,0.13059,0.098501,0.032088,1.8,400.0,0.84
66,0.65,0.012285,0.063904,0.14066,0.10934,0.031323,2.4,400.0,0.84,0.015562,0.064176,0.15093,0.11232,0.038612,1.5,400.0,0.84,0.011915,0.053421,0.12253,0.09268,0.029852,1.8,400.0,0.84
67,0.66,0.011264,0.05963,0.13062,0.10177,0.028844,2.4,400.0,0.84,0.014442,0.060857,0.14236,0.10632,0.036041,1.5,400.0,0.84,0.011013,0.050382,0.11498,0.08724,0.027741,1.8,400.0,0.84
68,0.67,0.010306,0.05565,0.12132,0.094784,0.026533,2.4,400.0,0.84,0.013365,0.057707,0.13424,0.10065,0.033582,1.5,400.0,0.84,0.010152,0.047516,0.10788,0.08214,0.025737,1.8,400.0,0.84
69,0.68,0.0094018,0.051939,0.11267,0.088306,0.024367,2.4,400.0,0.84,0.012328,0.054714,0.12651,0.095292,0.031222,1.5,400.0,0.84,0.0093277,0.044811,0.10118,0.077347,0.02383,1.8,400.0,0.84
70,0.6900000000000001,0.008546,0.048477,0.10462,0.082288,0.022329,2.4,400.0,0.84,0.011325,0.051869,0.11916,0.090207,0.028949,1.5,400.0,0.84,0.0085362,0.042256,0.094838,0.072833,0.022005,1.8,400.0,0.84
71,0.7000000000000001,0.0077322,0.045244,0.097088,0.076687,0.0204,2.4,400.0,0.84,0.010352,0.049162,0.11213,0.085378,0.026752,1.5,400.0,0.84,0.0077734,0.039841,0.088828,0.068575,0.020254,1.8,400.0,0.84
72,0.71,0.0069554,0.042223,0.090034,0.071466,0.018569,2.4,400.0,0.84,0.0094066,0.046585,0.1054,0.080784,0.024619,1.5,400.0,0.84,0.007036,0.037556,0.083118,0.064552,0.018565,1.8,400.0,0.84
73,0.72,0.0062104,0.039397,0.083408,0.06659,0.016818,2.4,400.0,0.84,0.008484,0.04413,0.098949,0.076409,0.022541,1.5,400.0,0.84,0.0063204,0.035394,0.077677,0.060747,0.01693,1.8,400.0,0.84
74,0.73,0.0054924,0.036753,0.077166,0.06203,0.015136,2.4,400.0,0.84,0.0075806,0.04179,0.092738,0.072234,0.020503,1.5,400.0,0.84,0.0056231,0.033346,0.072479,0.057141,0.015337,1.8,400.0,0.84
75,0.74,0.0047965,0.034277,0.071266,0.05776,0.013507,2.4,400.0,0.84,0.0066925,0.039556,0.086738,0.068245,0.018493,1.5,400.0,0.84,0.0049406,0.031404,0.067494,0.05372,0.013775,1.8,400.0,0.84
76,0.75,0.0041176,0.031955,0.065664,0.053752,0.011912,2.4,400.0,0.84,0.0058151,0.037421,0.080917,0.064424,0.016493,1.5,400.0,0.84,0.0042687,0.029561,0.062692,0.050465,0.012227,1.8,400.0,0.84
77,0.76,0.0034495,0.029776,0.060309,0.049981,0.010329,2.4,400.0,0.84,0.0049429,0.035378,0.075229,0.060753,0.014477,1.5,400.0,0.84,0.0036028,0.027808,0.058035,0.047361,0.010674,1.8,400.0,0.84
78,0.77,0.0027852,0.027726,0.055143,0.046419,0.0087242,2.4,400.0,0.84,0.0040688,0.033418,0.069615,0.057208,0.012408,1.5,400.0,0.84,0.0029369,0.026139,0.053472,0.044386,0.009086,1.8,400.0,0.84
79,0.78,0.0021143,0.025793,0.05007,0.043031,0.0070392,2.4,400.0,0.84,0.0031825,0.031529,0.063974,0.053757,0.010217,1.5,400.0,0.84,0.002262,0.024542,0.04892,0.041513,0.0074067,1.8,400.0,0.84
80,0.79,0.0014186,0.023957,0.044892,0.039757,0.0051351,2.4,400.0,0.84,0.0022647,0.029696,0.058076,0.050334,0.0077419,1.5,400.0,0.84,0.0015622,0.023004,0.044194,0.038688,0.0055053,1.8,400.0,0.84
81,0.8,0.00068792,0.022142,0.038557,0.036175,0.0023824,1.1,7.5,0.01575,0.0013128,0.027835,0.050741,0.04646,0.0042809,0.75,7.5,0.01575,0.00083117,0.021437,0.038259,0.035465,0.002794,0.9,7.5,0.01575
82,0.81,0.00066759,0.021705,0.037403,0.035119,0.0022832,1.1,7.5,0.04815,0.0012858,0.027432,0.049605,0.045447,0.0041578,0.75,7.5,0.04815,0.00081083,0.021077,0.03728,0.034581,0.002699,0.9,7.5,0.04815
83,0.8200000000000001,0.00064859,0.02128,0.036383,0.034185,0.0021982,1.1,7.5,0.04815,0.00126,0.027038,0.048589,0.04454,0.0040483,0.75,7.5,0.04815,0.00079155,0.020726,0.036406,0.03379,0.0026153,0.9,7.5,0.04815
84,0.8300000000000001,0.00063093,0.020867,0.035444,0.03332,0.0021235,1.1,7.5,0.04815,0.0012357,0.026653,0.047645,0.043695,0.00395,0.75,7.5,0.04815,0.00077347,0.020384,0.035595,0.033055,0.0025406,0.9,7.5,0.04815
85,0.84,0.0006143,0.020466,0.03456,0.032505,0.0020554,1.1,7.5,0.04815,0.0012125,0.026275,0.046751,0.042892,0.0038588,0.75,7.5,0.04815,0.00075632,0.020051,0.03483,0.032358,0.0024718,0.9,7.5,0.04815
86,0.85,0.00059851,0.020074,0.03372,0.031728,0.0019922,1.1,7.5,0.04815,0.0011902,0.025906,0.045896,0.042123,0.0037731,0.75,7.5,0.04815,0.00073994,0.019724,0.034099,0.031692,0.0024074,0.9,7.5,0.04815
87,0.86,0.00058347,0.019693,0.032918,0.030985,0.001933,1.1,7.5,0.04815,0.0011688,0.025543,0.045073,0.041382,0.0036919,0.75,7.5,0.04815,0.00072425,0.019405,0.033398,0.031052,0.0023467,0.9,7.5,0.04815
88,0.87,0.00056909,0.019321,0.032149,0.030272,0.0018772,1.1,7.5,0.04815,0.0011481,0.025188,0.04428,0.040666,0.0036145,0.75,7.5,0.04815,0.00070917,0.019092,0.032725,0.030436,0.0022892,0.9,7.5,0.04815
89,0.88,0.00055531,0.018957,0.031411,0.029586,0.0018245,1.1,7.5,0.04815,0.0011282,0.024838,0.043514,0.039973,0.0035406,0.75,7.5,0.04815,0.00069467,0.018786,0.032075,0.029841,0.0022345,0.9,7.5,0.04815
90,0.89,0.0005421,0.018603,0.0307,0.028926,0.0017745,1.1,7.5,0.04815,0.0011089,0.024496,0.042771,0.039301,0.0034697,0.75,7.5,0.04815,0.00068068,0.018486,0.031448,0.029266,0.0021823,0.9,7.5,0.04815
91,0.9,0.00052939,0.018256,0.030015,0.028289,0.001727,1.1,7.5,0.04815,0.0010901,0.024159,0.042052,0.03865,0.0034018,0.75,7.5,0.04815,0.00066718,0.018193,0.030842,0.028709,0.0021325,0.9,7.5,0.04815
92,0.91,0.00051716,0.017917,0.029354,0.027673,0.0016816,1.1,7.5,0.04815,0.001072,0.023828,0.041353,0.038017,0.0033364,0.75,7.5,0.04815,0.00065412,0.017905,0.030255,0.02817,0.0020847,0.9,7.5,0.04815
93,0.92,0.00050538,0.017586,0.028716,0.027077,0.0016384,1.1,7.5,0.04815,0.0010544,0.023503,0.040674,0.0374,0.0032735,0.75,7.5,0.04815,0.00064149,0.017622,0.029686,0.027647,0.0020389,0.9,7.5,0.04815
94,0.93,0.000494,0.017262,0.028097,0.0265,0.001597,1.1,7.5,0.04815,0.0010373,0.023183,0.040013,0.036801,0.0032128,0.75,7.5,0.04815,0.00062926,0.017346,0.029133,0.027139,0.0019949,0.9,7.5,0.04815
95,0.9400000000000001,0.000483,0.016946,0.027498,0.025941,0.0015573,1.1,7.5,0.04815,0.0010206,0.022869,0.03937,0.036216,0.0031541,0.75,7.5,0.04815,0.00061739,0.017074,0.028597,0.026645,0.0019525,0.9,7.5,0.04815
96,0.9500000000000001,0.00047237,0.016636,0.026918,0.025399,0.0015192,1.1,7.5,0.04815,0.0010044,0.02256,0.038743,0.035646,0.0030973,0.75,7.5,0.04815,0.00060588,0.016808,0.028075,0.026164,0.0019117,0.9,7.5,0.04815
97,0.96,0.00046208,0.016332,0.026355,0.024872,0.0014826,1.1,7.5,0.04815,0.00098858,0.022256,0.038131,0.035089,0.0030424,0.75,7.5,0.04815,0.00059469,0.016546,0.027568,0.025696,0.0018723,0.9,7.5,0.04815
98,0.97,0.00045212,0.016036,0.025808,0.02436,0.0014474,1.1,7.5,0.04815,0.00097318,0.021957,0.037535,0.034545,0.0029891,0.75,7.5,0.04815,0.00058382,0.016289,0.027074,0.02524,0.0018342,0.9,7.5,0.04815
99,0.98,0.00044245,0.015745,0.025276,0.023863,0.0014134,1.1,7.5,0.04815,0.00095816,0.021662,0.036952,0.034014,0.0029374,0.75,7.5,0.04815,0.00057325,0.016037,0.026592,0.024795,0.0017973,0.9,7.5,0.04815
100,0.99,0.00043307,0.01546,0.024759,0.023379,0.0013806,1.1,7.5,0.04815,0.00094351,0.021373,0.036382,0.033495,0.0028872,0.75,7.5,0.04815,0.00056295,0.01579,0.026123,0.024361,0.0017617,0.9,7.5,0.04815
101,1.0,0.00042397,0.015182,0.024257,0.022908,0.001349,1.1,7.5,0.04815,0.0009292,0.021088,0.035825,0.032987,0.0028384,0.75,7.5,0.04815,0.00055293,0.015547,0.025665,0.023938,0.0017271,0.9,7.5,0.04815
102,1.01,0.00041513,0.014909,0.023767,0.022449,0.0013184,1.1,7.5,0.04815,0.00091523,0.020807,0.035281,0.03249,0.002791,0.75,7.5,0.04815,0.00054317,0.015308,0.025218,0.023524,0.0016936,0.9,7.5,0.04815
103,1.02,0.00040654,0.014641,0.023291,0.022002,0.0012888,1.1,7.5,0.04815,0.00090158,0.020531,0.034748,0.032003,0.0027448,0.75,7.5,0.04815,0.00053365,0.015074,0.024782,0.023121,0.001661,0.9,7.5,0.04815
104,1.03,0.00039819,0.014379,0.022827,0.021566,0.0012601,1.1,7.5,0.04815,0.00088823,0.020259,0.034226,0.031526,0.0026998,0.75,7.5,0.04815,0.00052437,0.014843,0.024355,0.022726,0.0016294,0.9,7.5,0.04815
105,1.04,0.00039007,0.014123,0.022374,0.021142,0.0012323,1.1,7.5,0.04815,0.00087518,0.019991,0.033715,0.031059,0.002656,0.75,7.5,0.04815,0.00051532,0.014617,0.023939,0.02234,0.0015987,0.9,7.5,0.04815
106,1.05,0.00038216,0.013871,0.021933,0.020727,0.0012054,1.1,7.5,0.04815,0.00086241,0.019728,0.033215,0.030601,0.0026132,0.75,7.5,0.04815,0.00050648,0.014395,0.023532,0.021963,0.0015688,0.9,7.5,0.04815
107,1.06,0.00037447,0.013624,0.021503,0.020323,0.0011793,1.1,7.5,0.04815,0.00084991,0.019468,0.032724,0.030153,0.0025715,0.75,7.5,0.04815,0.00049786,0.014176,0.023134,0.021594,0.0015397,0.9,7.5,0.04815
108,1.07,0.00036697,0.013383,0.021083,0.019929,0.001154,1.1,7.5,0.04815,0.00083768,0.019212,0.032243,0.029712,0.0025308,0.75,7.5,0.04815,0.00048943,0.013961,0.022744,0.021232,0.0015114,0.9,7.5,0.04815
109,1.08,0.00035967,0.013146,0.020673,0.019544,0.0011294,1.1,7.5,0.04815,0.00082571,0.01896,0.031772,0.029281,0.0024911,0.75,7.5,0.04815,0.0004812,0.01375,0.022363,0.020879,0.0014839,0.9,7.5,0.04815
110,1.09,0.00035256,0.012913,0.020273,0.019168,0.0011055,1.1,7.5,0.04815,0.00081398,0.018712,0.031309,0.028857,0.0024522,0.75,7.5,0.04815,0.00047316,0.013542,0.02199,0.020533,0.001457,0.9,7.5,0.04815
111,1.1,0.00034562,0.012686,0.019883,0.018801,0.0010822,1.1,7.5,0.04815,0.0008025,0.018467,0.030856,0.028441,0.0024143,0.75,7.5,0.04815,0.0004653,0.013338,0.021625,0.020194,0.0014308,0.9,7.5,0.04815
112,1.11,0.00033886,0.012462,0.019501,0.018442,0.0010596,1.1,7.5,0.04815,0.00079125,0.018226,0.03041,0.028033,0.0023772,0.75,7.5,0.04815,0.00045762,0.013138,0.021267,0.019862,0.0014053,0.9,7.5,0.04815
113,1.12,0.00033227,0.012243,0.019129,0.018091,0.0010376,1.1,7.5,0.04815,0.00078022,0.017989,0.029974,0.027633,0.0023409,0.75,7.5,0.04815,0.00045011,0.01294,0.020917,0.019536,0.0013804,0.9,7.5,0.04815
114,1.1300000000000001,0.00032584,0.012028,0.018764,0.017748,0.0010163,1.1,7.5,0.04815,0.00076941,0.017755,0.029545,0.027239,0.0023055,0.75,7.5,0.04815,0.00044276,0.012746,0.020574,0.019217,0.001356,0.9,7.5,0.04815
115,1.1400000000000001,0.00031956,0.011818,0.018408,0.017413,0.00099543,1.1,7.5,0.04815,0.00075881,0.017524,0.029123,0.026853,0.0022707,0.75,7.5,0.04815,0.00043558,0.012556,0.020237,0.018905,0.0013323,0.9,7.5,0.04815
116,1.1500000000000001,0.00031344,0.011611,0.018061,0.017085,0.00097516,1.1,7.5,0.04815,0.00074843,0.017297,0.02871,0.026473,0.0022368,0.75,7.5,0.04815,0.00042854,0.012368,0.019908,0.018599,0.0013091,0.9,7.5,0.04815
117,1.16,0.00030746,0.011408,0.01772,0.016765,0.0009554,1.1,7.5,0.04815,0.00073824,0.017073,0.028303,0.0261,0.0022035,0.75,7.5,0.04815,0.00042166,0.012183,0.019585,0.018298,0.0012865,0.9,7.5,0.04815
118,1.17,0.00030162,0.011209,0.017388,0.016451,0.00093615,1.1,7.5,0.04815,0.00072825,0.016852,0.027904,0.025733,0.0021709,0.75,7.5,0.04815,0.00041492,0.012002,0.019268,0.018004,0.0012644,0.9,7.5,0.04815
119,1.18,0.00029592,0.011014,0.017062,0.016145,0.00091739,1.1,7.5,0.04815,0.00071845,0.016635,0.027512,0.025373,0.002139,0.75,7.5,0.04815,0.00040833,0.011823,0.018958,0.017715,0.0012428,0.9,7.5,0.04815
120,1.19,0.00029036,0.010823,0.016744,0.015845,0.00089911,1.1,7.5,0.04815,0.00070883,0.01642,0.027127,0.025019,0.0021078,0.75,7.5,0.04815,0.00040187,0.011648,0.018653,0.017431,0.0012216,0.9,7.5,0.04815
121,1.2,0.00028492,0.010635,0.016432,0.015551,0.00088127,1.1,7.5,0.04815,0.0006994,0.016209,0.026748,0.024671,0.0020771,0.75,7.5,0.04815,0.00039555,0.011475,0.018354,0.017153,0.001201,0.9,7.5,0.04815
122,1.21,0.00027961,0.01045,0.016128,0.015264,0.00086388,1.1,7.5,0.04815,0.00069014,0.016,0.026375,0.024328,0.0020471,0.75,7.5,0.04815,0.00038936,0.011305,0.018061,0.01688,0.0011808,0.9,7.5,0.04815
123,1.22,0.00027442,0.010269,0.015829,0.014982,0.00084692,1.1,7.5,0.04815,0.00068105,0.015795,0.026009,0.023992,0.0020177,0.75,7.5,0.04815,0.00038329,0.011138,0.017774,0.016613,0.001161,0.9,7.5,0.04815
124,1.23,0.00026934,0.010092,0.015537,0.014707,0.00083036,1.1,7.5,0.04815,0.00067214,0.015592,0.025649,0.023661,0.0019889,0.75,7.5,0.04815,0.00037735,0.010973,0.017491,0.01635,0.0011417,0.9,7.5,0.04815
125,1.24,0.00026439,0.0099176,0.015252,0.014437,0.0008142,1.1,7.5,0.04815,0.00066338,0.015393,0.025295,0.023335,0.0019606,0.75,7.5,0.04815,0.00037153,0.010811,0.017215,0.016092,0.0011227,0.9,7.5,0.04815
126,1.25,0.00025954,0.0097466,0.014972,0.014173,0.00079843,1.1,7.5,0.04815,0.00065479,0.015196,0.024947,0.023014,0.0019328,0.75,7.5,0.04815,0.00036583,0.010652,0.016943,0.015839,0.0011042,0.9,7.5,0.04815
127,1.26,0.0002548,0.0095787,0.014698,0.013915,0.00078303,1.1,7.5,0.04815,0.00064635,0.015001,0.024605,0.022699,0.0019056,0.75,7.5,0.04815,0.00036024,0.010495,0.016676,0.01559,0.0010861,0.9,7.5,0.04815
128,1.27,0.00025017,0.0094139,0.01443,0.013662,0.00076799,1.1,7.5,0.04815,0.00063807,0.01481,0.024268,0.022389,0.0018789,0.75,7.5,0.04815,0.00035476,0.01034,0.016414,0.015346,0.0010684,0.9,7.5,0.04815
129,1.28,0.00024564,0.0092521,0.014167,0.013413,0.0007533,1.1,7.5,0.04815,0.00062994,0.014621,0.023937,0.022084,0.0018527,0.75,7.5,0.04815,0.00034939,0.010189,0.016157,0.015106,0.001051,0.9,7.5,0.04815
130,1.29,0.00024121,0.0090932,0.013909,0.01317,0.00073895,1.1,7.5,0.04815,0.00062195,0.014435,0.023611,0.021784,0.001827,0.75,7.5,0.04815,0.00034413,0.010039,0.015905,0.014871,0.001034,0.9,7.5,0.04815
131,1.3,0.00023688,0.0089373,0.013657,0.012932,0.00072493,1.1,7.5,0.04815,0.00061411,0.014251,0.02329,0.021488,0.0018018,0.75,7.5,0.04815,0.00033897,0.0098918,0.015657,0.014639,0.0010173,0.9,7.5,0.04815
132,1.31,0.00023264,0.0087842,0.01341,0.012699,0.00071123,1.1,7.5,0.04815,0.0006064,0.01407,0.022974,0.021197,0.001777,0.75,7.5,0.04815,0.00033391,0.009747,0.015413,0.014412,0.001001,0.9,7.5,0.04815
133,1.32,0.00022849,0.0086339,0.013168,0.01247,0.00069785,1.1,7.5,0.04815,0.00059883,0.013891,0.022664,0.020911,0.0017527,0.75,7.5,0.04815,0.00032895,0.0096045,0.015174,0.014189,0.00098499,0.9,7.5,0.04815
134,1.33,0.00022444,0.0084863,0.012931,0.012246,0.00068476,1.1,7.5,0.04815,0.0005914,0.013715,0.022358,0.020629,0.0017289,0.75,7.5,0.04815,0.00032409,0.0094641,0.014939,0.01397,0.00096932,0.9,7.5,0.04815
135,1.34,0.00022047,0.0083414,0.012698,0.012026,0.00067197,1.1,7.5,0.04815,0.0005841,0.013541,0.022057,0.020352,0.0017054,0.75,7.5,0.04815,0.00031932,0.009326,0.014708,0.013754,0.00095397,0.9,7.5,0.04815
136,1.35,0.00021658,0.0081991,0.012471,0.011811,0.00065947,1.1,7.5,0.04815,0.00057693,0.01337,0.021761,0.020079,0.0016824,0.75,7.5,0.04815,0.00031465,0.00919,0.014481,0.013542,0.00093892,0.9,7.5,0.04815
137,1.36,0.00021279,0.0080594,0.012247,0.0116,0.00064724,1.1,7.5,0.04815,0.00056989,0.0132,0.021469,0.01981,0.0016598,0.75,7.5,0.04815,0.00031006,0.0090561,0.014259,0.013334,0.00092417,0.9,7.5,0.04815
138,1.37,0.00020907,0.0079222,0.012029,0.011393,0.00063529,1.1,7.5,0.04815,0.00056297,0.013034,0.021182,0.019545,0.0016376,0.75,7.5,0.04815,0.00030557,0.0089243,0.01404,0.01313,0.00090971,0.9,7.5,0.04815
139,1.3800000000000001,0.00020543,0.0077874,0.011814,0.01119,0.00062359,1.1,7.5,0.04815,0.00055617,0.012869,0.0209,0.019284,0.0016158,0.75,7.5,0.04815,0.00030116,0.0087945,0.013824,0.012929,0.00089554,0.9,7.5,0.04815
140,1.3900000000000001,0.00020187,0.0076551,0.011604,0.010991,0.00061215,1.1,7.5,0.04815,0.00054949,0.012707,0.020621,0.019027,0.0015944,0.75,7.5,0.04815,0.00029683,0.0086668,0.013613,0.012731,0.00088164,0.9,7.5,0.04815
141,1.4000000000000001,0.00019838,0.0075251,0.011397,0.010796,0.00060096,1.1,7.5,0.04815,0.00054293,0.012546,0.020347,0.018774,0.0015734,0.75,7.5,0.04815,0.00029259,0.008541,0.013405,0.012537,0.00086801,0.9,7.5,0.04815
142,1.41,0.00019497,0.0073974,0.011195,0.010605,0.00059002,1.1,7.5,0.04815,0.00053648,0.012388,0.020077,0.018525,0.0015527,0.75,7.5,0.04815,0.00028843,0.0084171,0.013201,0.012346,0.00085466,0.9,7.5,0.04815
143,1.42,0.00019163,0.007272,0.010997,0.010418,0.00057931,1.1,7.5,0.04815,0.00053015,0.012233,0.019812,0.018279,0.0015324,0.75,7.5,0.04815,0.00028435,0.0082952,0.013,0.012159,0.00084155,0.9,7.5,0.04815
144,1.43,0.00018836,0.0071489,0.010803,0.010234,0.00056883,1.1,7.5,0.04815,0.00052392,0.012079,0.01955,0.018037,0.0015125,0.75,7.5,0.04815,0.00028034,0.0081751,0.012803,0.011974,0.0008287,0.9,7.5,0.04815
145,1.44,0.00018516,0.0070279,0.010612,0.010053,0.00055857,1.1,7.5,0.04815,0.00051781,0.011927,0.019292,0.017799,0.0014929,0.75,7.5,0.04815,0.00027642,0.0080568,0.012609,0.011793,0.00081609,0.9,7.5,0.04815
146,1.45,0.00018202,0.0069091,0.010425,0.0098763,0.00054854,1.1,7.5,0.04815,0.0005118,0.011777,0.019038,0.017564,0.0014736,0.75,7.5,0.04815,0.00027256,0.0079403,0.012418,0.011614,0.00080373,0.9,7.5,0.04815
147,1.46,0.00017895,0.0067924,0.010241,0.0097028,0.00053872,1.1,7.5,0.04815,0.0005059,0.01163,0.018788,0.017333,0.0014547,0.75,7.5,0.04815,0.00026878,0.0078257,0.012231,0.011439,0.0007916,0.9,7.5,0.04815
148,1.47,0.00017595,0.0066777,0.010062,0.0095325,0.0005291,1.1,7.5,0.04815,0.0005001,0.011484,0.018541,0.017105,0.0014361,0.75,7.5,0.04815,0.00026507,0.0077127,0.012046,0.011267,0.0007797,0.9,7.5,0.04815
149,1.48,0.00017301,0.0065651,0.0098851,0.0093654,0.00051969,1.1,7.5,0.04815,0.0004944,0.01134,0.018298,0.016881,0.0014178,0.75,7.5,0.04815,0.00026144,0.0076015,0.011865,0.011097,0.00076803,0.9,7.5,0.04815
150,1.49,0.00017013,0.0064544,0.009712,0.0092015,0.00051048,1.1,7.5,0.04815,0.0004888,0.011198,0.018059,0.016659,0.0013998,0.75,7.5,0.04815,0.00025787,0.007492,0.011687,0.01093,0.00075657,0.9,7.5,0.04815
151,1.5,0.00016731,0.0063457,0.0095421,0.0090407,0.00050146,1.1,7.5,0.04815,0.00048329,0.011058,0.017824,0.016441,0.0013821,0.75,7.5,0.04815,0.00025437,0.0073841,0.011511,0.010766,0.00074534,0.9,7.5,0.04815
152,1.51,0.00016455,0.0062389,0.0093755,0.0088829,0.00049263,1.1,7.5,0.04815,0.00047789,0.01092,0.017591,0.016227,0.0013648,0.75,7.5,0.04815,0.00025093,0.0072779,0.011339,0.010605,0.00073431,0.9,7.5,0.04815
153,1.52,0.00016185,0.006134,0.009212,0.008728,0.00048398,1.1,7.5,0.04815,0.00047258,0.010783,0.017363,0.016015,0.0013477,0.75,7.5,0.04815,0.00024756,0.0071733,0.011169,0.010446,0.00072349,0.9,7.5,0.04815
154,1.53,0.0001592,0.0060309,0.0090516,0.0085761,0.00047552,1.1,7.5,0.04815,0.00046736,0.010649,0.017137,0.015806,0.0013309,0.75,7.5,0.04815,0.00024426,0.0070702,0.011003,0.01029,0.00071287,0.9,7.5,0.04815
155,1.54,0.00015661,0.0059296,0.0088942,0.008427,0.00046723,1.1,7.5,0.04815,0.00046224,0.010516,0.016915,0.0156,0.0013144,0.75,7.5,0.04815,0.00024102,0.0069687,0.010838,0.010136,0.00070245,0.9,7.5,0.04815
156,1.55,0.00015407,0.0058301,0.0087397,0.0082806,0.00045911,1.1,7.5,0.04815,0.0004572,0.010385,0.016696,0.015398,0.0012982,0.75,7.5,0.04815,0.00023784,0.0068687,0.010677,0.0099849,0.00069222,0.9,7.5,0.04815
157,1.56,0.00015158,0.0057323,0.0085882,0.008137,0.00045116,1.1,7.5,0.04815,0.00045225,0.010256,0.01648,0.015198,0.0012823,0.75,7.5,0.04815,0.00023472,0.0067703,0.010518,0.0098362,0.00068218,0.9,7.5,0.04815
158,1.57,0.00014915,0.0056362,0.0084394,0.007996,0.00044338,1.1,7.5,0.04815,0.00044739,0.010128,0.016267,0.015001,0.0012666,0.75,7.5,0.04815,0.00023166,0.0066733,0.010362,0.0096899,0.00067233,0.9,7.5,0.04815
159,1.58,0.00014677,0.0055418,0.0082935,0.0078577,0.00043575,1.1,7.5,0.04815,0.00044262,0.010002,0.016058,0.014806,0.0012512,0.75,7.5,0.04815,0.00022865,0.0065777,0.010209,0.0095459,0.00066267,0.9,7.5,0.04815
160,1.59,0.00014444,0.0054491,0.0081502,0.0077219,0.00042828,1.1,7.5,0.04815,0.00043793,0.0098777,0.015851,0.014615,0.001236,0.75,7.5,0.04815,0.00022571,0.0064836,0.010057,0.0094043,0.00065317,0.9,7.5,0.04815
161,1.6,0.00014215,0.0053579,0.0080095,0.0075886,0.00042097,1.1,7.5,0.04815,0.00043333,0.009755,0.015647,0.014426,0.0012211,0.75,7.5,0.04815,0.00022282,0.0063909,0.0099088,0.0092649,0.00064386,0.9,7.5,0.04815
162,1.61,0.00013992,0.0052683,0.0078715,0.0074577,0.0004138,1.1,7.5,0.04815,0.0004288,0.0096339,0.015447,0.01424,0.0012065,0.75,7.5,0.04815,0.00021999,0.0062995,0.0097625,0.0091278,0.00063472,0.9,7.5,0.04815
163,1.62,0.00013773,0.0051803,0.007736,0.0073292,0.00040679,1.1,7.5,0.04815,0.00042436,0.0095143,0.015249,0.014057,0.0011921,0.75,7.5,0.04815,0.00021721,0.0062096,0.0096185,0.0089928,0.00062574,0.9,7.5,0.04815
164,1.6300000000000001,0.00013559,0.0050938,0.007603,0.0072031,0.00039991,1.1,7.5,0.04815,0.00042,0.0093964,0.015054,0.013876,0.0011779,0.75,7.5,0.04815,0.00021449,0.0061209,0.0094769,0.00886,0.00061693,0.9,7.5,0.04815
165,1.6400000000000001,0.00013349,0.0050088,0.0074725,0.0070793,0.00039318,1.1,7.5,0.04815,0.00041572,0.0092799,0.014861,0.013697,0.001164,0.75,7.5,0.04815,0.00021182,0.0060336,0.0093375,0.0087293,0.00060829,0.9,7.5,0.04815
166,1.6500000000000001,0.00013143,0.0049253,0.0073443,0.0069577,0.00038658,1.1,7.5,0.04815,0.00041151,0.009165,0.014672,0.013521,0.0011503,0.75,7.5,0.04815,0.0002092,0.0059476,0.0092004,0.0086006,0.0005998,0.9,7.5,0.04815
167,1.6600000000000001,0.00012942,0.0048432,0.0072185,0.0068384,0.00038012,1.1,7.5,0.04815,0.00040738,0.0090515,0.014485,0.013348,0.0011368,0.75,7.5,0.04815,0.00020663,0.0058629,0.0090655,0.008474,0.00059147,0.9,7.5,0.04815
168,1.67,0.00012746,0.0047625,0.007095,0.0067212,0.00037379,1.1,7.5,0.04815,0.00040333,0.0089396,0.014301,0.013177,0.0011236,0.75,7.5,0.04815,0.00020411,0.0057794,0.0089327,0.0083494,0.00058329,0.9,7.5,0.04815
169,1.68,0.00012553,0.0046832,0.0069737,0.0066061,0.00036759,1.1,7.5,0.04815,0.00039935,0.008829,0.014119,0.013008,0.0011106,0.75,7.5,0.04815,0.00020164,0.0056971,0.008802,0.0082267,0.00057526,0.9,7.5,0.04815
170,1.69,0.00012365,0.0046052,0.0068546,0.0064931,0.00036152,1.1,7.5,0.04815,0.00039544,0.0087199,0.01394,0.012842,0.0010978,0.75,7.5,0.04815,0.00019922,0.0056161,0.0086733,0.008106,0.00056738,0.9,7.5,0.04815
171,1.7,0.0001218,0.0045286,0.0067377,0.0063822,0.00035557,1.1,7.5,0.04815,0.00039161,0.0086122,0.013763,0.012678,0.0010852,0.75,7.5,0.04815,0.00019685,0.0055362,0.0085468,0.0079871,0.00055964,0.9,7.5,0.04815
172,1.71,0.00011999,0.0044534,0.0066229,0.0062732,0.00034974,1.1,7.5,0.04815,0.00038785,0.0085059,0.013589,0.012516,0.0010728,0.75,7.5,0.04815,0.00019452,0.0054575,0.0084222,0.0078701,0.00055205,0.9,7.5,0.04815
173,1.72,0.00011823,0.0043794,0.0065102,0.0061662,0.00034403,1.1,7.5,0.04815,0.00038415,0.0084009,0.013417,0.012357,0.0010607,0.75,7.5,0.04815,0.00019225,0.00538,0.0082996,0.007755,0.0005446,0.9,7.5,0.04815
174,1.73,0.0001165,0.0043066,0.0063995,0.0060611,0.00033844,1.1,7.5,0.04815,0.00038053,0.0082973,0.013248,0.012199,0.0010487,0.75,7.5,0.04815,0.00019001,0.0053037,0.0081789,0.0076416,0.00053728,0.9,7.5,0.04815
175,1.74,0.00011481,0.0042352,0.0062909,0.0059579,0.00033295,1.1,7.5,0.04815,0.00037698,0.0081951,0.013081,0.012044,0.001037,0.75,7.5,0.04815,0.00018783,0.0052284,0.0080601,0.00753,0.0005301,0.9,7.5,0.04815
176,1.75,0.00011315,0.0041649,0.0061841,0.0058566,0.00032759,1.1,7.5,0.04815,0.00037349,0.0080941,0.012916,0.011891,0.0010254,0.75,7.5,0.04815,0.00018568,0.0051543,0.0079431,0.0074201,0.00052306,0.9,7.5,0.04815
177,1.76,0.00011154,0.0040958,0.0060793,0.005757,0.00032233,1.1,7.5,0.04815,0.00037008,0.0079945,0.012754,0.01174,0.0010141,0.75,7.5,0.04815,0.00018358,0.0050812,0.0078281,0.0073119,0.00051614,0.9,7.5,0.04815
178,1.77,0.00010995,0.004028,0.0059764,0.0056592,0.00031718,1.1,7.5,0.04815,0.00036672,0.0078961,0.012594,0.011591,0.0010029,0.75,7.5,0.04815,0.00018153,0.0050092,0.0077148,0.0072054,0.00050935,0.9,7.5,0.04815
179,1.78,0.0001084,0.0039612,0.0058753,0.0055632,0.00031213,1.1,7.5,0.04815,0.00036344,0.0077989,0.012436,0.011444,0.00099194,0.75,7.5,0.04815,0.00017951,0.0049383,0.0076032,0.0071006,0.00050269,0.9,7.5,0.04815
180,1.79,0.00010689,0.0038956,0.0057761,0.0054689,0.00030719,1.1,7.5,0.04815,0.00036021,0.007703,0.01228,0.011299,0.00098115,0.75,7.5,0.04815,0.00017754,0.0048684,0.0074935,0.0069973,0.00049615,0.9,7.5,0.04815
181,1.8,0.00010541,0.0038312,0.0056786,0.0053762,0.00030235,1.1,7.5,0.04815,0.00035705,0.0076084,0.012127,0.011156,0.00097056,0.75,7.5,0.04815,0.00017561,0.0047996,0.0073854,0.0068956,0.00048973,0.9,7.5,0.04815
182,1.81,0.00010396,0.0037678,0.0055828,0.0052852,0.00029761,1.1,7.5,0.04815,0.00035396,0.0075149,0.011975,0.011015,0.00096014,0.75,7.5,0.04815,0.00017372,0.0047317,0.007279,0.0067955,0.00048344,0.9,7.5,0.04815
183,1.82,0.00010255,0.0037055,0.0054888,0.0051958,0.00029297,1.1,7.5,0.04815,0.00035093,0.0074226,0.011826,0.010876,0.0009499,0.75,7.5,0.04815,0.00017187,0.0046648,0.0071743,0.006697,0.00047726,0.9,7.5,0.04815
184,1.83,0.00010117,0.0036442,0.0053964,0.005108,0.00028842,1.1,7.5,0.04815,0.00034796,0.0073315,0.011679,0.010739,0.00093984,0.75,7.5,0.04815,0.00017006,0.0045989,0.0070711,0.0065999,0.0004712,0.9,7.5,0.04815
185,1.84,9.9816e-05,0.003584,0.0053057,0.0050217,0.00028396,1.1,7.5,0.04815,0.00034504,0.0072416,0.011533,0.010603,0.00092996,0.75,7.5,0.04815,0.00016829,0.004534,0.0069696,0.0065044,0.00046525,0.9,7.5,0.04815
186,1.85,9.8497e-05,0.0035248,0.0052166,0.004937,0.0002796,1.1,7.5,0.04815,0.00034219,0.0071528,0.01139,0.01047,0.00092024,0.75,7.5,0.04815,0.00016656,0.00447,0.0068697,0.0064102,0.00045942,0.9,7.5,0.04815
187,1.86,9.7208e-05,0.0034666,0.005129,0.0048537,0.00027533,1.1,7.5,0.04815,0.00033941,0.0070651,0.011249,0.010338,0.0009107,0.75,7.5,0.04815,0.00016487,0.0044069,0.0067713,0.0063176,0.00045369,0.9,7.5,0.04815
188,1.87,9.5949e-05,0.0034094,0.0050431,0.0047719,0.00027115,1.1,7.5,0.04815,0.00033667,0.0069786,0.011109,0.010208,0.00090133,0.75,7.5,0.04815,0.00016321,0.0043448,0.0066744,0.0062263,0.00044808,0.9,7.5,0.04815
189,1.8800000000000001,9.472e-05,0.0033532,0.0049586,0.0046915,0.00026706,1.1,7.5,0.04815,0.000334,0.0068931,0.010972,0.01008,0.00089212,0.75,7.5,0.04815,0.00016159,0.0042835,0.006579,0.0061364,0.00044257,0.9,7.5,0.04815
190,1.8900000000000001,9.3521e-05,0.0032979,0.0048756,0.0046126,0.00026305,1.1,7.5,0.04815,0.00033139,0.0068087,0.010836,0.0099531,0.00088307,0.75,7.5,0.04815,0.00016001,0.0042232,0.0064851,0.0060479,0.00043717,0.9,7.5,0.04815
191,1.9000000000000001,9.2349e-05,0.0032436,0.0047941,0.004535,0.00025913,1.1,7.5,0.04815,0.00032883,0.0067254,0.010702,0.0098282,0.00087419,0.75,7.5,0.04815,0.00015847,0.0041637,0.0063926,0.0059607,0.00043188,0.9,7.5,0.04815
192,1.9100000000000001,9.1207e-05,0.0031901,0.0047141,0.0044588,0.00025529,1.1,7.5,0.04815,0.00032633,0.0066431,0.01057,0.009705,0.00086547,0.75,7.5,0.04815,0.00015696,0.0041051,0.0063016,0.0058749,0.00042668,0.9,7.5,0.04815
193,1.92,9.0092e-05,0.0031376,0.0046355,0.0043839,0.00025153,1.1,7.5,0.04815,0.00032388,0.0065619,0.01044,0.0095834,0.0008569,0.75,7.5,0.04815,0.00015549,0.0040473,0.0062119,0.0057903,0.00042159,0.9,7.5,0.04815
194,1.93,8.9005e-05,0.003086,0.0045582,0.0043103,0.00024785,1.1,7.5,0.04815,0.0003215,0.0064817,0.010312,0.0094634,0.00084849,0.75,7.5,0.04815,0.00015405,0.0039904,0.0061236,0.0057071,0.0004166,0.9,7.5,0.04815
195,1.94,8.7946e-05,0.0030352,0.0044823,0.0042381,0.00024424,1.1,7.5,0.04815,0.00031916,0.0064025,0.010185,0.009345,0.00084023,0.75,7.5,0.04815,0.00015264,0.0039343,0.0060367,0.005625,0.0004117,0.9,7.5,0.04815
196,1.95,8.6913e-05,0.0029853,0.0044077,0.004167,0.00024072,1.1,7.5,0.04815,0.00031688,0.0063244,0.01006,0.0092281,0.00083212,0.75,7.5,0.04815,0.00015128,0.003879,0.0059511,0.0055442,0.00040691,0.9,7.5,0.04815
197,1.96,8.5907e-05,0.0029362,0.0043345,0.0040972,0.00023728,1.1,7.5,0.04815,0.00031466,0.0062471,0.009937,0.0091129,0.00082417,0.75,7.5,0.04815,0.00014994,0.0038245,0.0058669,0.0054647,0.00040221,0.9,7.5,0.04815
198,1.97,8.4926e-05,0.0028879,0.0042625,0.0040286,0.0002339,1.1,7.5,0.04815,0.00031249,0.0061709,0.0098154,0.0089991,0.00081636,0.75,7.5,0.04815,0.00014864,0.0037707,0.0057839,0.0053863,0.0003976,0.9,7.5,0.04815
199,1.98,8.3972e-05,0.0028405,0.0041918,0.0039612,0.0002306,1.1,7.5,0.04815,0.00031037,0.0060956,0.0096955,0.0088868,0.0008087,0.75,7.5,0.04815,0.00014737,0.0037178,0.0057022,0.0053091,0.00039309,0.9,7.5,0.04815
200,1.99,8.3043e-05,0.0027938,0.0041224,0.003895,0.00022738,1.1,7.5,0.04815,0.00030831,0.0060213,0.0095772,0.008776,0.00080118,0.75,7.5,0.04815,0.00014614,0.0036656,0.0056217,0.005233,0.00038866,0.9,7.5,0.04815
201,2.0,8.2139e-05,0.0027479,0.0040541,0.0038299,0.00022423,1.1,7.5,0.04815,0.00030629,0.0059479,0.0094605,0.0086667,0.00079381,0.75,7.5,0.04815,0.00014493,0.0036142,0.0055424,0.0051581,0.00038434,0.9,7.5,0.04815
202,2.0100000000000002,8.126e-05,0.0027028,0.0039871,0.0037659,0.00022114,1.1,7.5,0.04815,0.00030433,0.0058755,0.0093454,0.0085588,0.00078658,0.75,7.5,0.04815,0.00014376,0.0035635,0.0054644,0.0050843,0.0003801,0.9,7.5,0.04815
203,2.02,8.0406e-05,0.0026585,0.0039212,0.0037031,0.00021813,1.1,7.5,0.04815,0.00030242,0.0058039,0.0092318,0.0084523,0.00077949,0.75,7.5,0.04815,0.00014262,0.0035135,0.0053876,0.0050116,0.00037594,0.9,7.5,0.04815
204,2.0300000000000002,7.9575e-05,0.0026149,0.0038565,0.0036413,0.00021518,1.1,7.5,0.04815,0.00030057,0.0057332,0.0091198,0.0083472,0.00077254,0.75,7.5,0.04815,0.00014152,0.0034643,0.0053119,0.00494,0.00037188,0.9,7.5,0.04815
205,2.04,7.8769e-05,0.002572,0.0037929,0.0035806,0.0002123,1.1,7.5,0.04815,0.00029876,0.0056635,0.0090092,0.0082435,0.00076572,0.75,7.5,0.04815,0.00014044,0.0034158,0.0052374,0.0048695,0.0003679,0.9,7.5,0.04815
206,2.05,7.7987e-05,0.0025299,0.0037305,0.003521,0.00020949,1.1,7.5,0.04815,0.000297,0.0055945,0.0089002,0.0081412,0.00075904,0.75,7.5,0.04815,0.0001394,0.0033679,0.005164,0.0048,0.00036401,0.9,7.5,0.04815
207,2.06,7.7228e-05,0.0024884,0.0036691,0.0034623,0.00020674,1.1,7.5,0.04815,0.00029529,0.0055265,0.0087926,0.0080401,0.0007525,0.75,7.5,0.04815,0.00013839,0.0033208,0.0050918,0.0047316,0.0003602,0.9,7.5,0.04815
208,2.07,7.6492e-05,0.0024476,0.0036088,0.0034047,0.00020406,1.1,7.5,0.04815,0.00029364,0.0054593,0.0086865,0.0079404,0.00074609,0.75,7.5,0.04815,0.0001374,0.0032743,0.0050206,0.0046641,0.00035647,0.9,7.5,0.04815
209,2.08,7.5779e-05,0.0024076,0.0035495,0.0033481,0.00020144,1.1,7.5,0.04815,0.00029203,0.005393,0.0085818,0.007842,0.00073981,0.75,7.5,0.04815,0.00013645,0.0032285,0.0049505,0.0045977,0.00035283,0.9,7.5,0.04815
210,2.09,7.5089e-05,0.0023681,0.0034913,0.0032924,0.00019888,1.1,7.5,0.04815,0.00029047,0.0053274,0.0084786,0.0077449,0.00073366,0.75,7.5,0.04815,0.00013553,0.0031833,0.0048815,0.0045322,0.00034927,0.9,7.5,0.04815
211,2.1,7.4421e-05,0.0023294,0.0034341,0.0032377,0.00019638,1.1,7.5,0.04815,0.00028896,0.0052627,0.0083767,0.0076491,0.00072765,0.75,7.5,0.04815,0.00013464,0.0031388,0.0048135,0.0044678,0.00034579,0.9,7.5,0.04815
212,2.11,7.3776e-05,0.0022913,0.0033779,0.0031839,0.00019395,1.1,7.5,0.04815,0.0002875,0.0051988,0.0082762,0.0075545,0.00072176,0.75,7.5,0.04815,0.00013378,0.0030949,0.0047466,0.0044042,0.00034239,0.9,7.5,0.04815
213,2.12,7.3153e-05,0.0022538,0.0033227,0.0031311,0.00019157,1.1,7.5,0.04815,0.00028609,0.0051357,0.0081771,0.0074611,0.00071599,0.75,7.5,0.04815,0.00013295,0.0030517,0.0046807,0.0043417,0.00033907,0.9,7.5,0.04815
214,2.13,7.2552e-05,0.002217,0.0032684,0.0030791,0.00018926,1.1,7.5,0.04815,0.00028473,0.0050734,0.0080792,0.0073689,0.00071036,0.75,7.5,0.04815,0.00013214,0.0030091,0.0046158,0.00428,0.00033582,0.9,7.5,0.04815
215,2.14,7.1973e-05,0.0021807,0.0032151,0.0030281,0.000187,1.1,7.5,0.04815,0.00028341,0.0050119,0.0079828,0.0072779,0.00070485,0.75,7.5,0.04815,0.00013137,0.002967,0.0045519,0.0042192,0.00033266,0.9,7.5,0.04815
216,2.15,7.1415e-05,0.0021451,0.0031627,0.0029779,0.0001848,1.1,7.5,0.04815,0.00028214,0.0049511,0.0078876,0.0071881,0.00069946,0.75,7.5,0.04815,0.00013062,0.0029256,0.0044889,0.0041594,0.00032957,0.9,7.5,0.04815
217,2.16,7.0878e-05,0.0021101,0.0031112,0.0029286,0.00018266,1.1,7.5,0.04815,0.00028092,0.0048911,0.0077937,0.0070995,0.0006942,0.75,7.5,0.04815,0.00012991,0.0028848,0.004427,0.0041004,0.00032655,0.9,7.5,0.04815
218,2.17,7.0363e-05,0.0020756,0.0030607,0.0028801,0.00018057,1.1,7.5,0.04815,0.00027974,0.0048318,0.007701,0.007012,0.00068906,0.75,7.5,0.04815,0.00012922,0.0028445,0.0043659,0.0040423,0.00032361,0.9,7.5,0.04815
219,2.18,6.9869e-05,0.0020417,0.003011,0.0028324,0.00017854,1.1,7.5,0.04815,0.00027861,0.0047733,0.0076096,0.0069256,0.00068404,0.75,7.5,0.04815,0.00012856,0.0028049,0.0043058,0.003985,0.00032075,0.9,7.5,0.04815
220,2.19,6.9395e-05,0.0020084,0.0029621,0.0027856,0.00017657,1.1,7.5,0.04815,0.00027753,0.0047155,0.0075195,0.0068403,0.00067914,0.75,7.5,0.04815,0.00012793,0.0027658,0.0042466,0.0039286,0.00031796,0.9,7.5,0.04815
221,2.2,6.8943e-05,0.0019756,0.0029142,0.0027395,0.00017465,1.1,7.5,0.04815,0.0002765,0.0046584,0.0074305,0.0067562,0.00067436,0.75,7.5,0.04815,0.00012733,0.0027272,0.0041883,0.0038731,0.00031524,0.9,7.5,0.04815
222,2.21,6.8511e-05,0.0019434,0.002867,0.0026943,0.00017278,1.1,7.5,0.04815,0.00027551,0.004602,0.0073428,0.0066731,0.00066971,0.75,7.5,0.04815,0.00012676,0.0026892,0.0041309,0.0038183,0.0003126,0.9,7.5,0.04815
223,2.22,6.81e-05,0.0019117,0.0028207,0.0026498,0.00017097,1.1,7.5,0.04815,0.00027457,0.0045463,0.0072563,0.0065911,0.00066516,0.75,7.5,0.04815,0.00012621,0.0026518,0.0040744,0.0037643,0.00031003,0.9,7.5,0.04815
224,2.23,6.7709e-05,0.0018805,0.0027752,0.002606,0.00016921,1.1,7.5,0.04815,0.00027367,0.0044913,0.0071709,0.0065102,0.00066074,0.75,7.5,0.04815,0.00012569,0.0026148,0.0040187,0.0037112,0.00030753,0.9,7.5,0.04815
225,2.24,6.7338e-05,0.0018499,0.0027305,0.002563,0.00016751,1.1,7.5,0.04815,0.00027282,0.004437,0.0070867,0.0064302,0.00065644,0.75,7.5,0.04815,0.0001252,0.0025784,0.0039639,0.0036588,0.0003051,0.9,7.5,0.04815
226,2.25,6.6988e-05,0.0018197,0.0026866,0.0025207,0.00016585,1.1,7.5,0.04815,0.00027202,0.0043834,0.0070036,0.0063514,0.00065225,0.75,7.5,0.04815,0.00012474,0.0025425,0.0039099,0.0036071,0.00030274,0.9,7.5,0.04815
227,2.2600000000000002,6.6658e-05,0.0017901,0.0026434,0.0024792,0.00016425,1.1,7.5,0.04815,0.00027126,0.0043304,0.0069217,0.0062735,0.00064817,0.75,7.5,0.04815,0.00012431,0.0025072,0.0038567,0.0035563,0.00030045,0.9,7.5,0.04815
228,2.27,6.6348e-05,0.0017609,0.002601,0.0024383,0.0001627,1.1,7.5,0.04815,0.00027054,0.0042781,0.0068408,0.0061966,0.00064421,0.75,7.5,0.04815,0.0001239,0.0024723,0.0038044,0.0035061,0.00029823,0.9,7.5,0.04815
229,2.2800000000000002,6.6058e-05,0.0017323,0.0025594,0.0023982,0.0001612,1.1,7.5,0.04815,0.00026988,0.0042265,0.0067611,0.0061207,0.00064037,0.75,7.5,0.04815,0.00012352,0.0024379,0.0037528,0.0034567,0.00029608,0.9,7.5,0.04815
230,2.29,6.5788e-05,0.0017041,0.0025184,0.0023587,0.00015975,1.1,7.5,0.04815,0.00026926,0.0041754,0.0066825,0.0060458,0.00063664,0.75,7.5,0.04815,0.00012317,0.002404,0.0037021,0.0034081,0.000294,0.9,7.5,0.04815
231,2.3000000000000003,6.5538e-05,0.0016764,0.0024782,0.0023199,0.00015835,1.1,7.5,0.04815,0.00026868,0.004125,0.0066049,0.0059719,0.00063302,0.75,7.5,0.04815,0.00012284,0.0023706,0.0036521,0.0033601,0.00029199,0.9,7.5,0.04815
232,2.31,6.5308e-05,0.0016491,0.0024387,0.0022817,0.000157,1.1,7.5,0.04815,0.00026815,0.0040753,0.0065284,0.0058989,0.00062952,0.75,7.5,0.04815,0.00012254,0.0023377,0.0036029,0.0033128,0.00029005,0.9,7.5,0.04815
233,2.32,6.5097e-05,0.0016223,0.0023999,0.0022442,0.0001557,1.1,7.5,0.04815,0.00026766,0.0040261,0.0064529,0.0058268,0.00062613,0.75,7.5,0.04815,0.00012228,0.0023052,0.0035544,0.0032663,0.00028817,0.9,7.5,0.04815
234,2.33,6.4907e-05,0.0015959,0.0023618,0.0022073,0.00015445,1.1,7.5,0.04815,0.00026722,0.0039775,0.0063785,0.0057556,0.00062285,0.75,7.5,0.04815,0.00012203,0.0022732,0.0035067,0.0032204,0.00028636,0.9,7.5,0.04815
235,2.34,6.4736e-05,0.0015699,0.0023243,0.0021711,0.00015324,1.1,7.5,0.04815,0.00026683,0.0039296,0.0063051,0.0056854,0.00061969,0.75,7.5,0.04815,0.00012182,0.0022416,0.0034598,0.0031751,0.00028462,0.9,7.5,0.04815
236,2.35,6.4585e-05,0.0015444,0.0022875,0.0021354,0.00015209,1.1,7.5,0.04815,0.00026648,0.0038822,0.0062326,0.005616,0.00061663,0.75,7.5,0.04815,0.00012163,0.0022105,0.0034135,0.0031306,0.00028295,0.9,7.5,0.04815
237,2.36,6.4453e-05,0.0015193,0.0022514,0.0021004,0.00015098,1.1,7.5,0.04815,0.00026617,0.0038355,0.0061612,0.0055475,0.00061369,0.75,7.5,0.04815,0.00012147,0.0021799,0.003368,0.0030866,0.00028134,0.9,7.5,0.04815
238,2.37,6.4342e-05,0.0014947,0.0022158,0.0020659,0.00014993,1.1,7.5,0.04815,0.00026591,0.0037893,0.0060908,0.0054799,0.00061086,0.75,7.5,0.04815,0.00012134,0.0021496,0.0033232,0.0030433,0.00027981,0.9,7.5,0.04815
239,2.38,6.425e-05,0.0014704,0.002181,0.002032,0.00014892,1.1,7.5,0.04815,0.0002657,0.0037436,0.0060213,0.0054132,0.00060814,0.75,7.5,0.04815,0.00012123,0.0021198,0.003279,0.0030007,0.00027834,0.9,7.5,0.04815
240,2.39,6.4178e-05,0.0014465,0.0021467,0.0019987,0.00014796,1.1,7.5,0.04815,0.00026553,0.0036986,0.0059529,0.0053473,0.00060554,0.75,7.5,0.04815,0.00012115,0.0020904,0.0032356,0.0029587,0.00027693,0.9,7.5,0.04815
241,2.4,6.4126e-05,0.001423,0.002113,0.001966,0.00014704,1.1,7.5,0.04815,0.00026541,0.0036541,0.0058853,0.0052823,0.00060304,0.75,7.5,0.04815,0.0001211,0.0020614,0.0031928,0.0029172,0.00027559,0.9,7.5,0.04815
242,2.41,6.4094e-05,0.0013999,0.00208,0.0019338,0.00014618,1.1,7.5,0.04815,0.00026533,0.0036101,0.0058187,0.0052181,0.00060066,0.75,7.5,0.04815,0.00012108,0.0020329,0.0031507,0.0028764,0.00027432,0.9,7.5,0.04815
243,2.42,6.4081e-05,0.0013772,0.0020475,0.0019021,0.00014536,1.1,7.5,0.04815,0.0002653,0.0035667,0.0057531,0.0051547,0.00059838,0.75,7.5,0.04815,0.00012108,0.0020047,0.0031093,0.0028362,0.00027312,0.9,7.5,0.04815
244,2.43,6.4089e-05,0.0013549,0.0020156,0.001871,0.00014459,1.1,7.5,0.04815,0.00026531,0.0035238,0.0056883,0.0050921,0.00059622,0.75,7.5,0.04815,0.00012111,0.001977,0.0030685,0.0027965,0.00027198,0.9,7.5,0.04815
245,2.44,6.4117e-05,0.0013329,0.0019843,0.0018404,0.00014387,1.1,7.5,0.04815,0.00026538,0.0034815,0.0056244,0.0050303,0.00059417,0.75,7.5,0.04815,0.00012117,0.0019496,0.0030283,0.0027574,0.00027091,0.9,7.5,0.04815
246,2.45,6.4165e-05,0.0013113,0.0019535,0.0018103,0.00014319,1.1,7.5,0.04815,0.00026548,0.0034396,0.0055615,0.0049692,0.00059224,0.75,7.5,0.04815,0.00012126,0.0019226,0.0029888,0.0027189,0.00026991,0.9,7.5,0.04815
247,2.46,6.4234e-05,0.0012901,0.0019233,0.0017808,0.00014257,1.1,7.5,0.04815,0.00026563,0.0033983,0.0054994,0.004909,0.00059041,0.75,7.5,0.04815,0.00012138,0.001896,0.0029499,0.002681,0.00026897,0.9,7.5,0.04815
248,2.47,6.4322e-05,0.0012692,0.0018937,0.0017517,0.00014199,1.1,7.5,0.04815,0.00026583,0.0033575,0.0054382,0.0048495,0.0005887,0.75,7.5,0.04815,0.00012152,0.0018698,0.0029117,0.0026436,0.0002681,0.9,7.5,0.04815
249,2.48,6.4431e-05,0.0012486,0.0018645,0.0017231,0.00014146,1.1,7.5,0.04815,0.00026608,0.0033172,0.0053779,0.0047908,0.0005871,0.75,7.5,0.04815,0.0001217,0.0018439,0.002874,0.0026067,0.0002673,0.9,7.5,0.04815
250,2.49,6.4561e-05,0.0012284,0.0018359,0.001695,0.00014098,1.1,7.5,0.04815,0.00026637,0.0032774,0.0053184,0.0047328,0.00058561,0.75,7.5,0.04815,0.0001219,0.0018184,0.0028369,0.0025704,0.00026657,0.9,7.5,0.04815
251,2.5,6.4711e-05,0.0012085,0.0018079,0.0016673,0.00014055,1.1,7.5,0.04815,0.00026671,0.003238,0.0052598,0.0046756,0.00058423,0.75,7.5,0.04815,0.00012213,0.0017933,0.0028005,0.0025346,0.0002659,0.9,7.5,0.04815
252,2.5100000000000002,6.4883e-05,0.0011889,0.0017803,0.0016401,0.00014016,1.1,7.5,0.04815,0.0002671,0.0031992,0.0052021,0.0046191,0.00058298,0.75,7.5,0.04815,0.00012239,0.0017685,0.0027646,0.0024993,0.00026531,0.9,7.5,0.04815
253,2.52,6.5075e-05,0.0011697,0.0017532,0.0016134,0.00013983,1.1,7.5,0.04815,0.00026753,0.0031608,0.0051451,0.0045633,0.00058183,0.75,7.5,0.04815,0.00012267,0.0017441,0.0027293,0.0024645,0.00026478,0.9,7.5,0.04815
254,2.5300000000000002,6.5289e-05,0.0011508,0.0017267,0.0015871,0.00013954,1.1,7.5,0.04815,0.00026802,0.003123,0.005089,0.0045082,0.0005808,0.75,7.5,0.04815,0.00012299,0.00172,0.0026946,0.0024302,0.00026432,0.9,7.5,0.04815
255,2.54,6.5524e-05,0.0011321,0.0017006,0.0015613,0.00013931,1.1,7.5,0.04815,0.00026855,0.0030855,0.0050337,0.0044538,0.00057989,0.75,7.5,0.04815,0.00012334,0.0016963,0.0026604,0.0023965,0.00026393,0.9,7.5,0.04815
256,2.5500000000000003,6.5781e-05,0.0011138,0.001675,0.0015359,0.00013912,1.1,7.5,0.04815,0.00026913,0.0030486,0.0049792,0.0044001,0.00057909,0.75,7.5,0.04815,0.00012371,0.0016729,0.0026268,0.0023632,0.00026361,0.9,7.5,0.04815
257,2.56,6.6059e-05,0.0010958,0.0016499,0.0015109,0.00013898,1.1,7.5,0.04815,0.00026976,0.0030121,0.0049255,0.0043471,0.00057841,0.75,7.5,0.04815,0.00012412,0.0016498,0.0025937,0.0023304,0.00026337,0.9,7.5,0.04815
258,2.57,6.636e-05,0.0010781,0.0016253,0.0014864,0.0001389,1.1,7.5,0.04815,0.00027043,0.002976,0.0048726,0.0042948,0.00057785,0.75,7.5,0.04815,0.00012455,0.001627,0.0025612,0.002298,0.00026319,0.9,7.5,0.04815
259,2.58,6.6683e-05,0.0010607,0.0016011,0.0014622,0.00013887,1.1,7.5,0.04815,0.00027116,0.0029404,0.0048205,0.0042431,0.00057741,0.75,7.5,0.04815,0.00012502,0.0016046,0.0025292,0.0022662,0.00026309,0.9,7.5,0.04815
260,2.59,6.7028e-05,0.0010436,0.0015774,0.0014385,0.00013889,1.1,7.5,0.04815,0.00027194,0.0029052,0.0047691,0.004192,0.00057709,0.75,7.5,0.04815,0.00012552,0.0015825,0.0024978,0.0022348,0.00026306,0.9,7.5,0.04815
261,2.6,6.7396e-05,0.0010267,0.0015541,0.0014151,0.00013896,1.1,7.5,0.04815,0.00027276,0.0028705,0.0047186,0.0041417,0.00057689,0.75,7.5,0.04815,0.00012604,0.0015607,0.0024669,0.0022038,0.0002631,0.9,7.5,0.04815
262,2.61,6.7788e-05,0.0010101,0.0015313,0.0013922,0.00013909,1.1,7.5,0.04815,0.00027364,0.0028361,0.0046687,0.0040919,0.00057681,0.75,7.5,0.04815,0.0001266,0.0015392,0.0024365,0.0021733,0.00026321,0.9,7.5,0.04815
263,2.62,6.8202e-05,0.00099383,0.0015089,0.0013696,0.00013927,1.1,7.5,0.04815,0.00027457,0.0028022,0.0046197,0.0040428,0.00057686,0.75,7.5,0.04815,0.00012719,0.001518,0.0024067,0.0021432,0.00026341,0.9,7.5,0.04815
264,2.63,6.8641e-05,0.00097779,0.0014869,0.0013474,0.0001395,1.1,7.5,0.04815,0.00027555,0.0027688,0.0045714,0.0039943,0.00057703,0.75,7.5,0.04815,0.00012782,0.0014971,0.0023773,0.0021136,0.00026368,0.9,7.5,0.04815
265,2.64,6.9103e-05,0.00096202,0.0014654,0.0013256,0.00013979,1.1,7.5,0.04815,0.00027658,0.0027357,0.0045238,0.0039465,0.00057734,0.75,7.5,0.04815,0.00012847,0.0014765,0.0023484,0.0020844,0.00026403,0.9,7.5,0.04815
266,2.65,6.959e-05,0.0009465,0.0014443,0.0013041,0.00014014,1.1,7.5,0.04815,0.00027766,0.002703,0.004477,0.0038992,0.00057777,0.75,7.5,0.04815,0.00012916,0.0014561,0.0023201,0.0020556,0.00026445,0.9,7.5,0.04815
267,2.66,7.0102e-05,0.00093124,0.0014236,0.001283,0.00014055,1.1,7.5,0.04815,0.0002788,0.0026708,0.0044309,0.0038526,0.00057833,0.75,7.5,0.04815,0.00012988,0.0014361,0.0022922,0.0020273,0.00026496,0.9,7.5,0.04815
268,2.67,7.0638e-05,0.00091623,0.0014033,0.0012623,0.00014101,1.1,7.5,0.04815,0.00027999,0.0026389,0.0043855,0.0038065,0.00057903,0.75,7.5,0.04815,0.00013064,0.0014164,0.0022649,0.0019993,0.00026555,0.9,7.5,0.04815
269,2.68,7.1201e-05,0.00090147,0.0013835,0.0012419,0.00014154,1.1,7.5,0.04815,0.00028124,0.0026074,0.0043409,0.003761,0.00057986,0.75,7.5,0.04815,0.00013143,0.0013969,0.002238,0.0019718,0.00026622,0.9,7.5,0.04815
270,2.69,7.1789e-05,0.00088695,0.001364,0.0012219,0.00014213,1.1,7.5,0.04815,0.00028254,0.0025763,0.004297,0.0037161,0.00058083,0.75,7.5,0.04815,0.00013225,0.0013777,0.0022116,0.0019447,0.00026698,0.9,7.5,0.04815
271,2.7,7.2404e-05,0.00087267,0.0013449,0.0012022,0.00014278,1.1,7.5,0.04815,0.00028389,0.0025456,0.0042537,0.0036718,0.00058194,0.75,7.5,0.04815,0.00013311,0.0013588,0.0021857,0.0019179,0.00026783,0.9,7.5,0.04815
272,2.71,7.3046e-05,0.00085862,0.0013263,0.0011828,0.0001435,1.1,7.5,0.04815,0.00028531,0.0025153,0.0042112,0.0036281,0.00058319,0.75,7.5,0.04815,0.00013401,0.0013401,0.0021603,0.0018916,0.00026876,0.9,7.5,0.04815
273,2.72,7.3715e-05,0.0008448,0.001308,0.0011637,0.00014428,1.1,7.5,0.04815,0.00028677,0.0024854,0.0041694,0.0035849,0.00058458,0.75,7.5,0.04815,0.00013494,0.0013217,0.0021354,0.0018656,0.00026979,0.9,7.5,0.04815
274,2.73,7.4413e-05,0.00083121,0.0012901,0.001145,0.00014513,1.1,7.5,0.04815,0.0002883,0.0024558,0.0041283,0.0035422,0.00058613,0.75,7.5,0.04815,0.00013591,0.0013036,0.0021109,0.00184,0.0002709,0.9,7.5,0.04815
275,2.74,7.5139e-05,0.00081784,0.0012726,0.0011266,0.00014605,1.1,7.5,0.04815,0.00028989,0.0024266,0.0040879,0.0035001,0.00058783,0.75,7.5,0.04815,0.00013692,0.0012857,0.0020869,0.0018148,0.00027212,0.9,7.5,0.04815
276,2.75,7.5894e-05,0.00080469,0.0012555,0.0011085,0.00014705,1.1,7.5,0.04815,0.00029154,0.0023977,0.0040482,0.0034586,0.00058968,0.75,7.5,0.04815,0.00013796,0.0012681,0.0020633,0.0017899,0.00027343,0.9,7.5,0.04815
277,2.7600000000000002,7.668e-05,0.00079176,0.0012388,0.0010907,0.00014812,1.1,7.5,0.04815,0.00029324,0.0023692,0.0040092,0.0034175,0.00059169,0.75,7.5,0.04815,0.00013904,0.0012507,0.0020403,0.0017654,0.00027484,0.9,7.5,0.04815
278,2.77,7.7496e-05,0.00077904,0.0012224,0.0010732,0.00014927,1.1,7.5,0.04815,0.00029501,0.002341,0.0039709,0.003377,0.00059386,0.75,7.5,0.04815,0.00014017,0.0012336,0.0020176,0.0017413,0.00027636,0.9,7.5,0.04815
279,2.7800000000000002,7.8344e-05,0.00076653,0.0012065,0.001056,0.00015049,1.1,7.5,0.04815,0.00029684,0.0023132,0.0039333,0.0033371,0.00059621,0.75,7.5,0.04815,0.00014133,0.0012167,0.0019955,0.0017175,0.00027799,0.9,7.5,0.04815
280,2.79,7.9223e-05,0.00075422,0.0011909,0.0010391,0.00015181,1.1,7.5,0.04815,0.00029874,0.0022858,0.0038964,0.0032976,0.00059873,0.75,7.5,0.04815,0.00014254,0.0012,0.0019738,0.0016941,0.00027972,0.9,7.5,0.04815
281,2.8000000000000003,8.0136e-05,0.00074212,0.0011756,0.0010224,0.00015321,1.1,7.5,0.04815,0.00030069,0.0022587,0.0038601,0.0032587,0.00060143,0.75,7.5,0.04815,0.00014379,0.0011836,0.0019526,0.001671,0.00028158,0.9,7.5,0.04815
282,2.81,8.1083e-05,0.00073022,0.0011608,0.0010061,0.0001547,1.1,7.5,0.04815,0.00030272,0.0022319,0.0038246,0.0032202,0.00060431,0.75,7.5,0.04815,0.00014508,0.0011674,0.0019318,0.0016483,0.00028355,0.9,7.5,0.04815
283,2.82,8.2065e-05,0.00071851,0.0011463,0.00099004,0.00015629,1.1,7.5,0.04815,0.00030481,0.0022054,0.0037897,0.0031823,0.00060738,0.75,7.5,0.04815,0.00014641,0.0011515,0.0019115,0.0016259,0.00028565,0.9,7.5,0.04815
284,2.83,8.3083e-05,0.000707,0.0011322,0.00097426,0.00015797,1.1,7.5,0.04815,0.00030697,0.0021793,0.0037555,0.0031449,0.00061066,0.75,7.5,0.04815,0.0001478,0.0011357,0.0018917,0.0016038,0.00028788,0.9,7.5,0.04815
285,2.84,8.4138e-05,0.00069568,0.0011185,0.00095875,0.00015977,1.1,7.5,0.04815,0.00030921,0.0021535,0.0037221,0.0031079,0.00061414,0.75,7.5,0.04815,0.00014922,0.0011202,0.0018723,0.0015821,0.00029025,0.9,7.5,0.04815
286,2.85,8.5232e-05,0.00068454,0.0011052,0.00094351,0.00016167,1.1,7.5,0.04815,0.00031151,0.002128,0.0036893,0.0030715,0.00061783,0.75,7.5,0.04815,0.0001507,0.0011049,0.0018534,0.0015606,0.00029276,0.9,7.5,0.04815
287,2.86,8.6364e-05,0.00067359,0.0010922,0.00092853,0.0001637,1.1,7.5,0.04815,0.00031389,0.0021028,0.0036573,0.0030355,0.00062176,0.75,7.5,0.04815,0.00015223,0.0010899,0.001835,0.0015396,0.00029543,0.9,7.5,0.04815
288,2.87,8.7538e-05,0.00066282,0.0010797,0.00091382,0.00016585,1.1,7.5,0.04815,0.00031634,0.002078,0.0036259,0.003,0.00062592,0.75,7.5,0.04815,0.00015381,0.001075,0.001817,0.0015188,0.00029825,0.9,7.5,0.04815
289,2.88,8.8756e-05,0.00065223,0.0010675,0.00089936,0.00016814,1.1,7.5,0.04815,0.00031887,0.0020534,0.0035953,0.002965,0.00063033,0.75,7.5,0.04815,0.00015544,0.0010604,0.0017996,0.0014983,0.00030125,0.9,7.5,0.04815
290,2.89,9.0018e-05,0.00064181,0.0010557,0.00088517,0.00017057,1.1,7.5,0.04815,0.00032148,0.0020292,0.0035654,0.0029304,0.000635,0.75,7.5,0.04815,0.00015712,0.001046,0.0017826,0.0014782,0.00030443,0.9,7.5,0.04815
291,2.9,9.1326e-05,0.00063157,0.0010444,0.00087122,0.00017316,1.1,7.5,0.04815,0.00032418,0.0020053,0.0035363,0.0028964,0.00063995,0.75,7.5,0.04815,0.00015886,0.0010317,0.0017662,0.0014584,0.0003078,0.9,7.5,0.04815
292,2.91,9.2681e-05,0.0006215,0.0010334,0.00085753,0.00017591,1.1,7.5,0.04815,0.00032696,0.0019816,0.003508,0.0028628,0.0006452,0.75,7.5,0.04815,0.00016066,0.0010177,0.0017503,0.0014389,0.00031138,0.9,7.5,0.04815
293,2.92,9.4089e-05,0.0006116,0.0010229,0.00084409,0.00017886,1.1,7.5,0.04815,0.00032982,0.0019583,0.0034804,0.0028296,0.00065076,0.75,7.5,0.04815,0.00016252,0.0010039,0.0017349,0.0014197,0.00031519,0.9,7.5,0.04815
294,2.93,9.5549e-05,0.00060186,0.0010129,0.00083089,0.000182,1.1,7.5,0.04815,0.00033278,0.0019352,0.0034536,0.0027969,0.00065666,0.75,7.5,0.04815,0.00016445,0.00099027,0.00172,0.0014008,0.00031924,0.9,7.5,0.04815
295,2.94,9.7065e-05,0.00059229,0.0010033,0.00081795,0.00018537,1.1,7.5,0.04815,0.00033582,0.0019125,0.0034276,0.0027647,0.00066293,0.75,7.5,0.04815,0.00016644,0.00097685,0.0017058,0.0013822,0.00032356,0.9,7.5,0.04815
296,2.95,9.8642e-05,0.00058288,0.00099425,0.00080525,0.00018899,1.1,7.5,0.04815,0.00033897,0.00189,0.0034026,0.002733,0.0006696,0.75,7.5,0.04815,0.0001685,0.00096363,0.0016921,0.0013639,0.00032818,0.9,7.5,0.04815
297,2.96,0.00010028,0.00057363,0.00098572,0.00079281,0.00019291,1.1,7.5,0.04815,0.00034222,0.0018679,0.0033784,0.0027017,0.00067672,0.75,7.5,0.04815,0.00017064,0.00095059,0.0016791,0.001346,0.00033314,0.9,7.5,0.04815
298,2.97,0.00010199,0.00056454,0.00097783,0.00078063,0.0001972,1.1,7.5,0.04815,0.00034558,0.001846,0.0033553,0.0026709,0.00068436,0.75,7.5,0.04815,0.00017285,0.00093775,0.0016669,0.0013283,0.00033852,0.9,7.5,0.04815
299,2.98,0.00010378,0.00055561,0.00097075,0.00076874,0.00020201,1.1,7.5,0.04815,0.00034906,0.0018244,0.0033333,0.0026406,0.00069266,0.75,7.5,0.04815,0.00017515,0.00092511,0.0016555,0.001311,0.0003445,0.9,7.5,0.04815
300,2.99,0.00010565,0.00054684,0.00096492,0.00075719,0.00020773,1.1,7.5,0.04815,0.00035266,0.0018031,0.0033128,0.0026109,0.00070192,0.75,7.5,0.04815,0.00017755,0.00091266,0.0016456,0.0012942,0.00035141,0.9,7.5,0.04815
301,3.0,0.00010765,0.00053825,0.00096147,0.00074617,0.0002153,1.1,7.5,0.04815,0.00035641,0.001782,0.0032946,0.0025818,0.00071281,0.75,7.5,0.04815,0.00018008,0.00090042,0.0016381,0.0012779,0.00036017,0.9,7.5,0.04815
