,depths,Eu_480.0,Ed_480.0,Eo_480.0,Eod_480.0,Eou_480.0,a_480.0,b_480.0,bb_480.0,Eu_540.0,Ed_540.0,Eo_540.0,Eod_540.0,Eou_540.0,a_540.0,b_540.0,bb_540.0,Eu_600.0,Ed_600.0,Eo_600.0,Eod_600.0,Eou_600.0,a_600.0,b_600.0,bb_600.0
0,0.0,0.10034,0.11663,0.41186,0.21102,0.20084,480.0,480.0,480.0,0.091337,0.10758,0.37779,0.19464,0.18315,540.0,540.0,540.0,0.080941,0.098604,0.34147,0.17841,0.16306,600.0,600.0,600.0
1,0.0,0.10034,0.11663,0.41186,0.21102,0.20084,0.043,200.0,7.246,0.091337,0.10758,0.37779,0.19464,0.18315,0.065,200.0,7.246,0.080941,0.098604,0.34147,0.17841,0.16306,0.133,200.0,7.246
2,0.01,0.098709,0.11481,0.42426,0.22345,0.20081,0.043,200.0,7.246,0.08956,0.10555,0.38762,0.20512,0.1825,0.065,200.0,7.246,0.078711,0.09591,0.34681,0.18573,0.16108,0.133,200.0,7.246
3,0.02,0.095438,0.11136,0.4127,0.21813,0.19457,0.043,200.0,7.246,0.086321,0.10206,0.37588,0.1996,0.17628,0.065,200.0,7.246,0.075264,0.09201,0.33359,0.17925,0.15435,0.133,200.0,7.246
4,0.03,0.091953,0.1077,0.39893,0.21127,0.18766,0.043,200.0,7.246,0.082908,0.098406,0.36221,0.19273,0.16948,0.065,200.0,7.246,0.071716,0.088028,0.31894,0.17171,0.14722,0.133,200.0,7.246
5,0.04,0.088436,0.10402,0.38468,0.20407,0.18061,0.043,200.0,7.246,0.079482,0.094749,0.34819,0.18559,0.1626,0.065,200.0,7.246,0.068203,0.0841,0.3042,0.16407,0.14013,0.133,200.0,7.246
6,0.05,0.084931,0.10035,0.3704,0.19683,0.17357,0.043,200.0,7.246,0.076084,0.091129,0.33421,0.17845,0.15576,0.065,200.0,7.246,0.064757,0.080259,0.28968,0.15653,0.13315,0.133,200.0,7.246
7,0.06,0.081453,0.096717,0.3562,0.18961,0.16659,0.043,200.0,7.246,0.072725,0.087557,0.32038,0.17138,0.149,0.065,200.0,7.246,0.061385,0.076512,0.27547,0.14914,0.12633,0.133,200.0,7.246
8,0.07,0.078004,0.093118,0.34211,0.18246,0.15966,0.043,200.0,7.246,0.069407,0.084036,0.30671,0.16439,0.14232,0.065,200.0,7.246,0.058087,0.072857,0.26159,0.14193,0.11965,0.133,200.0,7.246
9,0.08,0.074586,0.089556,0.32816,0.17537,0.15279,0.043,200.0,7.246,0.066131,0.080564,0.29323,0.1575,0.13572,0.065,200.0,7.246,0.05486,0.069291,0.24802,0.13489,0.11312,0.133,200.0,7.246
10,0.09,0.071197,0.086028,0.31433,0.16836,0.14598,0.043,200.0,7.246,0.062894,0.077141,0.27991,0.15071,0.12921,0.065,200.0,7.246,0.0517,0.065811,0.23475,0.12802,0.10673,0.133,200.0,7.246
11,0.1,0.067836,0.082535,0.30063,0.16141,0.13922,0.043,200.0,7.246,0.059695,0.073764,0.26677,0.144,0.12277,0.065,200.0,7.246,0.048605,0.062412,0.22178,0.12131,0.10048,0.133,200.0,7.246
12,0.11,0.064502,0.079075,0.28705,0.15452,0.13253,0.043,200.0,7.246,0.056532,0.070432,0.25379,0.13738,0.11641,0.065,200.0,7.246,0.04557,0.05909,0.20908,0.11474,0.094341,0.133,200.0,7.246
13,0.12,0.061194,0.075646,0.27358,0.14769,0.12589,0.043,200.0,7.246,0.053403,0.067142,0.24096,0.13084,0.11011,0.065,200.0,7.246,0.04259,0.055841,0.19664,0.10831,0.088324,0.133,200.0,7.246
14,0.13,0.05791,0.072248,0.26022,0.14093,0.11929,0.043,200.0,7.246,0.050306,0.063893,0.22827,0.12439,0.10388,0.065,200.0,7.246,0.039664,0.052661,0.18444,0.10202,0.082415,0.133,200.0,7.246
15,0.14,0.05465,0.068878,0.24696,0.13422,0.11275,0.043,200.0,7.246,0.047239,0.060682,0.21572,0.118,0.097719,0.065,200.0,7.246,0.036787,0.049546,0.17247,0.09586,0.076609,0.133,200.0,7.246
16,0.15,0.051411,0.065536,0.23381,0.12756,0.10625,0.043,200.0,7.246,0.044201,0.057508,0.2033,0.11169,0.091613,0.065,200.0,7.246,0.033955,0.046493,0.16071,0.089814,0.070897,0.133,200.0,7.246
17,0.16,0.048192,0.06222,0.22074,0.12096,0.099786,0.043,200.0,7.246,0.04119,0.054368,0.19101,0.10545,0.08556,0.065,200.0,7.246,0.031164,0.043496,0.14915,0.083878,0.065271,0.133,200.0,7.246
18,0.17,0.044992,0.058928,0.20776,0.1144,0.093364,0.043,200.0,7.246,0.038202,0.051261,0.17882,0.099265,0.079557,0.065,200.0,7.246,0.028412,0.040553,0.13777,0.078044,0.059722,0.133,200.0,7.246
19,0.18,0.04181,0.055659,0.19485,0.10788,0.086972,0.043,200.0,7.246,0.035237,0.048183,0.16673,0.093138,0.073594,0.065,200.0,7.246,0.025693,0.037658,0.12654,0.072302,0.054237,0.133,200.0,7.246
20,0.19,0.038639,0.052407,0.18198,0.10139,0.080589,0.043,200.0,7.246,0.032288,0.04513,0.1547,0.087054,0.067646,0.065,200.0,7.246,0.023,0.034804,0.11541,0.066631,0.048781,0.133,200.0,7.246
21,0.2,0.03534,0.049031,0.16837,0.094617,0.073751,0.043,350.0,12.681,0.02922,0.041964,0.14195,0.080702,0.061249,0.065,350.0,12.681,0.020199,0.031856,0.10358,0.06072,0.042862,0.133,350.0,12.681
22,0.21,0.034937,0.048557,0.16664,0.093709,0.072935,0.043,350.0,0.735,0.028853,0.041506,0.14031,0.079814,0.060496,0.065,350.0,0.735,0.019881,0.031401,0.10201,0.059817,0.04219,0.133,350.0,0.735
23,0.22,0.034537,0.048086,0.16491,0.092785,0.072121,0.043,350.0,0.735,0.028492,0.041054,0.13868,0.078924,0.059752,0.065,350.0,0.735,0.019571,0.030956,0.10047,0.058939,0.041535,0.133,350.0,0.735
24,0.23,0.03414,0.047618,0.16317,0.091864,0.07131,0.043,350.0,0.735,0.028133,0.040605,0.13706,0.078043,0.059013,0.065,350.0,0.735,0.019265,0.030518,0.098971,0.058079,0.040892,0.133,350.0,0.735
25,0.24,0.033744,0.047153,0.16145,0.090949,0.070504,0.043,350.0,0.735,0.027777,0.04016,0.13545,0.077171,0.058281,0.065,350.0,0.735,0.018963,0.030085,0.097495,0.057236,0.040258,0.133,350.0,0.735
26,0.25,0.033351,0.046691,0.15974,0.09004,0.069701,0.043,350.0,0.735,0.027423,0.039719,0.13386,0.076307,0.057554,0.065,350.0,0.735,0.018665,0.029659,0.096041,0.056407,0.039634,0.133,350.0,0.735
27,0.26,0.032959,0.046231,0.15804,0.089136,0.068903,0.043,350.0,0.735,0.027072,0.039282,0.13228,0.07545,0.056833,0.065,350.0,0.735,0.018371,0.029238,0.094609,0.055591,0.039018,0.133,350.0,0.735
28,0.27,0.03257,0.045774,0.15635,0.088237,0.068109,0.043,350.0,0.735,0.026723,0.038848,0.13072,0.074601,0.056117,0.065,350.0,0.735,0.01808,0.028822,0.093197,0.054788,0.038409,0.133,350.0,0.735
29,0.28,0.032182,0.045319,0.15466,0.087344,0.06732,0.043,350.0,0.735,0.026377,0.038417,0.12917,0.07376,0.055407,0.065,350.0,0.735,0.017792,0.028412,0.091804,0.053995,0.037809,0.133,350.0,0.735
30,0.29,0.031796,0.044867,0.15299,0.086456,0.066534,0.043,350.0,0.735,0.026033,0.03799,0.12763,0.072925,0.054701,0.065,350.0,0.735,0.017508,0.028007,0.090429,0.053214,0.037215,0.133,350.0,0.735
31,0.3,0.031412,0.044418,0.15132,0.085573,0.065751,0.043,350.0,0.735,0.025692,0.037566,0.1261,0.072097,0.054,0.065,350.0,0.735,0.017228,0.027606,0.089072,0.052443,0.036629,0.133,350.0,0.735
32,0.31,0.03103,0.043971,0.14967,0.084696,0.064973,0.043,350.0,0.735,0.025352,0.037145,0.12458,0.071276,0.053304,0.065,350.0,0.735,0.01695,0.027211,0.087731,0.051682,0.036049,0.133,350.0,0.735
33,0.32,0.030649,0.043526,0.14802,0.083823,0.064198,0.043,350.0,0.735,0.025015,0.036727,0.12307,0.070461,0.052613,0.065,350.0,0.735,0.016675,0.026821,0.086407,0.050931,0.035477,0.133,350.0,0.735
34,0.33,0.03027,0.043084,0.14638,0.082955,0.063427,0.043,350.0,0.735,0.02468,0.036313,0.12158,0.069652,0.051926,0.065,350.0,0.735,0.016404,0.026435,0.085099,0.050189,0.03491,0.133,350.0,0.735
35,0.34,0.029893,0.042644,0.14475,0.082092,0.062659,0.043,350.0,0.735,0.024347,0.035901,0.12009,0.06885,0.051243,0.065,350.0,0.735,0.016135,0.026054,0.083806,0.049457,0.03435,0.133,350.0,0.735
36,0.35000000000000003,0.029518,0.042207,0.14313,0.081233,0.061896,0.043,350.0,0.735,0.024016,0.035493,0.11862,0.068053,0.050565,0.065,350.0,0.735,0.015869,0.025678,0.082528,0.048733,0.033795,0.133,350.0,0.735
37,0.36,0.029144,0.041772,0.14151,0.080379,0.061135,0.043,350.0,0.735,0.023687,0.035088,0.11715,0.067262,0.049892,0.065,350.0,0.735,0.015606,0.025305,0.081265,0.048018,0.033247,0.133,350.0,0.735
38,0.37,0.028772,0.041339,0.13991,0.079529,0.060378,0.043,350.0,0.735,0.02336,0.034685,0.1157,0.066477,0.049222,0.065,350.0,0.735,0.015345,0.024938,0.080017,0.047312,0.032705,0.133,350.0,0.735
39,0.38,0.028401,0.040909,0.13831,0.078684,0.059624,0.043,350.0,0.735,0.023035,0.034285,0.11425,0.065697,0.048557,0.065,350.0,0.735,0.015088,0.024574,0.078782,0.046614,0.032168,0.133,350.0,0.735
40,0.39,0.028032,0.04048,0.13672,0.077843,0.058873,0.043,350.0,0.735,0.022712,0.033889,0.11282,0.064923,0.047895,0.065,350.0,0.735,0.014832,0.024215,0.077561,0.045924,0.031637,0.133,350.0,0.735
41,0.4,0.027664,0.040054,0.13513,0.077007,0.058126,0.043,350.0,0.735,0.022391,0.033495,0.11139,0.064155,0.047238,0.065,350.0,0.735,0.01458,0.023861,0.076354,0.045242,0.031112,0.133,350.0,0.735
42,0.41000000000000003,0.027298,0.039631,0.13356,0.076175,0.057382,0.043,350.0,0.735,0.022072,0.033103,0.10998,0.063392,0.046585,0.065,350.0,0.735,0.01433,0.02351,0.07516,0.044569,0.030592,0.133,350.0,0.735
43,0.42,0.026934,0.039209,0.13199,0.075347,0.056641,0.043,350.0,0.735,0.021754,0.032715,0.10857,0.062634,0.045936,0.065,350.0,0.735,0.014082,0.023163,0.07398,0.043903,0.030077,0.133,350.0,0.735
44,0.43,0.026571,0.03879,0.13043,0.074523,0.055903,0.043,350.0,0.735,0.021439,0.032329,0.10717,0.061882,0.04529,0.065,350.0,0.735,0.013837,0.02282,0.072812,0.043244,0.029567,0.133,350.0,0.735
45,0.44,0.026209,0.038372,0.12887,0.073704,0.055168,0.043,350.0,0.735,0.021125,0.031947,0.10578,0.061135,0.044648,0.065,350.0,0.735,0.013594,0.022482,0.071656,0.042594,0.029063,0.133,350.0,0.735
46,0.45,0.025849,0.037957,0.12732,0.072888,0.054437,0.043,350.0,0.735,0.020813,0.031566,0.1044,0.060393,0.04401,0.065,350.0,0.735,0.013354,0.022147,0.070514,0.04195,0.028563,0.133,350.0,0.735
47,0.46,0.02549,0.037544,0.12578,0.072076,0.053708,0.043,350.0,0.735,0.020503,0.031188,0.10303,0.059656,0.043376,0.065,350.0,0.735,0.013116,0.021816,0.069383,0.041314,0.028069,0.133,350.0,0.735
48,0.47000000000000003,0.025133,0.037133,0.12425,0.071268,0.052982,0.043,350.0,0.735,0.020194,0.030813,0.10167,0.058924,0.042745,0.065,350.0,0.735,0.01288,0.021488,0.068264,0.040685,0.027579,0.133,350.0,0.735
49,0.48,0.024777,0.036724,0.12272,0.070465,0.052259,0.043,350.0,0.735,0.019887,0.030441,0.10031,0.058197,0.042118,0.065,350.0,0.735,0.012647,0.021165,0.067157,0.040063,0.027094,0.133,350.0,0.735
50,0.49,0.024422,0.036317,0.1212,0.069665,0.051539,0.043,350.0,0.735,0.019582,0.030071,0.098969,0.057474,0.041494,0.065,350.0,0.735,0.012415,0.020845,0.066062,0.039448,0.026614,0.133,350.0,0.735
51,0.5,0.024069,0.035912,0.11969,0.068869,0.050822,0.043,350.0,0.735,0.019278,0.029704,0.097631,0.056757,0.040874,0.065,350.0,0.735,0.012186,0.020528,0.064978,0.038839,0.026139,0.133,350.0,0.735
52,0.51,0.023717,0.035509,0.11818,0.068076,0.050108,0.043,350.0,0.735,0.018976,0.029338,0.096301,0.056044,0.040257,0.065,350.0,0.735,0.011959,0.020215,0.063905,0.038238,0.025667,0.133,350.0,0.735
53,0.52,0.023366,0.035108,0.11668,0.067288,0.049396,0.043,350.0,0.735,0.018676,0.028976,0.09498,0.055336,0.039644,0.065,350.0,0.735,0.011734,0.019906,0.062844,0.037643,0.025201,0.133,350.0,0.735
54,0.53,0.023017,0.034709,0.11519,0.066503,0.048687,0.043,350.0,0.735,0.018377,0.028616,0.093666,0.054632,0.039034,0.065,350.0,0.735,0.011511,0.0196,0.061793,0.037054,0.024738,0.133,350.0,0.735
55,0.54,0.022669,0.034311,0.1137,0.065722,0.047981,0.043,350.0,0.735,0.01808,0.028258,0.09236,0.053933,0.038427,0.065,350.0,0.735,0.011289,0.019298,0.060752,0.036472,0.02428,0.133,350.0,0.735
56,0.55,0.022322,0.033916,0.11222,0.064944,0.047277,0.043,350.0,0.735,0.017784,0.027903,0.091062,0.053239,0.037823,0.065,350.0,0.735,0.01107,0.018998,0.059722,0.035896,0.023826,0.133,350.0,0.735
57,0.56,0.021976,0.033522,0.11075,0.06417,0.046576,0.043,350.0,0.735,0.017489,0.027549,0.089771,0.052549,0.037222,0.065,350.0,0.735,0.010853,0.018702,0.058703,0.035326,0.023376,0.133,350.0,0.735
58,0.5700000000000001,0.021632,0.033131,0.10928,0.0634,0.045878,0.043,350.0,0.735,0.017196,0.027199,0.088488,0.051863,0.036625,0.065,350.0,0.735,0.010637,0.018409,0.057693,0.034763,0.02293,0.133,350.0,0.735
59,0.58,0.021288,0.032741,0.10781,0.062633,0.045182,0.043,350.0,0.735,0.016905,0.02685,0.087212,0.051182,0.03603,0.065,350.0,0.735,0.010424,0.01812,0.056693,0.034205,0.022488,0.133,350.0,0.735
60,0.59,0.020946,0.032353,0.10636,0.061869,0.044488,0.043,350.0,0.735,0.016615,0.026504,0.085943,0.050504,0.035439,0.065,350.0,0.735,0.010212,0.017833,0.055704,0.033653,0.02205,0.133,350.0,0.735
61,0.6,0.020605,0.031966,0.10491,0.061109,0.043797,0.043,350.0,0.735,0.016326,0.026159,0.084682,0.049831,0.03485,0.065,350.0,0.735,0.010002,0.01755,0.054723,0.033107,0.021616,0.133,350.0,0.735
62,0.61,0.020265,0.031582,0.10346,0.060352,0.043108,0.043,350.0,0.735,0.016039,0.025818,0.083427,0.049163,0.034264,0.065,350.0,0.735,0.0097936,0.017269,0.053752,0.032567,0.021185,0.133,350.0,0.735
63,0.62,0.019927,0.031199,0.10202,0.059598,0.042421,0.043,350.0,0.735,0.015753,0.025478,0.082179,0.048498,0.033682,0.065,350.0,0.735,0.009587,0.016992,0.05279,0.032032,0.020758,0.133,350.0,0.735
64,0.63,0.019589,0.030818,0.10059,0.058848,0.041737,0.043,350.0,0.735,0.015468,0.02514,0.080938,0.047837,0.033101,0.065,350.0,0.735,0.009382,0.016717,0.051838,0.031503,0.020335,0.133,350.0,0.735
65,0.64,0.019253,0.030438,0.099156,0.058101,0.041055,0.043,350.0,0.735,0.015184,0.024804,0.079704,0.04718,0.032524,0.065,350.0,0.735,0.0091786,0.016446,0.050894,0.030979,0.019915,0.133,350.0,0.735
66,0.65,0.018917,0.03006,0.097732,0.057357,0.040376,0.043,350.0,0.735,0.014902,0.024471,0.078476,0.046527,0.031949,0.065,350.0,0.735,0.0089767,0.016177,0.049958,0.03046,0.019498,0.133,350.0,0.735
67,0.66,0.018582,0.029684,0.096314,0.056616,0.039698,0.043,350.0,0.735,0.014621,0.024139,0.077255,0.045878,0.031377,0.065,350.0,0.735,0.0087764,0.015911,0.049031,0.029947,0.019085,0.133,350.0,0.735
68,0.67,0.018249,0.02931,0.094901,0.055878,0.039023,0.043,350.0,0.735,0.014341,0.02381,0.07604,0.045233,0.030807,0.065,350.0,0.735,0.0085775,0.015647,0.048113,0.029439,0.018674,0.133,350.0,0.735
69,0.68,0.017917,0.028937,0.093492,0.055143,0.038349,0.043,350.0,0.735,0.014063,0.023482,0.074831,0.044591,0.03024,0.065,350.0,0.735,0.0083802,0.015386,0.047202,0.028935,0.018267,0.133,350.0,0.735
70,0.6900000000000001,0.017585,0.028565,0.092089,0.054411,0.037678,0.043,350.0,0.735,0.013785,0.023156,0.073629,0.043953,0.029675,0.065,350.0,0.735,0.0081842,0.015128,0.0463,0.028437,0.017863,0.133,350.0,0.735
71,0.7000000000000001,0.017254,0.028195,0.090691,0.053682,0.037008,0.043,350.0,0.735,0.013509,0.022832,0.072432,0.043319,0.029113,0.065,350.0,0.735,0.0079896,0.014873,0.045405,0.027943,0.017462,0.133,350.0,0.735
72,0.71,0.016925,0.027827,0.089297,0.052956,0.036341,0.043,350.0,0.735,0.013234,0.022511,0.071241,0.042688,0.028552,0.065,350.0,0.735,0.0077964,0.01462,0.044518,0.027454,0.017063,0.133,350.0,0.735
73,0.72,0.016596,0.02746,0.087908,0.052233,0.035675,0.043,350.0,0.735,0.012959,0.02219,0.070055,0.042061,0.027994,0.065,350.0,0.735,0.0076044,0.014369,0.043637,0.02697,0.016667,0.133,350.0,0.735
74,0.73,0.016268,0.027095,0.086523,0.051512,0.035011,0.043,350.0,0.735,0.012686,0.021872,0.068875,0.041437,0.027438,0.065,350.0,0.735,0.0074137,0.014121,0.042764,0.02649,0.016274,0.133,350.0,0.735
75,0.74,0.015941,0.026731,0.085143,0.050795,0.034348,0.043,350.0,0.735,0.012414,0.021556,0.0677,0.040816,0.026884,0.065,350.0,0.735,0.0072242,0.013875,0.041898,0.026015,0.015883,0.133,350.0,0.735
76,0.75,0.015615,0.026368,0.083767,0.050079,0.033687,0.043,350.0,0.735,0.012143,0.021241,0.06653,0.040198,0.026331,0.065,350.0,0.735,0.0070359,0.013632,0.041038,0.025543,0.015494,0.133,350.0,0.735
77,0.76,0.015289,0.026007,0.082394,0.049367,0.033028,0.043,350.0,0.735,0.011873,0.020928,0.065364,0.039584,0.025781,0.065,350.0,0.735,0.0068486,0.01339,0.040183,0.025076,0.015107,0.133,350.0,0.735
78,0.77,0.014964,0.025647,0.081025,0.048656,0.032369,0.043,350.0,0.735,0.011603,0.020616,0.064203,0.038972,0.025231,0.065,350.0,0.735,0.0066624,0.013151,0.039334,0.024613,0.014722,0.133,350.0,0.735
79,0.78,0.01464,0.025288,0.079659,0.047948,0.031711,0.043,350.0,0.735,0.011335,0.020306,0.063045,0.038363,0.024682,0.065,350.0,0.735,0.0064771,0.012914,0.03849,0.024153,0.014337,0.133,350.0,0.735
80,0.79,0.014317,0.024931,0.078294,0.047241,0.031052,0.043,350.0,0.735,0.011067,0.019998,0.061888,0.037756,0.024132,0.065,350.0,0.735,0.0062926,0.012679,0.037648,0.023696,0.013952,0.133,350.0,0.735
81,0.8,0.013998,0.024579,0.076943,0.046544,0.0304,0.043,250.0,0.525,0.010803,0.019694,0.060744,0.037157,0.023587,0.065,250.0,0.525,0.0061115,0.012448,0.036812,0.023244,0.013568,0.133,250.0,0.525
82,0.81,0.013772,0.02432,0.075965,0.046027,0.029938,0.043,250.0,0.525,0.010617,0.019469,0.059913,0.036709,0.023204,0.065,250.0,0.525,0.0059859,0.012274,0.036204,0.0229,0.013305,0.133,250.0,0.525
83,0.8200000000000001,0.013546,0.024062,0.074994,0.045515,0.029479,0.043,250.0,0.525,0.010432,0.019245,0.059092,0.036267,0.022825,0.065,250.0,0.525,0.0058614,0.012102,0.035608,0.022563,0.013045,0.133,250.0,0.525
84,0.8300000000000001,0.013321,0.023804,0.074028,0.045007,0.029021,0.043,250.0,0.525,0.010247,0.019023,0.058276,0.035829,0.022447,0.065,250.0,0.525,0.0057378,0.011932,0.035019,0.022232,0.012787,0.133,250.0,0.525
85,0.84,0.013096,0.023548,0.073066,0.044502,0.028564,0.043,250.0,0.525,0.010064,0.018801,0.057466,0.035394,0.022071,0.065,250.0,0.525,0.0056151,0.011763,0.034436,0.021904,0.012532,0.133,250.0,0.525
86,0.85,0.012872,0.023293,0.072107,0.043998,0.028109,0.043,250.0,0.525,0.0098807,0.018581,0.056659,0.034962,0.021697,0.065,250.0,0.525,0.0054932,0.011595,0.033858,0.02158,0.012278,0.133,250.0,0.525
87,0.86,0.012649,0.023039,0.071152,0.043497,0.027655,0.043,250.0,0.525,0.0096983,0.018362,0.055857,0.034533,0.021323,0.065,250.0,0.525,0.0053719,0.011429,0.033285,0.021259,0.012026,0.133,250.0,0.525
88,0.87,0.012426,0.022786,0.0702,0.042997,0.027202,0.043,250.0,0.525,0.0095164,0.018144,0.055058,0.034106,0.020951,0.065,250.0,0.525,0.0052514,0.011265,0.032717,0.020941,0.011775,0.133,250.0,0.525
89,0.88,0.012204,0.022533,0.06925,0.0425,0.02675,0.043,250.0,0.525,0.0093352,0.017927,0.054262,0.033681,0.020581,0.065,250.0,0.525,0.0051315,0.011102,0.032152,0.020626,0.011526,0.133,250.0,0.525
90,0.89,0.011982,0.022282,0.068303,0.042004,0.026299,0.043,250.0,0.525,0.0091544,0.017712,0.053469,0.033259,0.020211,0.065,250.0,0.525,0.0050123,0.01094,0.031592,0.020314,0.011278,0.133,250.0,0.525
91,0.9,0.01176,0.022031,0.067358,0.04151,0.025848,0.043,250.0,0.525,0.0089742,0.017497,0.05268,0.032838,0.019842,0.065,250.0,0.525,0.0048936,0.01078,0.031035,0.020005,0.011031,0.133,250.0,0.525
92,0.91,0.011539,0.021781,0.066416,0.041017,0.025398,0.043,250.0,0.525,0.0087945,0.017283,0.051892,0.032419,0.019473,0.065,250.0,0.525,0.0047755,0.010621,0.030482,0.019697,0.010784,0.133,250.0,0.525
93,0.92,0.011318,0.021532,0.065475,0.040526,0.024949,0.043,250.0,0.525,0.0086152,0.017071,0.051108,0.032002,0.019105,0.065,250.0,0.525,0.0046579,0.010463,0.029931,0.019393,0.010539,0.133,250.0,0.525
94,0.93,0.011098,0.021284,0.064537,0.040037,0.0245,0.043,250.0,0.525,0.0084364,0.016859,0.050325,0.031587,0.018738,0.065,250.0,0.525,0.0045407,0.010307,0.029384,0.01909,0.010294,0.133,250.0,0.525
95,0.9400000000000001,0.010878,0.021036,0.063599,0.039548,0.024051,0.043,250.0,0.525,0.0082579,0.016648,0.049544,0.031173,0.018371,0.065,250.0,0.525,0.004424,0.010151,0.028838,0.018789,0.010049,0.133,250.0,0.525
96,0.9500000000000001,0.010658,0.020789,0.062663,0.039061,0.023602,0.043,250.0,0.525,0.0080798,0.016438,0.048765,0.030761,0.018004,0.065,250.0,0.525,0.0043077,0.0099969,0.028295,0.01849,0.0098043,0.133,250.0,0.525
97,0.96,0.010439,0.020543,0.061727,0.038575,0.023153,0.043,250.0,0.525,0.0079019,0.016229,0.047986,0.03035,0.017636,0.065,250.0,0.525,0.0041916,0.0098436,0.027752,0.018193,0.009559,0.133,250.0,0.525
98,0.97,0.010219,0.020297,0.060791,0.038089,0.022702,0.043,250.0,0.525,0.0077243,0.01602,0.047207,0.029939,0.017267,0.065,250.0,0.525,0.0040758,0.0096913,0.02721,0.017897,0.0093124,0.133,250.0,0.525
99,0.98,0.01,0.020052,0.059854,0.037604,0.02225,0.043,250.0,0.525,0.0075467,0.015812,0.046426,0.029529,0.016896,0.065,250.0,0.525,0.0039601,0.0095397,0.026665,0.017602,0.0090634,0.133,250.0,0.525
100,0.99,0.0097807,0.019807,0.058912,0.037118,0.021793,0.043,250.0,0.525,0.007369,0.015604,0.04564,0.029119,0.016521,0.065,250.0,0.525,0.0038442,0.0093887,0.026116,0.017306,0.0088092,0.133,250.0,0.525
101,1.0,0.0095674,0.019569,0.057979,0.03664,0.021339,0.043,110.0,0.231,0.007196,0.015401,0.044855,0.028712,0.016143,0.065,110.0,0.231,0.0037314,0.0092411,0.025559,0.017011,0.008548,0.133,110.0,0.231
102,1.01,0.0094759,0.019452,0.057548,0.036401,0.021148,0.043,110.0,0.231,0.0071236,0.0153,0.044491,0.028502,0.015988,0.065,110.0,0.231,0.0036866,0.0091624,0.025294,0.016846,0.0084478,0.133,110.0,0.231
103,1.02,0.0093848,0.019337,0.057126,0.036167,0.020959,0.043,110.0,0.231,0.0070516,0.015199,0.044135,0.028299,0.015836,0.065,110.0,0.231,0.0036423,0.0090846,0.025039,0.016689,0.0083503,0.133,110.0,0.231
104,1.03,0.0092941,0.019221,0.056707,0.035937,0.020771,0.043,110.0,0.231,0.00698,0.015099,0.043784,0.028098,0.015686,0.065,110.0,0.231,0.0035985,0.0090077,0.02479,0.016535,0.0082545,0.133,110.0,0.231
105,1.04,0.0092037,0.019107,0.056292,0.035709,0.020584,0.043,110.0,0.231,0.0069088,0.014999,0.043437,0.027901,0.015536,0.065,110.0,0.231,0.0035551,0.0089314,0.024545,0.016385,0.0081599,0.133,110.0,0.231
106,1.05,0.0091135,0.018992,0.055879,0.035482,0.020397,0.043,110.0,0.231,0.0068379,0.0149,0.043093,0.027705,0.015388,0.065,110.0,0.231,0.003512,0.0088559,0.024303,0.016237,0.0080664,0.133,110.0,0.231
107,1.06,0.0090236,0.018878,0.055468,0.035257,0.020212,0.043,110.0,0.231,0.0067672,0.014802,0.042751,0.027511,0.01524,0.065,110.0,0.231,0.0034692,0.0087809,0.024065,0.016091,0.0079738,0.133,110.0,0.231
108,1.07,0.0089338,0.018765,0.055059,0.035033,0.020027,0.043,110.0,0.231,0.0066968,0.014704,0.042411,0.027318,0.015093,0.065,110.0,0.231,0.0034267,0.0087066,0.023829,0.015947,0.007882,0.133,110.0,0.231
109,1.08,0.0088443,0.018652,0.054652,0.03481,0.019842,0.043,110.0,0.231,0.0066267,0.014606,0.042074,0.027127,0.014946,0.065,110.0,0.231,0.0033845,0.0086328,0.023595,0.015804,0.007791,0.133,110.0,0.231
110,1.09,0.0087551,0.018539,0.054247,0.034588,0.019659,0.043,110.0,0.231,0.0065569,0.014509,0.041738,0.026937,0.014801,0.065,110.0,0.231,0.0033425,0.0085597,0.023364,0.015664,0.0077007,0.133,110.0,0.231
111,1.1,0.008666,0.018427,0.053843,0.034367,0.019475,0.043,110.0,0.231,0.0064872,0.014412,0.041404,0.026749,0.014656,0.065,110.0,0.231,0.0033008,0.008487,0.023135,0.015524,0.007611,0.133,110.0,0.231
112,1.11,0.0085771,0.018315,0.05344,0.034148,0.019292,0.043,110.0,0.231,0.0064178,0.014316,0.041072,0.026561,0.014511,0.065,110.0,0.231,0.0032593,0.008415,0.022908,0.015386,0.0075219,0.133,110.0,0.231
113,1.12,0.0084884,0.018203,0.053039,0.033929,0.01911,0.043,110.0,0.231,0.0063485,0.01422,0.040742,0.026375,0.014367,0.065,110.0,0.231,0.0032181,0.0083434,0.022683,0.015249,0.0074334,0.133,110.0,0.231
114,1.1300000000000001,0.0083999,0.018092,0.052639,0.033711,0.018928,0.043,110.0,0.231,0.0062795,0.014125,0.040413,0.026189,0.014223,0.065,110.0,0.231,0.0031771,0.0082724,0.022459,0.015114,0.0073455,0.133,110.0,0.231
115,1.1400000000000001,0.0083116,0.017981,0.05224,0.033494,0.018746,0.043,110.0,0.231,0.0062107,0.01403,0.040085,0.026005,0.01408,0.065,110.0,0.231,0.0031363,0.0082019,0.022238,0.014979,0.0072581,0.133,110.0,0.231
116,1.1500000000000001,0.0082234,0.017871,0.051842,0.033277,0.018565,0.043,110.0,0.231,0.0061421,0.013935,0.039759,0.025822,0.013937,0.065,110.0,0.231,0.0030958,0.0081319,0.022017,0.014846,0.0071712,0.133,110.0,0.231
117,1.16,0.0081354,0.017761,0.051446,0.033062,0.018384,0.043,110.0,0.231,0.0060737,0.013841,0.039434,0.025639,0.013795,0.065,110.0,0.231,0.0030554,0.0080624,0.021799,0.014714,0.0070848,0.133,110.0,0.231
118,1.17,0.0080475,0.017651,0.051051,0.032847,0.018204,0.043,110.0,0.231,0.0060055,0.013748,0.03911,0.025457,0.013653,0.065,110.0,0.231,0.0030152,0.0079934,0.021582,0.014583,0.0069989,0.133,110.0,0.231
119,1.18,0.0079599,0.017541,0.050656,0.032633,0.018023,0.043,110.0,0.231,0.0059374,0.013654,0.038788,0.025276,0.013512,0.065,110.0,0.231,0.0029753,0.0079249,0.021366,0.014453,0.0069134,0.133,110.0,0.231
120,1.19,0.0078723,0.017432,0.050263,0.032419,0.017844,0.043,110.0,0.231,0.0058695,0.013561,0.038467,0.025096,0.013371,0.065,110.0,0.231,0.0029355,0.0078568,0.021152,0.014324,0.0068283,0.133,110.0,0.231
121,1.2,0.0077849,0.017323,0.049871,0.032207,0.017664,0.043,110.0,0.231,0.0058018,0.013469,0.038147,0.024917,0.01323,0.065,110.0,0.231,0.0028959,0.0077892,0.02094,0.014196,0.0067437,0.133,110.0,0.231
122,1.21,0.0076977,0.017214,0.049479,0.031994,0.017485,0.043,110.0,0.231,0.0057342,0.013376,0.037828,0.024739,0.01309,0.065,110.0,0.231,0.0028564,0.0077221,0.020728,0.014069,0.0066595,0.133,110.0,0.231
123,1.22,0.0076106,0.017106,0.049089,0.031783,0.017306,0.043,110.0,0.231,0.0056668,0.013284,0.037511,0.024561,0.01295,0.065,110.0,0.231,0.0028172,0.0076554,0.020518,0.013943,0.0065756,0.133,110.0,0.231
124,1.23,0.0075236,0.016998,0.0487,0.031572,0.017127,0.043,110.0,0.231,0.0055996,0.013193,0.037194,0.024384,0.01281,0.065,110.0,0.231,0.0027781,0.0075892,0.02031,0.013818,0.0064922,0.133,110.0,0.231
125,1.24,0.0074367,0.01689,0.048311,0.031362,0.016949,0.043,110.0,0.231,0.0055325,0.013102,0.036879,0.024208,0.012671,0.065,110.0,0.231,0.0027392,0.0075234,0.020102,0.013693,0.006409,0.133,110.0,0.231
126,1.25,0.00735,0.016783,0.047923,0.031152,0.016771,0.043,110.0,0.231,0.0054656,0.013011,0.036564,0.024032,0.012532,0.065,110.0,0.231,0.0027004,0.007458,0.019896,0.01357,0.0063262,0.133,110.0,0.231
127,1.26,0.0072634,0.016676,0.047536,0.030943,0.016593,0.043,110.0,0.231,0.0053988,0.012921,0.036251,0.023858,0.012393,0.065,110.0,0.231,0.0026618,0.0073931,0.019691,0.013447,0.0062437,0.133,110.0,0.231
128,1.27,0.007177,0.016569,0.04715,0.030735,0.016415,0.043,110.0,0.231,0.0053322,0.01283,0.035938,0.023684,0.012254,0.065,110.0,0.231,0.0026234,0.0073286,0.019487,0.013325,0.0061615,0.133,110.0,0.231
129,1.28,0.0070907,0.016463,0.046765,0.030527,0.016238,0.043,110.0,0.231,0.0052657,0.012741,0.035626,0.02351,0.012116,0.065,110.0,0.231,0.002585,0.0072645,0.019284,0.013204,0.0060796,0.133,110.0,0.231
130,1.29,0.0070044,0.016356,0.04638,0.03032,0.01606,0.043,110.0,0.231,0.0051993,0.012651,0.035315,0.023337,0.011978,0.065,110.0,0.231,0.0025469,0.0072008,0.019082,0.013084,0.0059979,0.133,110.0,0.231
131,1.3,0.0069183,0.01625,0.045996,0.030113,0.015883,0.043,110.0,0.231,0.0051331,0.012562,0.035005,0.023165,0.01184,0.065,110.0,0.231,0.0025088,0.0071375,0.018881,0.012964,0.0059165,0.133,110.0,0.231
132,1.31,0.0068323,0.016145,0.045613,0.029906,0.015706,0.043,110.0,0.231,0.0050669,0.012473,0.034696,0.022994,0.011703,0.065,110.0,0.231,0.0024709,0.0070746,0.018681,0.012846,0.0058352,0.133,110.0,0.231
133,1.32,0.0067464,0.016039,0.04523,0.029701,0.015529,0.043,110.0,0.231,0.0050009,0.012385,0.034388,0.022823,0.011565,0.065,110.0,0.231,0.0024331,0.0070121,0.018482,0.012728,0.0057541,0.133,110.0,0.231
134,1.33,0.0066606,0.015934,0.044847,0.029495,0.015352,0.043,110.0,0.231,0.004935,0.012297,0.03408,0.022652,0.011427,0.065,110.0,0.231,0.0023954,0.00695,0.018283,0.01261,0.0056731,0.133,110.0,0.231
135,1.34,0.0065748,0.015829,0.044466,0.02929,0.015175,0.043,110.0,0.231,0.0048693,0.012209,0.033772,0.022482,0.01129,0.065,110.0,0.231,0.0023579,0.0068882,0.018086,0.012494,0.0055922,0.133,110.0,0.231
136,1.35,0.0064892,0.015724,0.044084,0.029086,0.014998,0.043,110.0,0.231,0.0048036,0.012121,0.033465,0.022313,0.011153,0.065,110.0,0.231,0.0023204,0.0068269,0.017889,0.012378,0.0055113,0.133,110.0,0.231
137,1.36,0.0064036,0.01562,0.043703,0.028882,0.014821,0.043,110.0,0.231,0.0047379,0.012034,0.033159,0.022144,0.011015,0.065,110.0,0.231,0.002283,0.0067658,0.017692,0.012262,0.0054303,0.133,110.0,0.231
138,1.37,0.0063181,0.015516,0.043322,0.028678,0.014644,0.043,110.0,0.231,0.0046724,0.011947,0.032853,0.021976,0.010877,0.065,110.0,0.231,0.0022458,0.0067051,0.017496,0.012147,0.005349,0.133,110.0,0.231
139,1.3800000000000001,0.0062326,0.015412,0.04294,0.028474,0.014466,0.043,110.0,0.231,0.0046069,0.011861,0.032546,0.021807,0.010739,0.065,110.0,0.231,0.0022085,0.0066447,0.0173,0.012032,0.0052673,0.133,110.0,0.231
140,1.3900000000000001,0.0061472,0.015308,0.04256,0.028271,0.014289,0.043,110.0,0.231,0.0045415,0.011774,0.03224,0.02164,0.010601,0.065,110.0,0.231,0.0021713,0.0065847,0.017103,0.011918,0.0051851,0.133,110.0,0.231
141,1.4000000000000001,0.0060635,0.015205,0.042179,0.028068,0.01411,0.043,80.0,0.168,0.0044773,0.011688,0.031931,0.02147,0.01046,0.065,80.0,0.168,0.0021345,0.0065243,0.0169,0.0118,0.0050996,0.133,80.0,0.168
142,1.41,0.0060031,0.015127,0.041896,0.027912,0.013985,0.043,80.0,0.168,0.0044316,0.011622,0.031702,0.021339,0.010364,0.065,80.0,0.168,0.0021094,0.0064768,0.016752,0.011707,0.0050444,0.133,80.0,0.168
143,1.42,0.0059429,0.015049,0.041617,0.027757,0.01386,0.043,80.0,0.168,0.0043861,0.011556,0.031477,0.021209,0.010268,0.065,80.0,0.168,0.0020844,0.0064297,0.016606,0.011616,0.00499,0.133,80.0,0.168
144,1.43,0.0058827,0.014971,0.041339,0.027603,0.013735,0.043,80.0,0.168,0.0043408,0.01149,0.031253,0.02108,0.010173,0.065,80.0,0.168,0.0020596,0.0063829,0.016462,0.011526,0.0049361,0.133,80.0,0.168
145,1.44,0.0058227,0.014893,0.041061,0.02745,0.013611,0.043,80.0,0.168,0.0042956,0.011425,0.03103,0.020952,0.010078,0.065,80.0,0.168,0.002035,0.0063365,0.016319,0.011437,0.0048826,0.133,80.0,0.168
146,1.45,0.0057628,0.014816,0.040786,0.027298,0.013487,0.043,80.0,0.168,0.0042505,0.01136,0.030809,0.020826,0.0099836,0.065,80.0,0.168,0.0020105,0.0062904,0.016178,0.011349,0.0048295,0.133,80.0,0.168
147,1.46,0.005703,0.014738,0.040511,0.027147,0.013364,0.043,80.0,0.168,0.0042056,0.011295,0.030589,0.0207,0.0098895,0.065,80.0,0.168,0.0019861,0.0062445,0.016038,0.011262,0.0047767,0.133,80.0,0.168
148,1.47,0.0056433,0.014661,0.040236,0.026996,0.01324,0.043,80.0,0.168,0.0041607,0.01123,0.03037,0.020574,0.0097957,0.065,80.0,0.168,0.0019618,0.006199,0.0159,0.011175,0.0047243,0.133,80.0,0.168
149,1.48,0.0055836,0.014584,0.039963,0.026846,0.013117,0.043,80.0,0.168,0.004116,0.011166,0.030152,0.02045,0.0097022,0.065,80.0,0.168,0.0019376,0.0061538,0.015762,0.01109,0.0046722,0.133,80.0,0.168
150,1.49,0.0055241,0.014508,0.03969,0.026696,0.012994,0.043,80.0,0.168,0.0040713,0.011101,0.029934,0.020326,0.0096089,0.065,80.0,0.168,0.0019135,0.0061089,0.015625,0.011005,0.0046204,0.133,80.0,0.168
151,1.5,0.0054646,0.014431,0.039418,0.026547,0.012871,0.043,80.0,0.168,0.0040268,0.011037,0.029718,0.020202,0.0095159,0.065,80.0,0.168,0.0018896,0.0060642,0.01549,0.010921,0.0045689,0.133,80.0,0.168
152,1.51,0.0054053,0.014355,0.039147,0.026398,0.012749,0.043,80.0,0.168,0.0039823,0.010974,0.029502,0.020079,0.0094231,0.065,80.0,0.168,0.0018657,0.0060198,0.015355,0.010837,0.0045176,0.133,80.0,0.168
153,1.52,0.005346,0.014279,0.038876,0.02625,0.012626,0.043,80.0,0.168,0.003938,0.01091,0.029287,0.019957,0.0093306,0.065,80.0,0.168,0.0018419,0.0059757,0.015221,0.010754,0.0044665,0.133,80.0,0.168
154,1.53,0.0052867,0.014203,0.038606,0.026102,0.012504,0.043,80.0,0.168,0.0038937,0.010847,0.029073,0.019835,0.0092383,0.065,80.0,0.168,0.0018183,0.0059319,0.015087,0.010672,0.0044157,0.133,80.0,0.168
155,1.54,0.0052276,0.014127,0.038336,0.025954,0.012382,0.043,80.0,0.168,0.0038495,0.010784,0.02886,0.019714,0.0091461,0.065,80.0,0.168,0.0017947,0.0058883,0.014955,0.01059,0.0043652,0.133,80.0,0.168
156,1.55,0.0051685,0.014052,0.038067,0.025807,0.01226,0.043,80.0,0.168,0.0038054,0.010721,0.028647,0.019593,0.0090542,0.065,80.0,0.168,0.0017712,0.005845,0.014824,0.010509,0.0043149,0.133,80.0,0.168
157,1.56,0.0051095,0.013976,0.037799,0.025661,0.012138,0.043,80.0,0.168,0.0037614,0.010659,0.028435,0.019472,0.0089625,0.065,80.0,0.168,0.0017478,0.005802,0.014693,0.010428,0.0042648,0.133,80.0,0.168
158,1.57,0.0050506,0.013901,0.037531,0.025514,0.012017,0.043,80.0,0.168,0.0037175,0.010596,0.028223,0.019352,0.008871,0.065,80.0,0.168,0.0017244,0.0057592,0.014563,0.010348,0.0042149,0.133,80.0,0.168
159,1.58,0.0049917,0.013826,0.037264,0.025369,0.011895,0.043,80.0,0.168,0.0036736,0.010534,0.028013,0.019233,0.0087797,0.065,80.0,0.168,0.0017012,0.0057167,0.014434,0.010268,0.0041653,0.133,80.0,0.168
160,1.59,0.0049329,0.013752,0.036997,0.025223,0.011774,0.043,80.0,0.168,0.0036298,0.010472,0.027802,0.019114,0.0086885,0.065,80.0,0.168,0.001678,0.0056744,0.014305,0.010189,0.0041159,0.133,80.0,0.168
161,1.6,0.0048741,0.013677,0.03673,0.025078,0.011653,0.043,80.0,0.168,0.0035861,0.010411,0.027593,0.018995,0.0085975,0.065,80.0,0.168,0.001655,0.0056324,0.014177,0.010111,0.0040667,0.133,80.0,0.168
162,1.61,0.0048154,0.013603,0.036464,0.024933,0.011531,0.043,80.0,0.168,0.0035425,0.010349,0.027384,0.018877,0.0085067,0.065,80.0,0.168,0.001632,0.0055906,0.01405,0.010033,0.0040176,0.133,80.0,0.168
163,1.62,0.0047568,0.013528,0.036199,0.024788,0.01141,0.043,80.0,0.168,0.003499,0.010288,0.027175,0.018759,0.0084161,0.065,80.0,0.168,0.001609,0.0055491,0.013924,0.0099551,0.0039688,0.133,80.0,0.168
164,1.6300000000000001,0.0046982,0.013454,0.035934,0.024644,0.011289,0.043,80.0,0.168,0.0034555,0.010227,0.026968,0.018642,0.0083256,0.065,80.0,0.168,0.0015862,0.0055078,0.013798,0.0098781,0.0039202,0.133,80.0,0.168
165,1.6400000000000001,0.0046397,0.01338,0.035669,0.024501,0.011169,0.043,80.0,0.168,0.0034121,0.010166,0.02676,0.018525,0.0082353,0.065,80.0,0.168,0.0015634,0.0054668,0.013673,0.0098015,0.0038718,0.133,80.0,0.168
166,1.6500000000000001,0.0045812,0.013307,0.035405,0.024357,0.011048,0.043,80.0,0.168,0.0033687,0.010105,0.026554,0.018409,0.0081452,0.065,80.0,0.168,0.0015407,0.005426,0.013549,0.0097254,0.0038237,0.133,80.0,0.168
167,1.6600000000000001,0.0045228,0.013233,0.035141,0.024214,0.010927,0.043,80.0,0.168,0.0033254,0.010045,0.026348,0.018293,0.0080552,0.065,80.0,0.168,0.0015181,0.0053854,0.013425,0.0096497,0.0037757,0.133,80.0,0.168
168,1.67,0.0044644,0.01316,0.034878,0.024071,0.010807,0.043,80.0,0.168,0.0032822,0.0099844,0.026142,0.018177,0.0079654,0.065,80.0,0.168,0.0014955,0.0053451,0.013302,0.0095745,0.0037279,0.133,80.0,0.168
169,1.68,0.0044061,0.013086,0.034615,0.023929,0.010686,0.043,80.0,0.168,0.0032391,0.0099244,0.025937,0.018062,0.0078758,0.065,80.0,0.168,0.001473,0.005305,0.01318,0.0094998,0.0036803,0.133,80.0,0.168
170,1.69,0.0043478,0.013013,0.034352,0.023786,0.010566,0.043,80.0,0.168,0.003196,0.0098645,0.025733,0.017947,0.0077863,0.065,80.0,0.168,0.0014506,0.0052651,0.013058,0.0094255,0.003633,0.133,80.0,0.168
171,1.7,0.0042896,0.01294,0.03409,0.023645,0.010446,0.043,80.0,0.168,0.003153,0.0098048,0.025529,0.017832,0.007697,0.065,80.0,0.168,0.0014283,0.0052255,0.012938,0.0093517,0.0035859,0.133,80.0,0.168
172,1.71,0.0042314,0.012867,0.033829,0.023503,0.010326,0.043,80.0,0.168,0.00311,0.0097453,0.025326,0.017718,0.007608,0.065,80.0,0.168,0.001406,0.0051861,0.012817,0.0092784,0.003539,0.133,80.0,0.168
173,1.72,0.0041732,0.012795,0.033567,0.023362,0.010206,0.043,80.0,0.168,0.0030671,0.009686,0.025123,0.017604,0.0075191,0.065,80.0,0.168,0.0013838,0.0051469,0.012698,0.0092055,0.0034924,0.133,80.0,0.168
174,1.73,0.0041152,0.012722,0.033307,0.023221,0.010086,0.043,80.0,0.168,0.0030243,0.009627,0.024921,0.017491,0.0074304,0.065,80.0,0.168,0.0013617,0.005108,0.012579,0.009133,0.003446,0.133,80.0,0.168
175,1.74,0.0040571,0.01265,0.033046,0.02308,0.009966,0.043,80.0,0.168,0.0029816,0.0095681,0.02472,0.017378,0.007342,0.065,80.0,0.168,0.0013396,0.0050692,0.012461,0.0090611,0.0034,0.133,80.0,0.168
176,1.75,0.0039991,0.012578,0.032786,0.02294,0.0098465,0.043,80.0,0.168,0.0029389,0.0095094,0.024519,0.017265,0.0072539,0.065,80.0,0.168,0.0013176,0.0050308,0.012344,0.0089896,0.0033543,0.133,80.0,0.168
177,1.76,0.0039412,0.012506,0.032527,0.0228,0.0097273,0.043,80.0,0.168,0.0028962,0.0094509,0.024319,0.017153,0.0071661,0.065,80.0,0.168,0.0012957,0.0049925,0.012228,0.0089186,0.0033091,0.133,80.0,0.168
178,1.77,0.0038833,0.012434,0.032269,0.02266,0.0096083,0.043,80.0,0.168,0.0028537,0.0093926,0.02412,0.017042,0.0070788,0.065,80.0,0.168,0.0012739,0.0049545,0.012113,0.0088482,0.0032643,0.133,80.0,0.168
179,1.78,0.0038254,0.012362,0.032011,0.022521,0.0094896,0.043,80.0,0.168,0.0028112,0.0093345,0.023923,0.016931,0.0069921,0.065,80.0,0.168,0.0012522,0.0049167,0.011999,0.0087784,0.0032203,0.133,80.0,0.168
180,1.79,0.0037677,0.012291,0.031752,0.022382,0.0093701,0.043,80.0,0.168,0.0027688,0.0092767,0.023726,0.01682,0.0069062,0.065,80.0,0.168,0.0012305,0.0048792,0.011886,0.0087092,0.0031772,0.133,80.0,0.168
181,1.8,0.0037069,0.012217,0.031489,0.022239,0.0092499,0.043,150.0,0.315,0.0027248,0.009217,0.023528,0.016708,0.00682,0.065,150.0,0.315,0.0012083,0.0048411,0.011777,0.0086409,0.0031359,0.133,150.0,0.315
182,1.81,0.0035951,0.012091,0.03102,0.022002,0.0090184,0.043,150.0,0.315,0.0026416,0.0091186,0.023174,0.016526,0.006648,0.065,150.0,0.315,0.0011643,0.0047816,0.011583,0.008538,0.0030449,0.133,150.0,0.315
183,1.82,0.0034829,0.011966,0.030544,0.021759,0.0087842,0.043,150.0,0.315,0.0025581,0.0090202,0.022813,0.01634,0.0064735,0.065,150.0,0.315,0.00112,0.004722,0.011382,0.0084304,0.0029518,0.133,150.0,0.315
184,1.83,0.0033705,0.011841,0.030063,0.021515,0.0085481,0.043,150.0,0.315,0.0024743,0.0089216,0.022449,0.016151,0.0062973,0.065,150.0,0.315,0.0010754,0.0046625,0.011178,0.0083211,0.0028574,0.133,150.0,0.315
185,1.84,0.0032577,0.011715,0.029579,0.021269,0.00831,0.043,150.0,0.315,0.0023902,0.0088231,0.022081,0.015962,0.0061196,0.065,150.0,0.315,0.0010307,0.0046031,0.010973,0.0082107,0.0027619,0.133,150.0,0.315
186,1.85,0.0031447,0.011589,0.029093,0.021023,0.00807,0.043,150.0,0.315,0.0023059,0.0087246,0.021711,0.015771,0.0059403,0.065,150.0,0.315,0.00098589,0.0045438,0.010765,0.0080995,0.0026654,0.133,150.0,0.315
187,1.86,0.0030314,0.011464,0.028602,0.020775,0.0078279,0.043,150.0,0.315,0.0022214,0.0086261,0.021339,0.015579,0.0057594,0.065,150.0,0.315,0.00094089,0.0044846,0.010556,0.0079878,0.0025677,0.133,150.0,0.315
188,1.87,0.0029177,0.011338,0.028109,0.020525,0.0075834,0.043,150.0,0.315,0.0021367,0.0085276,0.020963,0.015387,0.0055768,0.065,150.0,0.315,0.00089572,0.0044255,0.010345,0.0078756,0.002469,0.133,150.0,0.315
189,1.8800000000000001,0.0028037,0.011212,0.027611,0.020275,0.0073363,0.043,150.0,0.315,0.0020517,0.0084291,0.020586,0.015193,0.0053921,0.065,150.0,0.315,0.00085037,0.0043666,0.010132,0.0077629,0.002369,0.133,150.0,0.315
190,1.8900000000000001,0.0026893,0.011086,0.02711,0.020024,0.0070862,0.043,150.0,0.315,0.0019664,0.0083305,0.020205,0.014999,0.0052052,0.065,150.0,0.315,0.00080483,0.0043077,0.0099173,0.0076498,0.0022675,0.133,150.0,0.315
191,1.9000000000000001,0.0025744,0.010959,0.026603,0.019771,0.0068327,0.043,150.0,0.315,0.0018807,0.0082319,0.01982,0.014804,0.0050158,0.065,150.0,0.315,0.00075906,0.0042489,0.0097006,0.0075362,0.0021644,0.133,150.0,0.315
192,1.9100000000000001,0.002459,0.010832,0.026091,0.019516,0.0065751,0.043,150.0,0.315,0.0017947,0.0081331,0.019431,0.014608,0.0048233,0.065,150.0,0.315,0.00071304,0.0041901,0.0094814,0.0074221,0.0020593,0.133,150.0,0.315
193,1.92,0.0023429,0.010705,0.025573,0.01926,0.0063127,0.043,150.0,0.315,0.0017081,0.0080341,0.019037,0.01441,0.0046272,0.065,150.0,0.315,0.00066671,0.0041313,0.0092591,0.0073072,0.0019519,0.133,150.0,0.315
194,1.93,0.0022262,0.010578,0.025046,0.019001,0.0060446,0.043,150.0,0.315,0.0016211,0.0079348,0.018638,0.014211,0.0044268,0.065,150.0,0.315,0.00062002,0.0040725,0.0090331,0.0071914,0.0018417,0.133,150.0,0.315
195,1.94,0.0021086,0.010449,0.024509,0.01874,0.0057695,0.043,150.0,0.315,0.0015334,0.0078351,0.018231,0.01401,0.0042212,0.065,150.0,0.315,0.00057291,0.0040135,0.0088025,0.0070745,0.001728,0.133,150.0,0.315
196,1.95,0.0019899,0.01032,0.02396,0.018474,0.0054856,0.043,150.0,0.315,0.001445,0.007735,0.017815,0.013806,0.004009,0.065,150.0,0.315,0.00052528,0.0039543,0.008566,0.0069561,0.0016099,0.133,150.0,0.315
197,1.96,0.00187,0.01019,0.023395,0.018205,0.0051903,0.043,150.0,0.315,0.0013556,0.0076341,0.017387,0.013599,0.0037881,0.065,150.0,0.315,0.00047699,0.0038948,0.0083217,0.0068356,0.0014861,0.133,150.0,0.315
198,1.97,0.0017485,0.010059,0.022808,0.017929,0.0048794,0.043,150.0,0.315,0.0012649,0.0075323,0.016943,0.013387,0.0035555,0.065,150.0,0.315,0.00042787,0.0038348,0.0080664,0.0067123,0.0013541,0.133,150.0,0.315
199,1.98,0.0016248,0.0099254,0.02219,0.017644,0.0045455,0.043,150.0,0.315,0.0011726,0.0074292,0.016475,0.013169,0.0033055,0.065,150.0,0.315,0.00037759,0.003774,0.0077946,0.0065846,0.0012101,0.133,150.0,0.315
200,1.99,0.0014979,0.0097891,0.021518,0.017345,0.0041733,0.043,150.0,0.315,0.0010779,0.0073239,0.015966,0.01294,0.0030264,0.065,150.0,0.315,0.00032559,0.0037118,0.0074943,0.0064492,0.0010451,0.133,150.0,0.315
201,2.0,0.0013716,0.0096456,0.020696,0.016992,0.0037035,0.0475,0.5,0.00105,0.0009769,0.0071776,0.015201,0.012553,0.0026479,0.05,0.5,0.00105,0.00027093,0.0036265,0.0070351,0.0062231,0.00081197,0.1,0.5,0.00105
202,2.0100000000000002,0.0013695,0.0096337,0.020653,0.016957,0.0036965,0.0475,0.5,0.01148,0.00097545,0.0071686,0.015173,0.01253,0.0026433,0.05,0.5,0.01148,0.00027018,0.0036187,0.0070113,0.0062021,0.00080919,0.1,0.5,0.01148
203,2.02,0.0013673,0.0096217,0.020611,0.016922,0.0036889,0.0475,0.5,0.01148,0.00097387,0.0071595,0.015144,0.012506,0.002638,0.05,0.5,0.01148,0.00026936,0.0036109,0.0069873,0.0061812,0.00080604,0.1,0.5,0.01148
204,2.0300000000000002,0.0013651,0.0096098,0.02057,0.016888,0.0036813,0.0475,0.5,0.01148,0.0009723,0.0071504,0.015115,0.012482,0.0026329,0.05,0.5,0.01148,0.00026855,0.003603,0.0069638,0.0061608,0.00080295,0.1,0.5,0.01148
205,2.04,0.001363,0.0095978,0.020529,0.016855,0.0036739,0.0475,0.5,0.01148,0.00097074,0.0071412,0.015087,0.012459,0.0026277,0.05,0.5,0.01148,0.00026775,0.0035953,0.0069408,0.0061408,0.00079994,0.1,0.5,0.01148
206,2.05,0.0013608,0.009586,0.020489,0.016822,0.0036666,0.0475,0.5,0.01148,0.00096919,0.0071322,0.015059,0.012436,0.0026227,0.05,0.5,0.01148,0.00026696,0.0035875,0.0069181,0.0061212,0.00079697,0.1,0.5,0.01148
207,2.06,0.0013587,0.0095741,0.020449,0.01679,0.0036594,0.0475,0.5,0.01148,0.00096765,0.0071231,0.015031,0.012414,0.0026176,0.05,0.5,0.01148,0.00026618,0.0035798,0.0068959,0.0061018,0.00079406,0.1,0.5,0.01148
208,2.07,0.0013566,0.0095623,0.02041,0.016758,0.0036523,0.0475,0.5,0.01148,0.00096612,0.0071141,0.015004,0.012391,0.0026127,0.05,0.5,0.01148,0.0002654,0.0035722,0.006874,0.0060828,0.00079119,0.1,0.5,0.01148
209,2.08,0.0013544,0.0095505,0.020372,0.016727,0.0036453,0.0475,0.5,0.01148,0.00096459,0.0071051,0.014977,0.012369,0.0026077,0.05,0.5,0.01148,0.00026463,0.0035645,0.0068524,0.006064,0.00078836,0.1,0.5,0.01148
210,2.09,0.0013523,0.0095388,0.020335,0.016696,0.0036384,0.0475,0.5,0.01148,0.00096307,0.0070961,0.01495,0.012347,0.0026029,0.05,0.5,0.01148,0.00026387,0.0035569,0.006831,0.0060455,0.00078558,0.1,0.5,0.01148
211,2.1,0.0013503,0.0095271,0.020297,0.016666,0.0036315,0.0475,0.5,0.01148,0.00096156,0.0070871,0.014923,0.012325,0.002598,0.05,0.5,0.01148,0.00026312,0.0035493,0.00681,0.0060272,0.00078283,0.1,0.5,0.01148
212,2.11,0.0013482,0.0095154,0.020261,0.016636,0.0036247,0.0475,0.5,0.01148,0.00096006,0.0070782,0.014897,0.012303,0.0025932,0.05,0.5,0.01148,0.00026237,0.0035418,0.0067892,0.0060091,0.00078012,0.1,0.5,0.01148
213,2.12,0.0013461,0.0095037,0.020224,0.016606,0.003618,0.0475,0.5,0.01148,0.00095856,0.0070692,0.01487,0.012282,0.0025884,0.05,0.5,0.01148,0.00026162,0.0035342,0.0067687,0.0059912,0.00077745,0.1,0.5,0.01148
214,2.13,0.0013441,0.0094921,0.020188,0.016577,0.0036114,0.0475,0.5,0.01148,0.00095707,0.0070603,0.014844,0.012261,0.0025837,0.05,0.5,0.01148,0.00026088,0.0035267,0.0067484,0.0059736,0.00077481,0.1,0.5,0.01148
215,2.14,0.001342,0.0094805,0.020153,0.016548,0.0036048,0.0475,0.5,0.01148,0.00095558,0.0070514,0.014819,0.01224,0.002579,0.05,0.5,0.01148,0.00026015,0.0035192,0.0067283,0.0059561,0.00077219,0.1,0.5,0.01148
216,2.15,0.00134,0.0094689,0.020118,0.016519,0.0035983,0.0475,0.5,0.01148,0.0009541,0.0070425,0.014793,0.012219,0.0025743,0.05,0.5,0.01148,0.00025942,0.0035118,0.0067084,0.0059388,0.00076961,0.1,0.5,0.01148
217,2.16,0.001338,0.0094574,0.020083,0.016491,0.0035919,0.0475,0.5,0.01148,0.00095263,0.0070337,0.014768,0.012198,0.0025697,0.05,0.5,0.01148,0.0002587,0.0035043,0.0066887,0.0059217,0.00076705,0.1,0.5,0.01148
218,2.17,0.001336,0.0094459,0.020048,0.016463,0.0035854,0.0475,0.5,0.01148,0.00095117,0.0070249,0.014742,0.012177,0.0025651,0.05,0.5,0.01148,0.00025798,0.0034969,0.0066692,0.0059047,0.00076452,0.1,0.5,0.01148
219,2.18,0.0013339,0.0094344,0.020014,0.016435,0.0035791,0.0475,0.5,0.01148,0.00094971,0.0070161,0.014717,0.012157,0.0025605,0.05,0.5,0.01148,0.00025727,0.0034895,0.0066499,0.0058879,0.00076202,0.1,0.5,0.01148
220,2.19,0.001332,0.0094229,0.01998,0.016407,0.0035728,0.0475,0.5,0.01148,0.00094825,0.0070073,0.014692,0.012136,0.002556,0.05,0.5,0.01148,0.00025656,0.0034822,0.0066307,0.0058712,0.00075954,0.1,0.5,0.01148
221,2.2,0.00133,0.0094114,0.019947,0.01638,0.0035665,0.0475,0.5,0.01148,0.0009468,0.0069985,0.014668,0.012116,0.0025514,0.05,0.5,0.01148,0.00025586,0.0034748,0.0066117,0.0058546,0.00075708,0.1,0.5,0.01148
222,2.21,0.001328,0.0094,0.019913,0.016353,0.0035603,0.0475,0.5,0.01148,0.00094536,0.0069897,0.014643,0.012096,0.0025469,0.05,0.5,0.01148,0.00025516,0.0034675,0.0065929,0.0058382,0.00075465,0.1,0.5,0.01148
223,2.22,0.001326,0.0093886,0.01988,0.016326,0.0035542,0.0475,0.5,0.01148,0.00094392,0.006981,0.014618,0.012076,0.0025425,0.05,0.5,0.01148,0.00025446,0.0034602,0.0065742,0.0058219,0.00075224,0.1,0.5,0.01148
224,2.23,0.0013241,0.0093772,0.019847,0.016299,0.003548,0.0475,0.5,0.01148,0.00094249,0.0069722,0.014594,0.012056,0.002538,0.05,0.5,0.01148,0.00025377,0.003453,0.0065556,0.0058058,0.00074985,0.1,0.5,0.01148
225,2.24,0.0013221,0.0093659,0.019814,0.016272,0.003542,0.0475,0.5,0.01148,0.00094106,0.0069635,0.01457,0.012036,0.0025336,0.05,0.5,0.01148,0.00025308,0.0034457,0.0065372,0.0057897,0.00074747,0.1,0.5,0.01148
226,2.25,0.0013202,0.0093546,0.019782,0.016246,0.0035359,0.0475,0.5,0.01148,0.00093964,0.0069548,0.014546,0.012017,0.0025292,0.05,0.5,0.01148,0.0002524,0.0034385,0.0065189,0.0057738,0.00074512,0.1,0.5,0.01148
227,2.2600000000000002,0.0013182,0.0093433,0.01975,0.01622,0.0035299,0.0475,0.5,0.01148,0.00093822,0.0069462,0.014522,0.011997,0.0025249,0.05,0.5,0.01148,0.00025172,0.0034313,0.0065008,0.005758,0.00074279,0.1,0.5,0.01148
228,2.27,0.0013163,0.009332,0.019718,0.016194,0.0035239,0.0475,0.5,0.01148,0.00093681,0.0069375,0.014498,0.011977,0.0025205,0.05,0.5,0.01148,0.00025104,0.0034241,0.0064828,0.0057423,0.00074048,0.1,0.5,0.01148
229,2.2800000000000002,0.0013144,0.0093207,0.019686,0.016168,0.003518,0.0475,0.5,0.01148,0.0009354,0.0069289,0.014474,0.011958,0.0025162,0.05,0.5,0.01148,0.00025037,0.0034169,0.0064649,0.0057267,0.00073818,0.1,0.5,0.01148
230,2.29,0.0013125,0.0093095,0.019654,0.016142,0.0035121,0.0475,0.5,0.01148,0.000934,0.0069202,0.014451,0.011939,0.0025119,0.05,0.5,0.01148,0.0002497,0.0034098,0.0064471,0.0057112,0.0007359,0.1,0.5,0.01148
231,2.3000000000000003,0.0013105,0.0092983,0.019622,0.016116,0.0035062,0.0475,0.5,0.01148,0.0009326,0.0069116,0.014427,0.011919,0.0025076,0.05,0.5,0.01148,0.00024904,0.0034027,0.0064294,0.0056958,0.00073364,0.1,0.5,0.01148
232,2.31,0.0013086,0.0092871,0.019591,0.016091,0.0035004,0.0475,0.5,0.01148,0.00093121,0.006903,0.014404,0.0119,0.0025033,0.05,0.5,0.01148,0.00024838,0.0033956,0.0064119,0.0056805,0.0007314,0.1,0.5,0.01148
233,2.32,0.0013067,0.0092759,0.01956,0.016065,0.0034945,0.0475,0.5,0.01148,0.00092982,0.0068945,0.01438,0.011881,0.0024991,0.05,0.5,0.01148,0.00024772,0.0033885,0.0063944,0.0056652,0.00072917,0.1,0.5,0.01148
234,2.33,0.0013048,0.0092647,0.019529,0.01604,0.0034888,0.0475,0.5,0.01148,0.00092843,0.0068859,0.014357,0.011862,0.0024949,0.05,0.5,0.01148,0.00024706,0.0033815,0.0063771,0.0056501,0.00072696,0.1,0.5,0.01148
235,2.34,0.001303,0.0092536,0.019498,0.016015,0.003483,0.0475,0.5,0.01148,0.00092705,0.0068774,0.014334,0.011844,0.0024907,0.05,0.5,0.01148,0.00024641,0.0033744,0.0063599,0.0056351,0.00072476,0.1,0.5,0.01148
236,2.35,0.0013011,0.0092425,0.019467,0.01599,0.0034773,0.0475,0.5,0.01148,0.00092568,0.0068688,0.014311,0.011825,0.0024865,0.05,0.5,0.01148,0.00024577,0.0033674,0.0063427,0.0056202,0.00072258,0.1,0.5,0.01148
237,2.36,0.0012992,0.0092314,0.019437,0.015965,0.0034716,0.0475,0.5,0.01148,0.0009243,0.0068603,0.014288,0.011806,0.0024823,0.05,0.5,0.01148,0.00024512,0.0033604,0.0063257,0.0056053,0.00072041,0.1,0.5,0.01148
238,2.37,0.0012973,0.0092203,0.019406,0.015941,0.0034659,0.0475,0.5,0.01148,0.00092294,0.0068518,0.014266,0.011787,0.0024782,0.05,0.5,0.01148,0.00024448,0.0033535,0.0063088,0.0055905,0.00071826,0.1,0.5,0.01148
239,2.38,0.0012955,0.0092093,0.019376,0.015916,0.0034603,0.0475,0.5,0.01148,0.00092158,0.0068433,0.014243,0.011769,0.002474,0.05,0.5,0.01148,0.00024384,0.0033465,0.0062919,0.0055758,0.00071612,0.1,0.5,0.01148
240,2.39,0.0012936,0.0091982,0.019346,0.015891,0.0034547,0.0475,0.5,0.01148,0.00092022,0.0068349,0.01422,0.01175,0.0024699,0.05,0.5,0.01148,0.00024321,0.0033396,0.0062752,0.0055612,0.00071399,0.1,0.5,0.01148
241,2.4,0.0012918,0.0091872,0.019316,0.015867,0.0034491,0.0475,0.5,0.01148,0.00091887,0.0068264,0.014198,0.011732,0.0024658,0.05,0.5,0.01148,0.00024258,0.0033327,0.0062586,0.0055467,0.00071188,0.1,0.5,0.01148
242,2.41,0.0012899,0.0091762,0.019286,0.015843,0.0034435,0.0475,0.5,0.01148,0.00091752,0.006818,0.014175,0.011714,0.0024618,0.05,0.5,0.01148,0.00024195,0.0033258,0.006242,0.0055322,0.00070979,0.1,0.5,0.01148
243,2.42,0.0012881,0.0091653,0.019256,0.015818,0.003438,0.0475,0.5,0.01148,0.00091617,0.0068096,0.014153,0.011695,0.0024577,0.05,0.5,0.01148,0.00024132,0.0033189,0.0062256,0.0055179,0.0007077,0.1,0.5,0.01148
244,2.43,0.0012863,0.0091543,0.019227,0.015794,0.0034324,0.0475,0.5,0.01148,0.00091483,0.0068012,0.014131,0.011677,0.0024536,0.05,0.5,0.01148,0.0002407,0.0033121,0.0062092,0.0055036,0.00070563,0.1,0.5,0.01148
245,2.44,0.0012845,0.0091434,0.019197,0.01577,0.003427,0.0475,0.5,0.01148,0.00091349,0.0067928,0.014109,0.011659,0.0024496,0.05,0.5,0.01148,0.00024008,0.0033052,0.0061929,0.0054893,0.00070357,0.1,0.5,0.01148
246,2.45,0.0012826,0.0091325,0.019168,0.015746,0.0034215,0.0475,0.5,0.01148,0.00091216,0.0067844,0.014087,0.011641,0.0024456,0.05,0.5,0.01148,0.00023947,0.0032984,0.0061767,0.0054752,0.00070153,0.1,0.5,0.01148
247,2.46,0.0012808,0.0091216,0.019139,0.015723,0.003416,0.0475,0.5,0.01148,0.00091083,0.006776,0.014065,0.011623,0.0024416,0.05,0.5,0.01148,0.00023885,0.0032916,0.0061606,0.0054611,0.0006995,0.1,0.5,0.01148
248,2.47,0.001279,0.0091107,0.01911,0.015699,0.0034106,0.0475,0.5,0.01148,0.0009095,0.0067677,0.014043,0.011605,0.0024376,0.05,0.5,0.01148,0.00023824,0.0032848,0.0061446,0.0054471,0.00069748,0.1,0.5,0.01148
249,2.48,0.0012772,0.0090999,0.01908,0.015675,0.0034052,0.0475,0.5,0.01148,0.00090818,0.0067594,0.014021,0.011587,0.0024337,0.05,0.5,0.01148,0.00023764,0.0032781,0.0061286,0.0054332,0.00069547,0.1,0.5,0.01148
250,2.49,0.0012754,0.009089,0.019052,0.015652,0.0033998,0.0475,0.5,0.01148,0.00090686,0.0067511,0.013999,0.011569,0.0024297,0.05,0.5,0.01148,0.00023703,0.0032713,0.0061128,0.0054193,0.00069347,0.1,0.5,0.01148
251,2.5,0.0012736,0.0090782,0.019023,0.015628,0.0033945,0.0475,0.5,0.01148,0.00090555,0.0067428,0.013978,0.011552,0.0024258,0.05,0.5,0.01148,0.00023643,0.0032646,0.006097,0.0054055,0.00069149,0.1,0.5,0.01148
252,2.5100000000000002,0.0012718,0.0090674,0.018994,0.015605,0.0033891,0.0475,0.5,0.01148,0.00090424,0.0067345,0.013956,0.011534,0.0024219,0.05,0.5,0.01148,0.00023583,0.0032579,0.0060813,0.0053918,0.00068952,0.1,0.5,0.01148
253,2.52,0.00127,0.0090567,0.018965,0.015582,0.0033838,0.0475,0.5,0.01148,0.00090293,0.0067262,0.013934,0.011516,0.002418,0.05,0.5,0.01148,0.00023523,0.0032512,0.0060656,0.0053781,0.00068755,0.1,0.5,0.01148
254,2.5300000000000002,0.0012683,0.0090459,0.018937,0.015558,0.0033785,0.0475,0.5,0.01148,0.00090163,0.0067179,0.013913,0.011499,0.0024141,0.05,0.5,0.01148,0.00023464,0.0032446,0.0060501,0.0053645,0.00068561,0.1,0.5,0.01148
255,2.54,0.0012665,0.0090352,0.018909,0.015535,0.0033732,0.0475,0.5,0.01148,0.00090033,0.0067097,0.013892,0.011481,0.0024102,0.05,0.5,0.01148,0.00023405,0.0032379,0.0060346,0.0053509,0.00068367,0.1,0.5,0.01148
256,2.5500000000000003,0.0012647,0.0090244,0.01888,0.015512,0.003368,0.0475,0.5,0.01148,0.00089903,0.0067015,0.01387,0.011464,0.0024064,0.05,0.5,0.01148,0.00023346,0.0032313,0.0060192,0.0053375,0.00068174,0.1,0.5,0.01148
257,2.56,0.001263,0.0090137,0.018852,0.015489,0.0033628,0.0475,0.5,0.01148,0.00089774,0.0066933,0.013849,0.011447,0.0024025,0.05,0.5,0.01148,0.00023287,0.0032247,0.0060039,0.0053241,0.00067982,0.1,0.5,0.01148
258,2.57,0.0012612,0.009003,0.018824,0.015467,0.0033576,0.0475,0.5,0.01148,0.00089645,0.0066851,0.013828,0.011429,0.0023987,0.05,0.5,0.01148,0.00023229,0.0032181,0.0059886,0.0053107,0.00067791,0.1,0.5,0.01148
259,2.58,0.0012595,0.0089924,0.018796,0.015444,0.0033524,0.0475,0.5,0.01148,0.00089517,0.0066769,0.013807,0.011412,0.0023949,0.05,0.5,0.01148,0.00023171,0.0032115,0.0059734,0.0052974,0.00067602,0.1,0.5,0.01148
260,2.59,0.0012577,0.0089817,0.018768,0.015421,0.0033472,0.0475,0.5,0.01148,0.00089388,0.0066687,0.013786,0.011395,0.0023911,0.05,0.5,0.01148,0.00023113,0.003205,0.0059583,0.0052842,0.00067413,0.1,0.5,0.01148
261,2.6,0.001256,0.0089711,0.018741,0.015399,0.003342,0.0475,0.5,0.01148,0.00089261,0.0066605,0.013765,0.011378,0.0023873,0.05,0.5,0.01148,0.00023055,0.0031984,0.0059433,0.005271,0.00067226,0.1,0.5,0.01148
262,2.61,0.0012542,0.0089605,0.018713,0.015376,0.0033369,0.0475,0.5,0.01148,0.00089133,0.0066524,0.013744,0.011361,0.0023835,0.05,0.5,0.01148,0.00022998,0.0031919,0.0059283,0.0052579,0.00067039,0.1,0.5,0.01148
263,2.62,0.0012525,0.0089499,0.018685,0.015353,0.0033318,0.0475,0.5,0.01148,0.00089006,0.0066443,0.013724,0.011344,0.0023798,0.05,0.5,0.01148,0.00022941,0.0031854,0.0059134,0.0052449,0.00066854,0.1,0.5,0.01148
264,2.63,0.0012508,0.0089393,0.018658,0.015331,0.0033267,0.0475,0.5,0.01148,0.00088879,0.0066362,0.013703,0.011327,0.002376,0.05,0.5,0.01148,0.00022884,0.0031789,0.0058986,0.0052319,0.00066669,0.1,0.5,0.01148
265,2.64,0.001249,0.0089287,0.01863,0.015309,0.0033216,0.0475,0.5,0.01148,0.00088753,0.0066281,0.013682,0.01131,0.0023723,0.05,0.5,0.01148,0.00022827,0.0031725,0.0058838,0.005219,0.00066486,0.1,0.5,0.01148
266,2.65,0.0012473,0.0089182,0.018603,0.015287,0.0033165,0.0475,0.5,0.01148,0.00088627,0.00662,0.013662,0.011293,0.0023686,0.05,0.5,0.01148,0.00022771,0.003166,0.0058691,0.0052061,0.00066303,0.1,0.5,0.01148
267,2.66,0.0012456,0.0089077,0.018576,0.015264,0.0033115,0.0475,0.5,0.01148,0.00088501,0.0066119,0.013641,0.011276,0.0023649,0.05,0.5,0.01148,0.00022715,0.0031596,0.0058545,0.0051933,0.00066122,0.1,0.5,0.01148
268,2.67,0.0012439,0.0088972,0.018549,0.015242,0.0033064,0.0475,0.5,0.01148,0.00088376,0.0066038,0.013621,0.01126,0.0023612,0.05,0.5,0.01148,0.00022659,0.0031531,0.0058399,0.0051805,0.00065941,0.1,0.5,0.01148
269,2.68,0.0012422,0.0088867,0.018522,0.01522,0.0033014,0.0475,0.5,0.01148,0.0008825,0.0065958,0.0136,0.011243,0.0023575,0.05,0.5,0.01148,0.00022603,0.0031467,0.0058254,0.0051678,0.00065761,0.1,0.5,0.01148
270,2.69,0.0012405,0.0088762,0.018495,0.015198,0.0032964,0.0475,0.5,0.01148,0.00088126,0.0065878,0.01358,0.011226,0.0023538,0.05,0.5,0.01148,0.00022548,0.0031404,0.005811,0.0051552,0.00065582,0.1,0.5,0.01148
271,2.7,0.0012388,0.0088657,0.018468,0.015176,0.0032914,0.0475,0.5,0.01148,0.00088001,0.0065797,0.01356,0.01121,0.0023502,0.05,0.5,0.01148,0.00022493,0.003134,0.0057966,0.0051426,0.00065404,0.1,0.5,0.01148
272,2.71,0.0012371,0.0088553,0.018441,0.015155,0.0032865,0.0475,0.5,0.01148,0.00087877,0.0065717,0.01354,0.011193,0.0023465,0.05,0.5,0.01148,0.00022438,0.0031276,0.0057823,0.00513,0.00065228,0.1,0.5,0.01148
273,2.72,0.0012354,0.0088449,0.018414,0.015133,0.0032815,0.0475,0.5,0.01148,0.00087753,0.0065637,0.01352,0.011177,0.0023429,0.05,0.5,0.01148,0.00022383,0.0031213,0.005768,0.0051175,0.00065051,0.1,0.5,0.01148
274,2.73,0.0012337,0.0088345,0.018388,0.015111,0.0032766,0.0475,0.5,0.01148,0.0008763,0.0065557,0.013499,0.01116,0.0023393,0.05,0.5,0.01148,0.00022328,0.003115,0.0057539,0.0051051,0.00064876,0.1,0.5,0.01148
275,2.74,0.001232,0.0088241,0.018361,0.01509,0.0032717,0.0475,0.5,0.01148,0.00087506,0.0065478,0.013479,0.011144,0.0023357,0.05,0.5,0.01148,0.00022274,0.0031087,0.0057397,0.0050927,0.00064702,0.1,0.5,0.01148
276,2.75,0.0012304,0.0088137,0.018335,0.015068,0.0032668,0.0475,0.5,0.01148,0.00087384,0.0065398,0.01346,0.011127,0.0023321,0.05,0.5,0.01148,0.0002222,0.0031024,0.0057257,0.0050804,0.00064528,0.1,0.5,0.01148
277,2.7600000000000002,0.0012287,0.0088034,0.018308,0.015046,0.0032619,0.0475,0.5,0.01148,0.00087261,0.0065319,0.01344,0.011111,0.0023285,0.05,0.5,0.01148,0.00022166,0.0030961,0.0057117,0.0050681,0.00064356,0.1,0.5,0.01148
278,2.77,0.001227,0.008793,0.018282,0.015025,0.003257,0.0475,0.5,0.01148,0.00087139,0.006524,0.01342,0.011095,0.0023249,0.05,0.5,0.01148,0.00022112,0.0030899,0.0056977,0.0050559,0.00064184,0.1,0.5,0.01148
279,2.7800000000000002,0.0012254,0.0087827,0.018256,0.015004,0.0032522,0.0475,0.5,0.01148,0.00087017,0.006516,0.0134,0.011079,0.0023213,0.05,0.5,0.01148,0.00022059,0.0030836,0.0056838,0.0050437,0.00064013,0.1,0.5,0.01148
280,2.79,0.0012237,0.0087724,0.01823,0.014982,0.0032474,0.0475,0.5,0.01148,0.00086895,0.0065081,0.01338,0.011063,0.0023178,0.05,0.5,0.01148,0.00022005,0.0030774,0.00567,0.0050315,0.00063843,0.1,0.5,0.01148
281,2.8000000000000003,0.001222,0.0087621,0.018204,0.014961,0.0032426,0.0475,0.5,0.01148,0.00086774,0.0065002,0.013361,0.011047,0.0023143,0.05,0.5,0.01148,0.00021952,0.0030712,0.0056562,0.0050195,0.00063674,0.1,0.5,0.01148
282,2.81,0.0012204,0.0087518,0.018178,0.01494,0.0032378,0.0475,0.5,0.01148,0.00086653,0.0064924,0.013341,0.011031,0.0023107,0.05,0.5,0.01148,0.00021899,0.003065,0.0056425,0.0050074,0.00063506,0.1,0.5,0.01148
283,2.82,0.0012187,0.0087416,0.018152,0.014919,0.003233,0.0475,0.5,0.01148,0.00086532,0.0064845,0.013322,0.011015,0.0023072,0.05,0.5,0.01148,0.00021847,0.0030589,0.0056288,0.0049955,0.00063338,0.1,0.5,0.01148
284,2.83,0.0012171,0.0087313,0.018126,0.014898,0.0032282,0.0475,0.5,0.01148,0.00086412,0.0064766,0.013302,0.010999,0.0023037,0.05,0.5,0.01148,0.00021794,0.0030527,0.0056152,0.0049835,0.00063171,0.1,0.5,0.01148
285,2.84,0.0012155,0.0087211,0.0181,0.014877,0.0032234,0.0475,0.5,0.01148,0.00086291,0.0064688,0.013283,0.010983,0.0023002,0.05,0.5,0.01148,0.00021742,0.0030466,0.0056017,0.0049716,0.00063005,0.1,0.5,0.01148
286,2.85,0.0012138,0.0087109,0.018075,0.014856,0.0032187,0.0475,0.5,0.01148,0.00086172,0.006461,0.013264,0.010967,0.0022967,0.05,0.5,0.01148,0.0002169,0.0030404,0.0055882,0.0049598,0.0006284,0.1,0.5,0.01148
287,2.86,0.0012122,0.0087007,0.018049,0.014835,0.003214,0.0475,0.5,0.01148,0.00086052,0.0064532,0.013244,0.010951,0.0022933,0.05,0.5,0.01148,0.00021638,0.0030343,0.0055747,0.004948,0.00062675,0.1,0.5,0.01148
288,2.87,0.0012106,0.0086905,0.018024,0.014814,0.0032093,0.0475,0.5,0.01148,0.00085933,0.0064454,0.013225,0.010935,0.0022898,0.05,0.5,0.01148,0.00021587,0.0030282,0.0055614,0.0049362,0.00062512,0.1,0.5,0.01148
289,2.88,0.0012089,0.0086804,0.017998,0.014794,0.0032046,0.0475,0.5,0.01148,0.00085814,0.0064376,0.013206,0.01092,0.0022863,0.05,0.5,0.01148,0.00021535,0.0030221,0.005548,0.0049245,0.00062348,0.1,0.5,0.01148
290,2.89,0.0012073,0.0086702,0.017973,0.014773,0.0031999,0.0475,0.5,0.01148,0.00085695,0.0064298,0.013187,0.010904,0.0022829,0.05,0.5,0.01148,0.00021484,0.0030161,0.0055347,0.0049129,0.00062186,0.1,0.5,0.01148
291,2.9,0.0012057,0.0086601,0.017947,0.014752,0.0031952,0.0475,0.5,0.01148,0.00085577,0.006422,0.013168,0.010888,0.0022795,0.05,0.5,0.01148,0.00021433,0.00301,0.0055215,0.0049013,0.00062025,0.1,0.5,0.01148
292,2.91,0.0012041,0.00865,0.017922,0.014732,0.0031905,0.0475,0.5,0.01148,0.00085458,0.0064143,0.013149,0.010873,0.0022761,0.05,0.5,0.01148,0.00021382,0.003004,0.0055083,0.0048897,0.00061864,0.1,0.5,0.01148
293,2.92,0.0012025,0.0086399,0.017897,0.014711,0.0031859,0.0475,0.5,0.01148,0.00085341,0.0064065,0.01313,0.010857,0.0022726,0.05,0.5,0.01148,0.00021331,0.002998,0.0054952,0.0048782,0.00061704,0.1,0.5,0.01148
294,2.93,0.0012009,0.0086298,0.017872,0.014691,0.0031813,0.0475,0.5,0.01148,0.00085223,0.0063988,0.013111,0.010842,0.0022692,0.05,0.5,0.01148,0.00021281,0.002992,0.0054821,0.0048667,0.00061545,0.1,0.5,0.01148
295,2.94,0.0011993,0.0086198,0.017847,0.01467,0.0031767,0.0475,0.5,0.01148,0.00085106,0.0063911,0.013092,0.010826,0.0022659,0.05,0.5,0.01148,0.0002123,0.002986,0.0054691,0.0048553,0.00061386,0.1,0.5,0.01148
296,2.95,0.0011977,0.0086097,0.017822,0.01465,0.0031721,0.0475,0.5,0.01148,0.00084989,0.0063834,0.013073,0.010811,0.0022625,0.05,0.5,0.01148,0.0002118,0.00298,0.0054561,0.0048439,0.00061228,0.1,0.5,0.01148
297,2.96,0.0011961,0.0085997,0.017797,0.01463,0.0031675,0.0475,0.5,0.01148,0.00084872,0.0063757,0.013054,0.010795,0.0022591,0.05,0.5,0.01148,0.0002113,0.002974,0.0054432,0.0048325,0.00061071,0.1,0.5,0.01148
298,2.97,0.0011945,0.0085897,0.017772,0.014609,0.0031629,0.0475,0.5,0.01148,0.00084755,0.006368,0.013036,0.01078,0.0022557,0.05,0.5,0.01148,0.00021081,0.0029681,0.0054303,0.0048212,0.00060915,0.1,0.5,0.01148
299,2.98,0.0011929,0.0085797,0.017748,0.014589,0.0031583,0.0475,0.5,0.01148,0.00084639,0.0063604,0.013017,0.010765,0.0022524,0.05,0.5,0.01148,0.00021031,0.0029622,0.0054175,0.0048099,0.00060759,0.1,0.5,0.01148
300,2.99,0.0011913,0.0085697,0.017723,0.014569,0.0031538,0.0475,0.5,0.01148,0.00084523,0.0063527,0.012998,0.010749,0.0022491,0.05,0.5,0.01148,0.00020982,0.0029563,0.0054047,0.0047987,0.00060603,0.1,0.5,0.01148
301,3.0,0.0011897,0.0085597,0.017698,0.014549,0.0031492,0.0475,0.5,0.01148,0.00084408,0.0063451,0.01298,0.010734,0.0022457,0.05,0.5,0.01148,0.00020932,0.0029504,0.005392,0.0047875,0.00060449,0.1,0.5,0.01148
