,depths,Eu_480.0,Ed_480.0,Eo_480.0,Eod_480.0,Eou_480.0,a_480.0,b_480.0,bb_480.0,Kd_480.0,g
0,0.0,0.10228,0.11615,0.41383,0.21015,0.20367,480.0,480.0,480.0,480.0,0.0
1,0.0,0.10228,0.11615,0.41383,0.21015,0.20367,0.14,925.0,21.238,-2.1109,0.9
2,0.01,0.095325,0.1086,0.40751,0.21373,0.19379,0.14,925.0,21.238,9.0462,0.9
3,0.02,0.086204,0.098934,0.37013,0.19468,0.17545,0.14,925.0,21.238,9.6224,0.9
4,0.03,0.077396,0.089633,0.33393,0.17621,0.15772,0.14,925.0,21.238,10.2,0.9
5,0.04,0.068902,0.080695,0.29908,0.15845,0.14063,0.14,925.0,21.238,10.904,0.9
6,0.05,0.060688,0.072086,0.26545,0.14133,0.12411,0.14,925.0,21.238,11.78,0.9
7,0.06,0.052722,0.06377,0.2329,0.12479,0.1081,0.14,925.0,21.238,12.892,0.9
8,0.07,0.04497,0.055714,0.20129,0.10876,0.09253,0.14,925.0,21.238,14.328,0.9
9,0.08,0.037401,0.047884,0.17051,0.093173,0.077335,0.14,925.0,21.238,16.248,0.9
10,0.09,0.029985,0.04025,0.14042,0.077963,0.062454,0.14,925.0,21.238,18.908,0.9
11,0.1,0.02274,0.032827,0.11109,0.063165,0.047922,0.15,800.0,18.368,19.728,0.9
12,0.11,0.016528,0.026468,0.085948,0.050484,0.035464,0.15,800.0,18.368,24.102,0.9
13,0.12,0.010598,0.020423,0.061878,0.038399,0.023479,0.145,190.0,4.3624,4.0501,0.95
14,0.13,0.0098729,0.019611,0.058786,0.036782,0.022004,0.145,190.0,2.0729,4.1169,0.95
15,0.14,0.0091545,0.018809,0.055735,0.035192,0.020543,0.145,190.0,2.0729,4.2425,0.95
16,0.15,0.0084403,0.018017,0.05271,0.033621,0.019089,0.145,190.0,2.0729,4.3852,0.95
17,0.16,0.007729,0.017231,0.049701,0.032065,0.017636,0.145,190.0,2.0729,4.5487,0.95
18,0.17,0.0070192,0.016451,0.046696,0.030519,0.016177,0.145,190.0,2.0729,4.7349,0.95
19,0.18,0.0063088,0.015675,0.043675,0.028976,0.014699,0.145,190.0,2.0729,4.9572,0.95
20,0.19,0.0055937,0.014899,0.040593,0.027421,0.013172,0.145,190.0,2.0729,5.2432,0.95
21,0.2,0.0048848,0.014133,0.037325,0.025839,0.011486,0.14,70.0,0.7637,0.71813,0.99
22,0.21,0.0048383,0.014034,0.036988,0.025614,0.011374,0.14,70.0,0.147,0.69493,0.99
23,0.22,0.0047929,0.013937,0.036673,0.025406,0.011267,0.14,70.0,0.147,0.69076,0.99
24,0.23,0.0047481,0.013841,0.036367,0.025205,0.011163,0.14,70.0,0.147,0.68736,0.99
25,0.24,0.0047038,0.013746,0.036068,0.025008,0.01106,0.14,70.0,0.147,0.69117,0.99
26,0.25,0.0046599,0.013652,0.035776,0.024816,0.01096,0.14,70.0,0.147,0.68695,0.99
27,0.26,0.0046165,0.013559,0.035487,0.024627,0.01086,0.14,70.0,0.147,0.68254,0.99
28,0.27,0.0045734,0.013466,0.035204,0.024442,0.010762,0.14,70.0,0.147,0.68629,0.99
29,0.28,0.0045308,0.013374,0.034924,0.024259,0.010665,0.14,70.0,0.147,0.68385,0.99
30,0.29,0.0044884,0.013283,0.034648,0.024079,0.01057,0.14,70.0,0.147,0.68439,0.99
31,0.3,0.0044464,0.013193,0.034375,0.023901,0.010475,0.14,70.0,0.147,0.68349,0.99
32,0.31,0.0044046,0.013103,0.034106,0.023725,0.010381,0.14,70.0,0.147,0.68331,0.99
33,0.32,0.0043632,0.013014,0.033839,0.023552,0.010287,0.14,70.0,0.147,0.67955,0.99
34,0.33,0.0043221,0.012926,0.033575,0.02338,0.010195,0.14,70.0,0.147,0.68254,0.99
35,0.34,0.0042812,0.012838,0.033314,0.02321,0.010104,0.14,70.0,0.147,0.67973,0.99
36,0.35,0.0042406,0.012751,0.033055,0.023042,0.010013,0.14,70.0,0.147,0.68027,0.99
37,0.36,0.0042002,0.012665,0.032798,0.022876,0.0099224,0.14,70.0,0.147,0.68099,0.99
38,0.37,0.0041601,0.012579,0.032544,0.022711,0.0098329,0.14,70.0,0.147,0.6811,0.99
39,0.38,0.0041202,0.012494,0.032292,0.022548,0.009744,0.14,70.0,0.147,0.67937,0.99
40,0.39,0.0040805,0.012409,0.032042,0.022386,0.0096557,0.14,70.0,0.147,0.67961,0.99
41,0.4,0.0040411,0.012325,0.031794,0.022226,0.009568,0.14,70.0,0.147,0.68122,0.99
42,0.41,0.0040019,0.012241,0.031548,0.022067,0.0094809,0.14,70.0,0.147,0.6811,0.99
43,0.42,0.0039629,0.012158,0.031303,0.021909,0.0093943,0.14,70.0,0.147,0.68104,0.99
44,0.43,0.0039241,0.012076,0.031061,0.021753,0.0093082,0.14,70.0,0.147,0.68099,0.99
45,0.44,0.0038855,0.011994,0.030821,0.021598,0.0092227,0.14,70.0,0.147,0.68093,0.99
46,0.45,0.0038471,0.011913,0.030582,0.021444,0.0091377,0.14,70.0,0.147,0.6817,0.99
47,0.46,0.0038089,0.011832,0.030345,0.021292,0.0090531,0.14,70.0,0.147,0.68075,0.99
48,0.47,0.0037709,0.011751,0.030109,0.02114,0.008969,0.14,70.0,0.147,0.68069,0.99
49,0.48,0.003733,0.011672,0.029875,0.02099,0.0088854,0.14,70.0,0.147,0.68271,0.99
50,0.49,0.0036954,0.011592,0.029643,0.020841,0.0088021,0.14,70.0,0.147,0.68224,0.99
51,0.5,0.0036579,0.011514,0.029412,0.020693,0.0087194,0.14,70.0,0.147,0.682,0.99
52,0.51,0.0036206,0.011435,0.029183,0.020546,0.008637,0.14,70.0,0.147,0.68182,0.99
53,0.52,0.0035834,0.011357,0.028955,0.0204,0.008555,0.14,70.0,0.147,0.68271,0.99
54,0.53,0.0035465,0.01128,0.028729,0.020255,0.0084735,0.14,70.0,0.147,0.68403,0.99
55,0.54,0.0035096,0.011203,0.028504,0.020112,0.0083923,0.14,70.0,0.147,0.68307,0.99
56,0.55,0.003473,0.011127,0.02828,0.019969,0.0083115,0.14,70.0,0.147,0.68492,0.99
57,0.56,0.0034365,0.011051,0.028058,0.019827,0.008231,0.14,70.0,0.147,0.68391,0.99
58,0.57,0.0034001,0.010975,0.027837,0.019686,0.0081509,0.14,70.0,0.147,0.6854,0.99
59,0.58,0.0033639,0.0109,0.027617,0.019546,0.0080711,0.14,70.0,0.147,0.68802,0.99
60,0.59,0.0033279,0.010826,0.027399,0.019407,0.0079917,0.14,70.0,0.147,0.68737,0.99
61,0.6,0.003292,0.010752,0.027182,0.019269,0.0079126,0.14,70.0,0.147,0.68838,0.99
62,0.61,0.0032562,0.010678,0.026966,0.019132,0.0078337,0.14,70.0,0.147,0.68755,0.99
63,0.62,0.0032205,0.010605,0.026751,0.018996,0.0077552,0.14,70.0,0.147,0.68737,0.99
64,0.63,0.003185,0.010532,0.026537,0.01886,0.0076769,0.14,70.0,0.147,0.68999,0.99
65,0.64,0.0031496,0.010459,0.026324,0.018725,0.007599,0.14,70.0,0.147,0.68975,0.99
66,0.65,0.0031144,0.010388,0.026113,0.018592,0.0075212,0.14,70.0,0.147,0.68808,0.99
67,0.66,0.0030792,0.010316,0.025902,0.018459,0.0074438,0.14,70.0,0.147,0.69226,0.99
68,0.67,0.0030442,0.010245,0.025693,0.018327,0.0073665,0.14,70.0,0.147,0.69148,0.99
69,0.68,0.0030093,0.010174,0.025485,0.018195,0.0072895,0.14,70.0,0.147,0.69017,0.99
70,0.69,0.0029745,0.010104,0.025277,0.018065,0.0072127,0.14,70.0,0.147,0.69655,0.99
71,0.7,0.0029398,0.010034,0.025071,0.017935,0.0071361,0.14,70.0,0.147,0.69452,0.99
72,0.71,0.0029053,0.0099644,0.024865,0.017806,0.0070597,0.14,70.0,0.147,0.69673,0.99
73,0.72,0.0028708,0.0098952,0.024661,0.017677,0.0069835,0.14,70.0,0.147,0.69512,0.99
74,0.73,0.0028364,0.0098265,0.024457,0.01755,0.0069074,0.14,70.0,0.147,0.69637,0.99
75,0.74,0.0028022,0.0097581,0.024254,0.017423,0.0068315,0.14,70.0,0.147,0.69918,0.99
76,0.75,0.002768,0.0096901,0.024052,0.017297,0.0067557,0.14,70.0,0.147,0.69965,0.99
77,0.76,0.0027339,0.0096225,0.023851,0.017171,0.00668,0.14,70.0,0.147,0.70222,0.99
78,0.77,0.0026999,0.0095553,0.023651,0.017046,0.0066044,0.14,70.0,0.147,0.70055,0.99
79,0.78,0.002666,0.0094884,0.023451,0.016922,0.0065289,0.14,70.0,0.147,0.70246,0.99
80,0.79,0.0026321,0.0094218,0.023252,0.016798,0.0064534,0.14,70.0,0.147,0.70455,0.99
81,0.8,0.0025984,0.0093557,0.023053,0.016675,0.006378,0.14,70.0,0.147,0.70562,0.99
82,0.81,0.0025647,0.0092898,0.022856,0.016553,0.0063025,0.14,70.0,0.147,0.70622,0.99
83,0.82,0.002531,0.0092244,0.022658,0.016431,0.0062271,0.14,70.0,0.147,0.70991,0.99
84,0.83,0.0024975,0.0091592,0.022462,0.01631,0.0061516,0.14,70.0,0.147,0.70896,0.99
85,0.84,0.002464,0.0090944,0.022266,0.01619,0.006076,0.14,70.0,0.147,0.71248,0.99
86,0.85,0.0024305,0.0090299,0.02207,0.016069,0.0060003,0.14,70.0,0.147,0.71129,0.99
87,0.86,0.0023971,0.0089657,0.021874,0.01595,0.0059244,0.14,70.0,0.147,0.71648,0.99
88,0.87,0.0023637,0.0089018,0.021679,0.015831,0.0058483,0.14,70.0,0.147,0.71743,0.99
89,0.88,0.0023303,0.0088382,0.021484,0.015712,0.005772,0.14,70.0,0.147,0.71671,0.99
90,0.89,0.002297,0.008775,0.021289,0.015594,0.0056953,0.14,70.0,0.147,0.72047,0.99
91,0.9,0.0022637,0.008712,0.021094,0.015476,0.0056182,0.14,70.0,0.147,0.72047,0.99
92,0.91,0.0022304,0.0086493,0.020899,0.015359,0.0055406,0.14,70.0,0.147,0.72333,0.99
93,0.92,0.002197,0.0085868,0.020704,0.015242,0.0054624,0.14,70.0,0.147,0.72286,0.99
94,0.93,0.0021637,0.0085246,0.020508,0.015125,0.0053834,0.14,70.0,0.147,0.72876,0.99
95,0.94,0.0021303,0.0084627,0.020312,0.015008,0.0053035,0.14,70.0,0.147,0.73198,0.99
96,0.95,0.0020968,0.0084009,0.020114,0.014891,0.0052223,0.14,70.0,0.147,0.73509,0.99
97,0.96,0.0020633,0.0083394,0.019914,0.014775,0.0051396,0.14,70.0,0.147,0.73962,0.99
98,0.97,0.0020296,0.008278,0.019713,0.014658,0.0050548,0.14,70.0,0.147,0.74093,0.99
99,0.98,0.0019958,0.0082166,0.019508,0.01454,0.0049671,0.14,70.0,0.147,0.74678,0.99
100,0.99,0.0019617,0.0081554,0.019297,0.014422,0.0048752,0.14,70.0,0.147,0.75048,0.99
101,1.0,0.0019271,0.0080908,0.019056,0.014287,0.0047687,0.19,40.0,0.084,0.62947,0.99
102,1.01,0.0019126,0.0080403,0.018905,0.014176,0.0047296,0.19,40.0,0.084,0.62196,0.99
103,1.02,0.0018985,0.0079904,0.018764,0.014071,0.0046926,0.19,40.0,0.084,0.62208,0.99
104,1.03,0.0018845,0.0079409,0.018627,0.01397,0.0046566,0.19,40.0,0.084,0.61892,0.99
105,1.04,0.0018708,0.0078919,0.018492,0.013871,0.0046215,0.19,40.0,0.084,0.62053,0.99
106,1.05,0.0018572,0.0078433,0.018361,0.013774,0.004587,0.19,40.0,0.084,0.61451,0.99
107,1.06,0.0018438,0.0077951,0.018232,0.013679,0.0045532,0.19,40.0,0.084,0.61385,0.99
108,1.07,0.0018305,0.0077473,0.018105,0.013585,0.0045199,0.19,40.0,0.084,0.61498,0.99
109,1.08,0.0018174,0.0076999,0.01798,0.013493,0.0044871,0.19,40.0,0.084,0.61373,0.99
110,1.09,0.0018044,0.0076529,0.017857,0.013403,0.0044547,0.19,40.0,0.084,0.61206,0.99
111,1.1,0.0017915,0.0076062,0.017736,0.013313,0.0044228,0.19,40.0,0.084,0.60777,0.99
112,1.11,0.0017787,0.0075598,0.017616,0.013225,0.0043913,0.19,40.0,0.084,0.61194,0.99
113,1.12,0.0017661,0.0075138,0.017497,0.013137,0.0043601,0.19,40.0,0.084,0.60729,0.99
114,1.13,0.0017535,0.0074681,0.01738,0.013051,0.0043293,0.19,40.0,0.084,0.61158,0.99
115,1.14,0.0017411,0.0074228,0.017264,0.012965,0.0042988,0.19,40.0,0.084,0.60812,0.99
116,1.15,0.0017287,0.0073777,0.01715,0.012881,0.0042687,0.19,40.0,0.084,0.61033,0.99
117,1.16,0.0017165,0.007333,0.017036,0.012797,0.0042388,0.19,40.0,0.084,0.60783,0.99
118,1.17,0.0017043,0.0072886,0.016924,0.012714,0.0042093,0.19,40.0,0.084,0.60568,0.99
119,1.18,0.0016923,0.0072445,0.016812,0.012632,0.00418,0.19,40.0,0.084,0.60633,0.99
120,1.19,0.0016803,0.0072007,0.016702,0.012551,0.004151,0.19,40.0,0.084,0.60628,0.99
121,1.2,0.0016685,0.0071572,0.016593,0.012471,0.0041223,0.19,40.0,0.084,0.6061,0.99
122,1.21,0.0016567,0.007114,0.016485,0.012391,0.0040938,0.19,40.0,0.084,0.6055,0.99
123,1.22,0.001645,0.0070711,0.016378,0.012312,0.0040656,0.19,40.0,0.084,0.60305,0.99
124,1.23,0.0016334,0.0070285,0.016271,0.012234,0.0040377,0.19,40.0,0.084,0.60472,0.99
125,1.24,0.0016218,0.0069861,0.016166,0.012156,0.0040099,0.19,40.0,0.084,0.6024,0.99
126,1.25,0.0016104,0.0069441,0.016062,0.012079,0.0039824,0.19,40.0,0.084,0.60276,0.99
127,1.26,0.001599,0.0069023,0.015958,0.012003,0.0039552,0.19,40.0,0.084,0.60341,0.99
128,1.27,0.0015877,0.0068608,0.015855,0.011927,0.0039282,0.19,40.0,0.084,0.60455,0.99
129,1.28,0.0015765,0.0068195,0.015754,0.011852,0.0039013,0.19,40.0,0.084,0.60186,0.99
130,1.29,0.0015654,0.0067786,0.015653,0.011778,0.0038748,0.19,40.0,0.084,0.60401,0.99
131,1.3,0.0015543,0.0067378,0.015552,0.011704,0.0038484,0.19,40.0,0.084,0.60246,0.99
132,1.31,0.0015433,0.0066974,0.015453,0.011631,0.0038222,0.19,40.0,0.084,0.60431,0.99
133,1.32,0.0015324,0.0066572,0.015354,0.011558,0.0037963,0.19,40.0,0.084,0.60127,0.99
134,1.33,0.0015216,0.0066173,0.015256,0.011486,0.0037705,0.19,40.0,0.084,0.60103,0.99
135,1.34,0.0015108,0.0065776,0.015159,0.011414,0.003745,0.19,40.0,0.084,0.5993,0.99
136,1.35,0.0015001,0.0065382,0.015063,0.011343,0.0037196,0.19,40.0,0.084,0.60091,0.99
137,1.36,0.0014895,0.0064991,0.014967,0.011273,0.0036945,0.19,40.0,0.084,0.59942,0.99
138,1.37,0.0014789,0.0064602,0.014872,0.011203,0.0036695,0.19,40.0,0.084,0.59852,0.99
139,1.38,0.0014684,0.0064215,0.014778,0.011134,0.0036447,0.19,40.0,0.084,0.60001,0.99
140,1.39,0.001458,0.0063831,0.014685,0.011065,0.0036202,0.19,40.0,0.084,0.59858,0.99
141,1.4,0.0014476,0.0063449,0.014592,0.010996,0.0035958,0.19,40.0,0.084,0.59971,0.99
142,1.41,0.0014373,0.006307,0.0145,0.010928,0.0035716,0.19,40.0,0.084,0.59918,0.99
143,1.42,0.0014271,0.0062693,0.014409,0.010861,0.0035476,0.19,40.0,0.084,0.59995,0.99
144,1.43,0.0014169,0.0062318,0.014318,0.010794,0.0035238,0.19,40.0,0.084,0.59793,0.99
145,1.44,0.0014068,0.0061946,0.014228,0.010728,0.0035002,0.19,40.0,0.084,0.60007,0.99
146,1.45,0.0013968,0.0061576,0.014138,0.010662,0.0034767,0.19,40.0,0.084,0.5993,0.99
147,1.46,0.0013868,0.0061209,0.01405,0.010596,0.0034534,0.19,40.0,0.084,0.59966,0.99
148,1.47,0.0013769,0.0060843,0.013962,0.010531,0.0034304,0.19,40.0,0.084,0.59834,0.99
149,1.48,0.0013671,0.0060481,0.013874,0.010467,0.0034074,0.19,40.0,0.084,0.59709,0.99
150,1.49,0.0013573,0.006012,0.013787,0.010403,0.0033847,0.19,40.0,0.084,0.59983,0.99
151,1.5,0.0013475,0.0059762,0.013701,0.010339,0.0033622,0.19,40.0,0.084,0.59912,0.99
152,1.51,0.0013379,0.0059405,0.013616,0.010276,0.0033399,0.19,40.0,0.084,0.59822,0.99
153,1.52,0.0013283,0.0059051,0.013531,0.010213,0.0033177,0.19,40.0,0.084,0.59751,0.99
154,1.53,0.0013187,0.00587,0.013447,0.010151,0.0032957,0.19,40.0,0.084,0.59727,0.99
155,1.54,0.0013092,0.005835,0.013363,0.010089,0.0032739,0.19,40.0,0.084,0.59822,0.99
156,1.55,0.0012998,0.0058003,0.01328,0.010028,0.0032523,0.19,40.0,0.084,0.59673,0.99
157,1.56,0.0012904,0.0057657,0.013198,0.0099668,0.0032309,0.19,40.0,0.084,0.59775,0.99
158,1.57,0.0012811,0.0057314,0.013116,0.0099062,0.0032097,0.19,40.0,0.084,0.5987,0.99
159,1.58,0.0012719,0.0056974,0.013035,0.0098461,0.0031887,0.19,40.0,0.084,0.59679,0.99
160,1.59,0.0012627,0.0056635,0.012954,0.0097864,0.0031678,0.19,40.0,0.084,0.59411,0.99
161,1.6,0.0012536,0.0056298,0.012874,0.0097272,0.0031472,0.19,40.0,0.084,0.59512,0.99
162,1.61,0.0012445,0.0055964,0.012795,0.0096683,0.0031268,0.19,40.0,0.084,0.59697,0.99
163,1.62,0.0012355,0.0055631,0.012716,0.0096099,0.0031065,0.19,40.0,0.084,0.59554,0.99
164,1.63,0.0012265,0.0055301,0.012638,0.0095518,0.0030865,0.19,40.0,0.084,0.59482,0.99
165,1.64,0.0012176,0.0054972,0.012561,0.0094942,0.0030668,0.19,40.0,0.084,0.59554,0.99
166,1.65,0.0012088,0.0054646,0.012484,0.009437,0.0030472,0.19,40.0,0.084,0.59369,0.99
167,1.66,0.0012,0.0054322,0.012408,0.0093802,0.0030279,0.19,40.0,0.084,0.5959,0.99
168,1.67,0.0011913,0.0054,0.012333,0.0093239,0.0030089,0.19,40.0,0.084,0.59596,0.99
169,1.68,0.0011827,0.005368,0.012258,0.0092679,0.0029901,0.19,40.0,0.084,0.59411,0.99
170,1.69,0.0011741,0.0053362,0.012184,0.0092124,0.0029716,0.19,40.0,0.084,0.59321,0.99
171,1.7,0.0011656,0.0053046,0.012111,0.0091573,0.0029534,0.19,40.0,0.084,0.59614,0.99
172,1.71,0.0011572,0.0052732,0.012038,0.0091026,0.0029355,0.19,40.0,0.084,0.59268,0.99
173,1.72,0.0011488,0.005242,0.011966,0.0090484,0.0029179,0.19,40.0,0.084,0.59089,0.99
174,1.73,0.0011405,0.0052111,0.011895,0.0089945,0.0029008,0.19,40.0,0.084,0.59339,0.99
175,1.74,0.0011322,0.0051803,0.011825,0.0089412,0.0028841,0.19,40.0,0.084,0.59232,0.99
176,1.75,0.0011241,0.0051497,0.011756,0.0088883,0.0028678,0.19,40.0,0.084,0.59244,0.99
177,1.76,0.001116,0.0051194,0.011688,0.008836,0.0028522,0.19,40.0,0.084,0.59292,0.99
178,1.77,0.001108,0.0050893,0.011621,0.0087841,0.0028371,0.19,40.0,0.084,0.59244,0.99
179,1.78,0.0011001,0.0050594,0.011556,0.0087328,0.002823,0.19,40.0,0.084,0.58922,0.99
180,1.79,0.0010923,0.0050297,0.011492,0.0086822,0.0028101,0.19,40.0,0.084,0.58683,0.99
181,1.8,0.0010842,0.0049993,0.011434,0.0086333,0.0028005,0.27,100.0,0.21,1.1081,0.99
182,1.81,0.0010593,0.0049437,0.011303,0.0085529,0.0027502,0.27,100.0,0.21,1.1263,0.99
183,1.82,0.0010341,0.0048881,0.011163,0.0084654,0.0026973,0.27,100.0,0.21,1.1361,0.99
184,1.83,0.0010087,0.0048328,0.011019,0.0083756,0.0026434,0.27,100.0,0.21,1.1428,0.99
185,1.84,0.00098327,0.0047778,0.010873,0.0082843,0.0025887,0.27,100.0,0.21,1.1481,0.99
186,1.85,0.00095774,0.0047231,0.010726,0.0081923,0.0025335,0.27,100.0,0.21,1.1543,0.99
187,1.86,0.00093216,0.0046688,0.010578,0.0080999,0.0024779,0.27,100.0,0.21,1.1626,0.99
188,1.87,0.00090655,0.0046148,0.010429,0.0080072,0.0024219,0.27,100.0,0.21,1.1656,0.99
189,1.88,0.0008809,0.0045612,0.01028,0.0079145,0.0023655,0.27,100.0,0.21,1.1702,0.99
190,1.89,0.00085523,0.004508,0.010131,0.0078219,0.0023088,0.27,100.0,0.21,1.1771,0.99
191,1.9,0.00082953,0.0044552,0.0099812,0.0077294,0.0022518,0.27,100.0,0.21,1.1845,0.99
192,1.91,0.00080381,0.0044027,0.0098315,0.0076371,0.0021945,0.27,100.0,0.21,1.189,0.99
193,1.92,0.00077805,0.0043506,0.0096817,0.007545,0.0021367,0.27,100.0,0.21,1.1922,0.99
194,1.93,0.00075227,0.0042989,0.0095318,0.0074532,0.0020786,0.27,100.0,0.21,1.2004,0.99
195,1.94,0.00072644,0.0042475,0.0093817,0.0073617,0.0020201,0.27,100.0,0.21,1.206,0.99
196,1.95,0.00070056,0.0041965,0.0092315,0.0072704,0.001961,0.27,100.0,0.21,1.2126,0.99
197,1.96,0.00067463,0.0041458,0.0090809,0.0071795,0.0019014,0.27,100.0,0.21,1.2171,0.99
198,1.97,0.00064863,0.0040955,0.00893,0.0070888,0.0018412,0.27,100.0,0.21,1.2242,0.99
199,1.98,0.00062255,0.0040455,0.0087786,0.0069983,0.0017803,0.27,100.0,0.21,1.233,0.99
200,1.99,0.00059638,0.0039959,0.0086265,0.006908,0.0017185,0.27,100.0,0.21,1.239,0.99
201,2.0,0.00057009,0.0039465,0.0084736,0.0068179,0.0016558,0.27,100.0,0.21,1.2488,0.99
202,2.01,0.00054367,0.0038974,0.0083197,0.0067278,0.0015918,0.27,100.0,0.21,1.2575,0.99
203,2.02,0.00051709,0.0038486,0.0081644,0.0066378,0.0015265,0.27,100.0,0.21,1.2663,0.99
204,2.03,0.00049032,0.0038,0.0080073,0.0065477,0.0014596,0.27,100.0,0.21,1.279,0.99
205,2.04,0.00046332,0.0037516,0.007848,0.0064574,0.0013906,0.27,100.0,0.21,1.2855,0.99
206,2.05,0.00043605,0.0037033,0.0076856,0.0063667,0.0013189,0.27,100.0,0.21,1.3029,0.99
207,2.06,0.00040842,0.0036552,0.0075191,0.0062752,0.0012439,0.27,100.0,0.21,1.3164,0.99
208,2.07,0.00038035,0.003607,0.0073469,0.0061826,0.0011643,0.27,100.0,0.21,1.3352,0.99
209,2.08,0.00035168,0.0035588,0.007166,0.0060881,0.0010779,0.27,100.0,0.21,1.3604,0.99
210,2.09,0.00032218,0.0035102,0.0069712,0.0059904,0.00098081,0.27,100.0,0.21,1.3958,0.99
211,2.1,0.00029125,0.0034487,0.0066866,0.0058407,0.00084588,0.06,0.35,0.000735,0.1206,0.9
212,2.11,0.00029078,0.0034442,0.0066732,0.005829,0.00084421,0.06,0.35,0.008036,0.12882,0.9
213,2.12,0.00029027,0.0034397,0.0066597,0.0058174,0.00084231,0.06,0.35,0.008036,0.13258,0.9
214,2.13,0.00028976,0.0034352,0.0066463,0.0058059,0.00084045,0.06,0.35,0.008036,0.12799,0.9
215,2.14,0.00028925,0.0034307,0.0066332,0.0057946,0.0008386,0.06,0.35,0.008036,0.13127,0.9
216,2.15,0.00028875,0.0034262,0.0066202,0.0057834,0.00083678,0.06,0.35,0.008036,0.12799,0.9
217,2.16,0.00028825,0.0034218,0.0066073,0.0057723,0.00083498,0.06,0.35,0.008036,0.13222,0.9
218,2.17,0.00028776,0.0034173,0.0065946,0.0057614,0.0008332,0.06,0.35,0.008036,0.129,0.9
219,2.18,0.00028727,0.0034129,0.006582,0.0057505,0.00083144,0.06,0.35,0.008036,0.13216,0.9
220,2.19,0.00028678,0.0034084,0.0065695,0.0057398,0.0008297,0.06,0.35,0.008036,0.12942,0.9
221,2.2,0.00028629,0.003404,0.0065572,0.0057292,0.00082797,0.06,0.35,0.008036,0.13103,0.9
222,2.21,0.00028581,0.0033996,0.006545,0.0057187,0.00082626,0.06,0.35,0.008036,0.13043,0.9
223,2.22,0.00028532,0.0033951,0.0065329,0.0057083,0.00082457,0.06,0.35,0.008036,0.12978,0.9
224,2.23,0.00028484,0.0033908,0.0065209,0.005698,0.00082289,0.06,0.35,0.008036,0.13055,0.9
225,2.24,0.00028437,0.0033864,0.006509,0.0056877,0.00082123,0.06,0.35,0.008036,0.12894,0.9
226,2.25,0.00028389,0.003382,0.0064972,0.0056776,0.00081958,0.06,0.35,0.008036,0.13019,0.9
227,2.26,0.00028342,0.0033776,0.0064854,0.0056675,0.00081794,0.06,0.35,0.008036,0.13139,0.9
228,2.27,0.00028295,0.0033732,0.0064738,0.0056575,0.00081632,0.06,0.35,0.008036,0.12698,0.9
229,2.28,0.00028248,0.0033689,0.0064623,0.0056476,0.00081471,0.06,0.35,0.008036,0.12966,0.9
230,2.29,0.00028202,0.0033646,0.0064508,0.0056377,0.00081311,0.06,0.35,0.008036,0.13067,0.9
231,2.3,0.00028155,0.0033602,0.0064394,0.0056279,0.00081152,0.06,0.35,0.008036,0.13151,0.9
232,2.31,0.00028109,0.0033559,0.0064281,0.0056182,0.00080995,0.06,0.35,0.008036,0.12733,0.9
233,2.32,0.00028063,0.0033516,0.0064169,0.0056085,0.00080838,0.06,0.35,0.008036,0.1268,0.9
234,2.33,0.00028017,0.0033473,0.0064057,0.0055989,0.00080683,0.06,0.35,0.008036,0.13037,0.9
235,2.34,0.00027972,0.003343,0.0063946,0.0055894,0.00080529,0.06,0.35,0.008036,0.12936,0.9
236,2.35,0.00027926,0.0033387,0.0063836,0.0055799,0.00080375,0.06,0.35,0.008036,0.12954,0.9
237,2.36,0.00027881,0.0033344,0.0063726,0.0055704,0.00080223,0.06,0.35,0.008036,0.13061,0.9
238,2.37,0.00027836,0.0033301,0.0063617,0.005561,0.00080071,0.06,0.35,0.008036,0.12638,0.9
239,2.38,0.00027791,0.0033258,0.0063509,0.0055517,0.0007992,0.06,0.35,0.008036,0.1256,0.9
240,2.39,0.00027746,0.0033216,0.0063401,0.0055424,0.00079771,0.06,0.35,0.008036,0.1268,0.9
241,2.4,0.00027702,0.0033173,0.0063294,0.0055332,0.00079622,0.06,0.35,0.008036,0.1296,0.9
242,2.41,0.00027657,0.0033131,0.0063187,0.005524,0.00079474,0.06,0.35,0.008036,0.12996,0.9
243,2.42,0.00027613,0.0033089,0.0063081,0.0055148,0.00079326,0.06,0.35,0.008036,0.12823,0.9
244,2.43,0.00027569,0.0033046,0.0062975,0.0055057,0.0007918,0.06,0.35,0.008036,0.12858,0.9
245,2.44,0.00027525,0.0033004,0.006287,0.0054967,0.00079034,0.06,0.35,0.008036,0.13067,0.9
246,2.45,0.00027481,0.0032962,0.0062765,0.0054876,0.00078889,0.06,0.35,0.008036,0.12984,0.9
247,2.46,0.00027438,0.003292,0.0062661,0.0054786,0.00078745,0.06,0.35,0.008036,0.12978,0.9
248,2.47,0.00027394,0.0032878,0.0062557,0.0054697,0.00078601,0.06,0.35,0.008036,0.12918,0.9
249,2.48,0.00027351,0.0032836,0.0062454,0.0054608,0.00078458,0.06,0.35,0.008036,0.12775,0.9
250,2.49,0.00027308,0.0032794,0.0062351,0.0054519,0.00078316,0.06,0.35,0.008036,0.12715,0.9
251,2.5,0.00027265,0.0032753,0.0062248,0.0054431,0.00078175,0.06,0.35,0.008036,0.12578,0.9
252,2.51,0.00027222,0.0032711,0.0062146,0.0054343,0.00078034,0.06,0.35,0.008036,0.12894,0.9
253,2.52,0.00027179,0.0032669,0.0062045,0.0054255,0.00077894,0.06,0.35,0.008036,0.12787,0.9
254,2.53,0.00027136,0.0032628,0.0061944,0.0054168,0.00077754,0.06,0.35,0.008036,0.12727,0.9
255,2.54,0.00027094,0.0032586,0.0061843,0.0054081,0.00077615,0.06,0.35,0.008036,0.12858,0.9
256,2.55,0.00027052,0.0032545,0.0061743,0.0053995,0.00077477,0.06,0.35,0.008036,0.12662,0.9
257,2.56,0.00027009,0.0032504,0.0061643,0.0053909,0.00077339,0.06,0.35,0.008036,0.12739,0.9
258,2.57,0.00026967,0.0032463,0.0061543,0.0053823,0.00077202,0.06,0.35,0.008036,0.12835,0.9
259,2.58,0.00026925,0.0032421,0.0061444,0.0053737,0.00077066,0.06,0.35,0.008036,0.12912,0.9
260,2.59,0.00026884,0.003238,0.0061345,0.0053652,0.0007693,0.06,0.35,0.008036,0.12662,0.9
261,2.6,0.00026842,0.0032339,0.0061246,0.0053567,0.00076795,0.06,0.35,0.008036,0.12548,0.9
262,2.61,0.000268,0.0032299,0.0061148,0.0053482,0.0007666,0.06,0.35,0.008036,0.12626,0.9
263,2.62,0.00026759,0.0032258,0.006105,0.0053398,0.00076526,0.06,0.35,0.008036,0.12876,0.9
264,2.63,0.00026717,0.0032217,0.0060953,0.0053314,0.00076392,0.06,0.35,0.008036,0.12548,0.9
265,2.64,0.00026676,0.0032176,0.0060856,0.005323,0.00076259,0.06,0.35,0.008036,0.12721,0.9
266,2.65,0.00026635,0.0032136,0.0060759,0.0053147,0.00076126,0.06,0.35,0.008036,0.12674,0.9
267,2.66,0.00026594,0.0032095,0.0060663,0.0053063,0.00075994,0.06,0.35,0.008036,0.12638,0.9
268,2.67,0.00026553,0.0032055,0.0060567,0.005298,0.00075863,0.06,0.35,0.008036,0.12703,0.9
269,2.68,0.00026513,0.0032014,0.0060471,0.0052898,0.00075732,0.06,0.35,0.008036,0.1256,0.9
270,2.69,0.00026472,0.0031974,0.0060375,0.0052815,0.00075601,0.06,0.35,0.008036,0.1268,0.9
271,2.7,0.00026432,0.0031933,0.006028,0.0052733,0.00075471,0.06,0.35,0.008036,0.12763,0.9
272,2.71,0.00026391,0.0031893,0.0060186,0.0052651,0.00075342,0.06,0.35,0.008036,0.12698,0.9
273,2.72,0.00026351,0.0031853,0.0060091,0.005257,0.00075213,0.06,0.35,0.008036,0.12799,0.9
274,2.73,0.00026311,0.0031813,0.0059997,0.0052489,0.00075084,0.06,0.35,0.008036,0.12709,0.9
275,2.74,0.00026271,0.0031773,0.0059903,0.0052408,0.00074956,0.06,0.35,0.008036,0.12543,0.9
276,2.75,0.00026231,0.0031733,0.005981,0.0052327,0.00074828,0.06,0.35,0.008036,0.12638,0.9
277,2.76,0.00026191,0.0031693,0.0059716,0.0052246,0.00074701,0.06,0.35,0.008036,0.12525,0.9
278,2.77,0.00026152,0.0031653,0.0059623,0.0052166,0.00074575,0.06,0.35,0.008036,0.12447,0.9
279,2.78,0.00026112,0.0031614,0.0059531,0.0052086,0.00074448,0.06,0.35,0.008036,0.1259,0.9
280,2.79,0.00026072,0.0031574,0.0059438,0.0052006,0.00074323,0.06,0.35,0.008036,0.12632,0.9
281,2.8,0.00026033,0.0031534,0.0059346,0.0051926,0.00074197,0.06,0.35,0.008036,0.12608,0.9
282,2.81,0.00025994,0.0031495,0.0059254,0.0051847,0.00074072,0.06,0.35,0.008036,0.12554,0.9
283,2.82,0.00025955,0.0031455,0.0059163,0.0051768,0.00073948,0.06,0.35,0.008036,0.12638,0.9
284,2.83,0.00025916,0.0031416,0.0059072,0.0051689,0.00073824,0.06,0.35,0.008036,0.12548,0.9
285,2.84,0.00025877,0.0031377,0.0058981,0.005161,0.000737,0.06,0.35,0.008036,0.12692,0.9
286,2.85,0.00025838,0.0031337,0.005889,0.0051532,0.00073577,0.06,0.35,0.008036,0.1256,0.9
287,2.86,0.00025799,0.0031298,0.0058799,0.0051454,0.00073455,0.06,0.35,0.008036,0.1268,0.9
288,2.87,0.00025761,0.0031259,0.0058709,0.0051376,0.00073333,0.06,0.35,0.008036,0.12602,0.9
289,2.88,0.00025722,0.003122,0.0058619,0.0051298,0.00073211,0.06,0.35,0.008036,0.12626,0.9
290,2.89,0.00025684,0.0031181,0.005853,0.0051221,0.00073089,0.06,0.35,0.008036,0.12429,0.9
291,2.9,0.00025645,0.0031142,0.005844,0.0051144,0.00072968,0.06,0.35,0.008036,0.12554,0.9
292,2.91,0.00025607,0.0031103,0.0058351,0.0051067,0.00072847,0.06,0.35,0.008036,0.12686,0.9
293,2.92,0.00025569,0.0031064,0.0058262,0.005099,0.00072727,0.06,0.35,0.008036,0.12322,0.9
294,2.93,0.00025531,0.0031025,0.0058174,0.0050913,0.00072607,0.06,0.35,0.008036,0.12554,0.9
295,2.94,0.00025493,0.0030987,0.0058086,0.0050837,0.00072488,0.06,0.35,0.008036,0.1259,0.9
296,2.95,0.00025455,0.0030948,0.0057997,0.0050761,0.00072369,0.06,0.35,0.008036,0.12483,0.9
297,2.96,0.00025417,0.0030909,0.005791,0.0050685,0.0007225,0.06,0.35,0.008036,0.12507,0.9
298,2.97,0.0002538,0.0030871,0.0057822,0.0050609,0.00072132,0.06,0.35,0.008036,0.12757,0.9
299,2.98,0.00025342,0.0030832,0.0057735,0.0050533,0.00072014,0.06,0.35,0.008036,0.12441,0.9
300,2.99,0.00025305,0.0030794,0.0057648,0.0050458,0.00071897,0.06,0.35,0.008036,0.12727,0.9
301,3.0,0.00025267,0.0030756,0.0057561,0.0050383,0.0007178,0.06,0.35,0.008036,0.1268,0.9
