,depths,Eu_480.0,Ed_480.0,Eo_480.0,Eod_480.0,Eou_480.0,a_480.0,b_480.0,bb_480.0,Kd_480.0,Eu_540.0,Ed_540.0,Eo_540.0,Eod_540.0,Eou_540.0,a_540.0,b_540.0,bb_540.0,Kd_540.0,Eu_600.0,Ed_600.0,Eo_600.0,Eod_600.0,Eou_600.0,a_600.0,b_600.0,bb_600.0,Kd_600.0,g
0,0.0,0.095511,0.11663,0.40458,0.21102,0.19356,480.0,480.0,480.0,480.0,0.086782,0.10758,0.37088,0.19464,0.17624,540.0,540.0,540.0,540.0,0.07592,0.098604,0.3336,0.17841,0.1552,600.0,600.0,600.0,600.0,0.0
1,0.0,0.095511,0.11663,0.40458,0.21102,0.19356,0.06,170.0,1.3175,-0.17403,0.086782,0.10758,0.37088,0.19464,0.17624,0.0775,170.0,1.3175,0.083033,0.07592,0.098604,0.3336,0.17841,0.1552,0.145,170.0,1.3175,0.88868,0.9
2,0.01,0.094348,0.11522,0.41457,0.22157,0.19301,0.06,170.0,1.3175,1.9473,0.085535,0.10604,0.37895,0.20362,0.17533,0.0775,170.0,1.3175,2.1558,0.074313,0.096506,0.3378,0.18453,0.15327,0.145,170.0,1.3175,2.8126,0.9
3,0.02,0.092149,0.11277,0.40783,0.21889,0.18894,0.06,170.0,1.3175,2.3172,0.083363,0.10357,0.37196,0.2007,0.17126,0.0775,170.0,1.3175,2.5179,0.071951,0.09366,0.32932,0.18059,0.14873,0.145,170.0,1.3175,3.15,0.9
4,0.03,0.089723,0.11011,0.39856,0.21438,0.18418,0.06,170.0,1.3175,2.4703,0.080995,0.10092,0.36276,0.19616,0.16659,0.0775,170.0,1.3175,2.6697,0.069451,0.09069,0.31909,0.17536,0.14373,0.145,170.0,1.3175,3.2942,0.9
5,0.04,0.087227,0.10737,0.38851,0.20931,0.1792,0.06,170.0,1.3175,2.5573,0.078572,0.09822,0.35288,0.19114,0.16175,0.0775,170.0,1.3175,2.7566,0.066932,0.087716,0.30842,0.16978,0.13864,0.145,170.0,1.3175,3.3788,0.9
6,0.05,0.084716,0.10463,0.3782,0.20405,0.17415,0.06,170.0,1.3175,2.6188,0.076143,0.095521,0.34278,0.18593,0.15685,0.0775,170.0,1.3175,2.8167,0.064433,0.084777,0.2977,0.16413,0.13357,0.145,170.0,1.3175,3.4417,0.9
7,0.06,0.082211,0.1019,0.36783,0.19873,0.16911,0.06,170.0,1.3175,2.67,0.073728,0.092843,0.33271,0.18073,0.15198,0.0775,170.0,1.3175,2.8712,0.061968,0.081888,0.28708,0.15853,0.12855,0.145,170.0,1.3175,3.4968,0.9
8,0.07,0.079723,0.099197,0.3575,0.19341,0.16409,0.06,170.0,1.3175,2.718,0.071333,0.090195,0.32267,0.17554,0.14714,0.0775,170.0,1.3175,2.9213,0.059543,0.079054,0.27662,0.153,0.12362,0.145,170.0,1.3175,3.55,0.9
9,0.08,0.077254,0.096517,0.34724,0.18813,0.15911,0.06,170.0,1.3175,2.7645,0.068963,0.087579,0.31273,0.17039,0.14235,0.0775,170.0,1.3175,2.9698,0.057161,0.076279,0.26634,0.14757,0.11877,0.145,170.0,1.3175,3.604,0.9
10,0.09,0.074808,0.093866,0.33706,0.18289,0.15417,0.06,170.0,1.3175,2.8125,0.06662,0.084997,0.3029,0.1653,0.13761,0.0775,170.0,1.3175,3.0203,0.054821,0.07356,0.25625,0.14224,0.11401,0.145,170.0,1.3175,3.6604,0.9
11,0.1,0.072384,0.091243,0.32698,0.1777,0.14928,0.06,170.0,1.3175,2.8617,0.064302,0.082448,0.29319,0.16027,0.13292,0.0775,170.0,1.3175,3.0733,0.052523,0.070897,0.24635,0.13702,0.10933,0.145,170.0,1.3175,3.7207,0.9
12,0.11,0.069982,0.088648,0.317,0.17257,0.14443,0.06,170.0,1.3175,2.914,0.06201,0.079933,0.28359,0.1553,0.12829,0.0775,170.0,1.3175,3.1285,0.050264,0.068289,0.23664,0.1319,0.10474,0.145,170.0,1.3175,3.7835,0.9
13,0.12,0.067602,0.086081,0.30712,0.16748,0.13963,0.06,170.0,1.3175,2.9685,0.059744,0.07745,0.2741,0.15039,0.12371,0.0775,170.0,1.3175,3.1875,0.048045,0.065733,0.22711,0.12688,0.10023,0.145,170.0,1.3175,3.8523,0.9
14,0.13,0.065244,0.083541,0.29733,0.16245,0.13487,0.06,170.0,1.3175,3.0277,0.057502,0.075,0.26472,0.14555,0.11918,0.0775,170.0,1.3175,3.2503,0.045862,0.063227,0.21775,0.12196,0.095792,0.145,170.0,1.3175,3.9271,0.9
15,0.14,0.062906,0.081028,0.28763,0.15747,0.13016,0.06,170.0,1.3175,3.0888,0.055283,0.072579,0.25546,0.14076,0.11469,0.0775,170.0,1.3175,3.3166,0.043714,0.060771,0.20856,0.11713,0.091429,0.145,170.0,1.3175,4.0077,0.9
16,0.15,0.060588,0.07854,0.27803,0.15254,0.12548,0.06,170.0,1.3175,3.1549,0.053087,0.070189,0.24629,0.13604,0.11026,0.0775,170.0,1.3175,3.3887,0.0416,0.058361,0.19953,0.11239,0.087134,0.145,170.0,1.3175,4.0946,0.9
17,0.16,0.058289,0.076077,0.26851,0.14766,0.12084,0.06,170.0,1.3175,3.226,0.050913,0.067827,0.23722,0.13136,0.10586,0.0775,170.0,1.3175,3.4672,0.039518,0.055996,0.19065,0.10774,0.082904,0.145,170.0,1.3175,4.1899,0.9
18,0.17,0.056007,0.073637,0.25906,0.14282,0.11624,0.06,170.0,1.3175,3.3028,0.048758,0.065492,0.22825,0.12674,0.10151,0.0775,170.0,1.3175,3.5495,0.037465,0.053673,0.1819,0.10317,0.078732,0.145,170.0,1.3175,4.2957,0.9
19,0.18,0.053742,0.071219,0.24969,0.13803,0.11166,0.06,170.0,1.3175,3.3858,0.046622,0.063182,0.21934,0.12216,0.09718,0.0775,170.0,1.3175,3.6431,0.035439,0.051389,0.17328,0.09867,0.074606,0.145,170.0,1.3175,4.4148,0.9
20,0.19,0.051489,0.068819,0.24034,0.13326,0.10708,0.06,170.0,1.3175,3.4837,0.0445,0.060893,0.21048,0.11762,0.092859,0.0775,170.0,1.3175,3.7514,0.033434,0.049139,0.16473,0.09423,0.070497,0.145,170.0,1.3175,4.5581,0.9
21,0.2,0.049023,0.066205,0.2299,0.12804,0.10186,0.06,480.0,3.72,1.2706,0.042177,0.058404,0.20058,0.11266,0.087918,0.0775,480.0,3.72,1.3872,0.031245,0.046707,0.15519,0.089403,0.065787,0.145,480.0,3.72,1.8863,0.0
22,0.21,0.048345,0.06539,0.22699,0.1265,0.10048,0.06,480.0,0.3072,1.2422,0.041546,0.057618,0.19781,0.11117,0.086633,0.0775,480.0,0.3072,1.3557,0.030664,0.045905,0.15243,0.087863,0.06457,0.145,480.0,0.3072,1.7172,0.0
23,0.22,0.047671,0.064581,0.22404,0.12493,0.099111,0.06,480.0,0.3072,1.2482,0.040921,0.056841,0.19501,0.10966,0.085351,0.0775,480.0,0.3072,1.3616,0.030101,0.045123,0.14974,0.086347,0.063397,0.145,480.0,0.3072,1.7201,0.0
24,0.23,0.047002,0.063778,0.2211,0.12336,0.097744,0.06,480.0,0.3072,1.2533,0.040301,0.056071,0.19224,0.10816,0.08408,0.0775,480.0,0.3072,1.3667,0.029546,0.044353,0.1471,0.084856,0.06224,0.145,480.0,0.3072,1.722,0.0
25,0.24,0.046337,0.062982,0.21819,0.1218,0.096387,0.06,480.0,0.3072,1.2597,0.039687,0.055309,0.18949,0.10667,0.08282,0.0775,480.0,0.3072,1.3714,0.028999,0.043595,0.14449,0.083389,0.061102,0.145,480.0,0.3072,1.7253,0.0
26,0.25,0.045677,0.062192,0.21529,0.12026,0.095039,0.06,480.0,0.3072,1.2646,0.039078,0.054555,0.18677,0.1052,0.081571,0.0775,480.0,0.3072,1.3762,0.02846,0.042849,0.14193,0.081947,0.05998,0.145,480.0,0.3072,1.7287,0.0
27,0.26,0.045023,0.061409,0.21242,0.11872,0.093702,0.06,480.0,0.3072,1.2709,0.038475,0.053808,0.18408,0.10374,0.080333,0.0775,480.0,0.3072,1.3812,0.027929,0.042113,0.1394,0.080527,0.058874,0.145,480.0,0.3072,1.7329,0.0
28,0.27,0.044372,0.060632,0.20958,0.1172,0.092375,0.06,480.0,0.3072,1.2763,0.037877,0.053068,0.18141,0.1023,0.079107,0.0775,480.0,0.3072,1.387,0.027405,0.041389,0.13691,0.07913,0.057784,0.145,480.0,0.3072,1.7373,0.0
29,0.28,0.043727,0.059862,0.20675,0.11569,0.091057,0.06,480.0,0.3072,1.2816,0.037284,0.052335,0.17876,0.10087,0.077891,0.0775,480.0,0.3072,1.3925,0.026888,0.040676,0.13446,0.077753,0.05671,0.145,480.0,0.3072,1.7415,0.0
30,0.29,0.043086,0.059098,0.20395,0.1142,0.089749,0.06,480.0,0.3072,1.2887,0.036696,0.05161,0.17614,0.099455,0.076687,0.0775,480.0,0.3072,1.3988,0.026379,0.039973,0.13205,0.076397,0.05565,0.145,480.0,0.3072,1.7465,0.0
31,0.3,0.04245,0.05834,0.20116,0.11271,0.088451,0.06,480.0,0.3072,1.2934,0.036113,0.050892,0.17355,0.098053,0.075492,0.0775,480.0,0.3072,1.405,0.025876,0.03928,0.12967,0.075062,0.054605,0.145,480.0,0.3072,1.7505,0.0
32,0.31,0.041818,0.057589,0.1984,0.11124,0.087161,0.06,480.0,0.3072,1.3006,0.035535,0.05018,0.17097,0.096665,0.074308,0.0775,480.0,0.3072,1.4108,0.025379,0.038598,0.12732,0.073746,0.053574,0.145,480.0,0.3072,1.7557,0.0
33,0.32,0.04119,0.056843,0.19566,0.10978,0.085881,0.06,480.0,0.3072,1.3075,0.034962,0.049476,0.16842,0.09529,0.073134,0.0775,480.0,0.3072,1.4185,0.02489,0.037925,0.12501,0.072449,0.052557,0.145,480.0,0.3072,1.7621,0.0
34,0.33,0.040567,0.056103,0.19294,0.10833,0.08461,0.06,480.0,0.3072,1.3118,0.034394,0.048778,0.1659,0.093928,0.07197,0.0775,480.0,0.3072,1.4236,0.024406,0.037262,0.12272,0.071171,0.051553,0.145,480.0,0.3072,1.7649,0.0
35,0.34,0.039948,0.055369,0.19024,0.10689,0.083348,0.06,480.0,0.3072,1.3196,0.03383,0.048086,0.1634,0.092579,0.070816,0.0775,480.0,0.3072,1.431,0.023929,0.036609,0.12047,0.069911,0.050563,0.145,480.0,0.3072,1.7706,0.0
36,0.35,0.039334,0.054641,0.18756,0.10547,0.082094,0.06,480.0,0.3072,1.3273,0.033271,0.047402,0.16091,0.091243,0.069672,0.0775,480.0,0.3072,1.4388,0.023458,0.035965,0.11826,0.06867,0.049585,0.145,480.0,0.3072,1.7779,0.0
37,0.36,0.038723,0.053919,0.1849,0.10405,0.080849,0.06,480.0,0.3072,1.3329,0.032717,0.046723,0.15846,0.089919,0.068537,0.0775,480.0,0.3072,1.4455,0.022993,0.03533,0.11607,0.067446,0.048621,0.145,480.0,0.3072,1.785,0.0
38,0.37,0.038116,0.053202,0.18226,0.10265,0.079613,0.06,480.0,0.3072,1.3429,0.032167,0.046051,0.15602,0.088607,0.06741,0.0775,480.0,0.3072,1.4524,0.022534,0.034704,0.11391,0.066239,0.047669,0.145,480.0,0.3072,1.7898,0.0
39,0.38,0.037514,0.052491,0.17964,0.10125,0.078385,0.06,480.0,0.3072,1.35,0.031621,0.045386,0.1536,0.087307,0.066294,0.0775,480.0,0.3072,1.4599,0.022081,0.034087,0.11178,0.065049,0.046729,0.145,480.0,0.3072,1.7973,0.0
40,0.39,0.036915,0.051785,0.17703,0.099868,0.077165,0.06,480.0,0.3072,1.3572,0.031079,0.044726,0.15121,0.086019,0.065186,0.0775,480.0,0.3072,1.4689,0.021634,0.033479,0.10968,0.063876,0.0458,0.145,480.0,0.3072,1.8029,0.0
41,0.4,0.03632,0.051085,0.17445,0.098495,0.075953,0.06,480.0,0.3072,1.364,0.030542,0.044073,0.14883,0.084743,0.064088,0.0775,480.0,0.3072,1.4748,0.021191,0.03288,0.1076,0.062719,0.044884,0.145,480.0,0.3072,1.8099,0.0
42,0.41,0.035729,0.050391,0.17188,0.097133,0.074749,0.06,480.0,0.3072,1.3747,0.030009,0.043425,0.14648,0.083478,0.062997,0.0775,480.0,0.3072,1.4855,0.020755,0.032288,0.10556,0.061579,0.043979,0.145,480.0,0.3072,1.8197,0.0
43,0.42,0.035142,0.049701,0.16933,0.095781,0.073553,0.06,480.0,0.3072,1.384,0.02948,0.042783,0.14414,0.082224,0.061916,0.0775,480.0,0.3072,1.4944,0.020323,0.031706,0.10354,0.060454,0.043086,0.145,480.0,0.3072,1.8255,0.0
44,0.43,0.034559,0.049017,0.1668,0.094438,0.072365,0.06,480.0,0.3072,1.3919,0.028955,0.042148,0.14182,0.080982,0.060843,0.0775,480.0,0.3072,1.5013,0.019897,0.031131,0.10155,0.059344,0.042203,0.145,480.0,0.3072,1.8345,0.0
45,0.44,0.033979,0.048337,0.16429,0.093106,0.071184,0.06,480.0,0.3072,1.3999,0.028434,0.041517,0.13953,0.07975,0.059778,0.0775,480.0,0.3072,1.509,0.019476,0.030564,0.099582,0.05825,0.041331,0.145,480.0,0.3072,1.8427,0.0
46,0.45,0.033402,0.047663,0.16179,0.091783,0.070011,0.06,480.0,0.3072,1.4116,0.027917,0.040893,0.13725,0.07853,0.058721,0.0775,480.0,0.3072,1.5216,0.01906,0.030005,0.097641,0.057171,0.04047,0.145,480.0,0.3072,1.8512,0.0
47,0.46,0.032829,0.046994,0.15931,0.09047,0.068845,0.06,480.0,0.3072,1.4228,0.027403,0.040274,0.13499,0.07732,0.057672,0.0775,480.0,0.3072,1.5304,0.018649,0.029453,0.095725,0.056106,0.039619,0.145,480.0,0.3072,1.8581,0.0
48,0.47,0.03226,0.046329,0.15685,0.089167,0.067686,0.06,480.0,0.3072,1.4296,0.026893,0.03966,0.13275,0.07612,0.056631,0.0775,480.0,0.3072,1.5416,0.018242,0.028909,0.093834,0.055056,0.038778,0.145,480.0,0.3072,1.8697,0.0
49,0.48,0.031694,0.04567,0.15441,0.087872,0.066534,0.06,480.0,0.3072,1.439,0.026387,0.039052,0.13053,0.074931,0.055597,0.0775,480.0,0.3072,1.5503,0.01784,0.028373,0.091967,0.054019,0.037947,0.145,480.0,0.3072,1.8785,0.0
50,0.49,0.031131,0.045015,0.15198,0.086587,0.065389,0.06,480.0,0.3072,1.449,0.025885,0.038449,0.12832,0.073752,0.054572,0.0775,480.0,0.3072,1.5612,0.017443,0.027844,0.090123,0.052996,0.037126,0.145,480.0,0.3072,1.8867,0.0
51,0.5,0.030571,0.044365,0.14956,0.085311,0.064251,0.06,480.0,0.3072,1.4595,0.025386,0.037852,0.12614,0.072583,0.053553,0.0775,480.0,0.3072,1.5735,0.01705,0.027322,0.088302,0.051987,0.036314,0.145,480.0,0.3072,1.8954,0.0
52,0.51,0.030015,0.04372,0.14716,0.084044,0.06312,0.06,480.0,0.3072,1.4714,0.02489,0.037259,0.12397,0.071424,0.052542,0.0775,480.0,0.3072,1.5821,0.016662,0.026806,0.086504,0.050992,0.035512,0.145,480.0,0.3072,1.9084,0.0
53,0.52,0.029462,0.043079,0.14478,0.082786,0.061996,0.06,480.0,0.3072,1.4822,0.024398,0.036672,0.12181,0.070275,0.051538,0.0775,480.0,0.3072,1.5987,0.016278,0.026298,0.084728,0.050009,0.034719,0.145,480.0,0.3072,1.919,0.0
54,0.53,0.028912,0.042443,0.14241,0.081536,0.060877,0.06,480.0,0.3072,1.4928,0.023909,0.036089,0.11968,0.069135,0.050541,0.0775,480.0,0.3072,1.6087,0.015898,0.025797,0.082973,0.049039,0.033934,0.145,480.0,0.3072,1.9324,0.0
55,0.54,0.028365,0.041811,0.14006,0.080295,0.059766,0.06,480.0,0.3072,1.5058,0.023423,0.035512,0.11755,0.068004,0.04955,0.0775,480.0,0.3072,1.6177,0.015522,0.025302,0.08124,0.048081,0.033158,0.145,480.0,0.3072,1.9434,0.0
56,0.55,0.027821,0.041184,0.13772,0.079062,0.05866,0.06,480.0,0.3072,1.517,0.022941,0.034939,0.11545,0.066883,0.048567,0.0775,480.0,0.3072,1.6346,0.01515,0.024813,0.079527,0.047136,0.032391,0.145,480.0,0.3072,1.9569,0.0
57,0.56,0.027279,0.040561,0.1354,0.077838,0.057561,0.06,480.0,0.3072,1.5324,0.022461,0.034371,0.11336,0.06577,0.04759,0.0775,480.0,0.3072,1.645,0.014782,0.024331,0.077835,0.046203,0.031632,0.145,480.0,0.3072,1.9681,0.0
58,0.57,0.026741,0.039942,0.13309,0.076622,0.056467,0.06,480.0,0.3072,1.5453,0.021985,0.033807,0.11129,0.064667,0.046619,0.0775,480.0,0.3072,1.661,0.014417,0.023855,0.076162,0.045282,0.030881,0.145,480.0,0.3072,1.984,0.0
59,0.58,0.026206,0.039327,0.13079,0.075414,0.05538,0.06,480.0,0.3072,1.561,0.021512,0.033249,0.10923,0.063572,0.045655,0.0775,480.0,0.3072,1.6735,0.014056,0.023385,0.074509,0.044372,0.030138,0.145,480.0,0.3072,1.9992,0.0
60,0.59,0.025673,0.038717,0.12851,0.074213,0.054298,0.06,480.0,0.3072,1.5712,0.021041,0.032694,0.10718,0.062486,0.044697,0.0775,480.0,0.3072,1.6879,0.013699,0.022921,0.072875,0.043473,0.029402,0.145,480.0,0.3072,2.0123,0.0
61,0.6,0.025143,0.03811,0.12624,0.073021,0.053222,0.06,480.0,0.3072,1.5873,0.020574,0.032144,0.10515,0.061408,0.043745,0.0775,480.0,0.3072,1.7044,0.013346,0.022463,0.07126,0.042586,0.028674,0.145,480.0,0.3072,2.0243,0.0
62,0.61,0.024615,0.037508,0.12399,0.071836,0.052152,0.06,480.0,0.3072,1.6003,0.020109,0.031599,0.10314,0.060339,0.042799,0.0775,480.0,0.3072,1.7219,0.012995,0.02201,0.069663,0.041709,0.027953,0.145,480.0,0.3072,2.0418,0.0
63,0.62,0.02409,0.036909,0.12174,0.070658,0.051087,0.06,480.0,0.3072,1.6202,0.019647,0.031057,0.10114,0.059278,0.041858,0.0775,480.0,0.3072,1.7379,0.012649,0.021564,0.068083,0.040844,0.02724,0.145,480.0,0.3072,2.0604,0.0
64,0.63,0.023568,0.036314,0.11952,0.069488,0.050027,0.06,480.0,0.3072,1.6344,0.019187,0.03052,0.099148,0.058225,0.040924,0.0775,480.0,0.3072,1.7546,0.012305,0.021122,0.066521,0.039988,0.026533,0.145,480.0,0.3072,2.0762,0.0
65,0.64,0.023048,0.035723,0.1173,0.068325,0.048973,0.06,480.0,0.3072,1.6494,0.01873,0.029987,0.097174,0.05718,0.039994,0.0775,480.0,0.3072,1.7717,0.011964,0.020687,0.064976,0.039143,0.025833,0.145,480.0,0.3072,2.0943,0.0
66,0.65,0.02253,0.035136,0.11509,0.067169,0.047923,0.06,480.0,0.3072,1.665,0.018276,0.029459,0.095212,0.056142,0.039071,0.0775,480.0,0.3072,1.7903,0.011627,0.020256,0.063447,0.038308,0.02514,0.145,480.0,0.3072,2.1154,0.0
67,0.66,0.022015,0.034552,0.1129,0.06602,0.046879,0.06,480.0,0.3072,1.684,0.017824,0.028934,0.093264,0.055112,0.038152,0.0775,480.0,0.3072,1.8064,0.011292,0.019831,0.061935,0.037482,0.024453,0.145,480.0,0.3072,2.1351,0.0
68,0.67,0.021502,0.033972,0.11072,0.064879,0.045839,0.06,480.0,0.3072,1.705,0.017375,0.028413,0.091328,0.054089,0.037238,0.0775,480.0,0.3072,1.8275,0.010961,0.01941,0.060438,0.036666,0.023772,0.145,480.0,0.3072,2.1556,0.0
69,0.68,0.020991,0.033396,0.10855,0.063743,0.044804,0.06,480.0,0.3072,1.7192,0.016927,0.027895,0.089404,0.053074,0.03633,0.0775,480.0,0.3072,1.8486,0.010632,0.018995,0.058956,0.035859,0.023097,0.145,480.0,0.3072,2.176,0.0
70,0.69,0.020483,0.032823,0.10639,0.062615,0.043773,0.06,480.0,0.3072,1.7416,0.016483,0.027382,0.087492,0.052066,0.035426,0.0775,480.0,0.3072,1.8691,0.010306,0.018584,0.057489,0.035062,0.022428,0.145,480.0,0.3072,2.1968,0.0
71,0.7,0.019977,0.032253,0.10424,0.061493,0.042747,0.06,480.0,0.3072,1.7627,0.01604,0.026872,0.085591,0.051065,0.034527,0.0775,480.0,0.3072,1.8915,0.009982,0.018178,0.056037,0.034273,0.021764,0.145,480.0,0.3072,2.2218,0.0
72,0.71,0.019472,0.031687,0.1021,0.060377,0.041725,0.06,480.0,0.3072,1.7819,0.015599,0.026366,0.083702,0.05007,0.033632,0.0775,480.0,0.3072,1.9168,0.0096608,0.017777,0.054598,0.033493,0.021105,0.145,480.0,0.3072,2.2444,0.0
73,0.72,0.01897,0.031124,0.099975,0.059267,0.040707,0.06,480.0,0.3072,1.8035,0.015161,0.025863,0.081823,0.049082,0.032741,0.0775,480.0,0.3072,1.9388,0.0093421,0.01738,0.053172,0.032721,0.020452,0.145,480.0,0.3072,2.2718,0.0
74,0.73,0.018469,0.030564,0.097857,0.058164,0.039693,0.06,480.0,0.3072,1.8295,0.014724,0.025364,0.079955,0.048101,0.031854,0.0775,480.0,0.3072,1.9636,0.0090256,0.016988,0.051759,0.031957,0.019803,0.145,480.0,0.3072,2.2974,0.0
75,0.74,0.017971,0.030008,0.095748,0.057065,0.038682,0.06,480.0,0.3072,1.8506,0.01429,0.024868,0.078096,0.047126,0.030971,0.0775,480.0,0.3072,1.9898,0.0087113,0.016599,0.050359,0.031201,0.019158,0.145,480.0,0.3072,2.3273,0.0
76,0.75,0.017474,0.029454,0.093647,0.055973,0.037675,0.06,480.0,0.3072,1.8774,0.013857,0.024375,0.076247,0.046156,0.030091,0.0775,480.0,0.3072,2.0174,0.0083991,0.016215,0.048969,0.030452,0.018517,0.145,480.0,0.3072,2.359,0.0
77,0.76,0.016978,0.028903,0.091555,0.054885,0.036669,0.06,480.0,0.3072,1.9033,0.013425,0.023886,0.074405,0.045192,0.029213,0.0775,480.0,0.3072,2.0458,0.0080887,0.015835,0.047589,0.02971,0.017879,0.145,480.0,0.3072,2.3915,0.0
78,0.77,0.016484,0.028355,0.089468,0.053803,0.035665,0.06,480.0,0.3072,1.9293,0.012996,0.023399,0.07257,0.044233,0.028337,0.0775,480.0,0.3072,2.0784,0.0077801,0.015458,0.046217,0.028975,0.017242,0.145,480.0,0.3072,2.4275,0.0
79,0.78,0.015992,0.027809,0.087386,0.052724,0.034662,0.06,480.0,0.3072,1.9588,0.012567,0.022915,0.07074,0.043279,0.027461,0.0775,480.0,0.3072,2.11,0.0074727,0.015085,0.044851,0.028245,0.016606,0.145,480.0,0.3072,2.4652,0.0
80,0.79,0.0155,0.027265,0.085303,0.051648,0.033655,0.06,480.0,0.3072,1.9924,0.012139,0.022433,0.068909,0.042327,0.026582,0.0775,480.0,0.3072,2.1472,0.0071664,0.014714,0.043486,0.027519,0.015966,0.145,480.0,0.3072,2.5138,0.0
81,0.8,0.015021,0.026735,0.08325,0.050592,0.032658,0.06,240.0,0.1536,1.0715,0.011723,0.021963,0.067101,0.041392,0.025709,0.0775,240.0,0.1536,1.1676,0.0068682,0.014353,0.042128,0.026804,0.015325,0.145,240.0,0.1536,1.4182,0.0
82,0.81,0.014785,0.02645,0.082189,0.050017,0.032172,0.06,240.0,0.1536,1.0737,0.01152,0.021708,0.066165,0.040878,0.025287,0.0775,240.0,0.1536,1.17,0.0067267,0.014151,0.041419,0.026395,0.015024,0.145,240.0,0.1536,1.4191,0.0
83,0.82,0.014551,0.026167,0.081145,0.049454,0.031691,0.06,240.0,0.1536,1.0785,0.011318,0.021456,0.065246,0.040375,0.02487,0.0775,240.0,0.1536,1.1747,0.0065869,0.013952,0.04073,0.026,0.01473,0.145,240.0,0.1536,1.4196,0.0
84,0.83,0.014318,0.025885,0.08011,0.048897,0.031213,0.06,240.0,0.1536,1.0832,0.011117,0.021205,0.064336,0.03988,0.024457,0.0775,240.0,0.1536,1.1809,0.0064483,0.013755,0.040053,0.025614,0.014439,0.145,240.0,0.1536,1.4262,0.0
85,0.84,0.014086,0.025606,0.079083,0.048345,0.030738,0.06,240.0,0.1536,1.0886,0.010917,0.020955,0.063435,0.039389,0.024045,0.0775,240.0,0.1536,1.1857,0.006311,0.01356,0.039385,0.025234,0.014151,0.145,240.0,0.1536,1.4302,0.0
86,0.85,0.013855,0.025328,0.078061,0.047797,0.030264,0.06,240.0,0.1536,1.0981,0.010719,0.020708,0.06254,0.038903,0.023637,0.0775,240.0,0.1536,1.1918,0.0061746,0.013367,0.038725,0.024859,0.013866,0.145,240.0,0.1536,1.4356,0.0
87,0.86,0.013625,0.025051,0.077045,0.047252,0.029793,0.06,240.0,0.1536,1.1049,0.010521,0.020462,0.06165,0.038421,0.023229,0.0775,240.0,0.1536,1.1976,0.0060392,0.013176,0.038071,0.024488,0.013583,0.145,240.0,0.1536,1.4444,0.0
88,0.87,0.013395,0.024775,0.076034,0.046711,0.029323,0.06,240.0,0.1536,1.1104,0.010323,0.020217,0.060766,0.037942,0.022824,0.0775,240.0,0.1536,1.2031,0.0059046,0.012986,0.037423,0.024122,0.013302,0.145,240.0,0.1536,1.451,0.0
89,0.88,0.013167,0.024501,0.075028,0.046173,0.028854,0.06,240.0,0.1536,1.1169,0.010127,0.019974,0.059886,0.037466,0.02242,0.0775,240.0,0.1536,1.2122,0.0057709,0.012799,0.036781,0.023759,0.013022,0.145,240.0,0.1536,1.4573,0.0
90,0.89,0.012939,0.024229,0.074025,0.045638,0.028388,0.06,240.0,0.1536,1.1225,0.0099315,0.019732,0.059011,0.036993,0.022018,0.0775,240.0,0.1536,1.2218,0.005638,0.012613,0.036144,0.0234,0.012744,0.145,240.0,0.1536,1.4661,0.0
91,0.9,0.012711,0.023957,0.073027,0.045105,0.027922,0.06,240.0,0.1536,1.1286,0.0097365,0.019492,0.05814,0.036523,0.021617,0.0775,240.0,0.1536,1.2324,0.0055058,0.012429,0.035512,0.023045,0.012468,0.145,240.0,0.1536,1.4759,0.0
92,0.91,0.012485,0.023687,0.072032,0.044575,0.027457,0.06,240.0,0.1536,1.138,0.0095421,0.019253,0.057272,0.036055,0.021217,0.0775,240.0,0.1536,1.2384,0.0053743,0.012247,0.034885,0.022692,0.012192,0.145,240.0,0.1536,1.485,0.0
93,0.92,0.012259,0.023418,0.07104,0.044047,0.026993,0.06,240.0,0.1536,1.1472,0.0093484,0.019015,0.056408,0.035591,0.020818,0.0775,240.0,0.1536,1.2481,0.0052434,0.012066,0.034261,0.022343,0.011918,0.145,240.0,0.1536,1.4956,0.0
94,0.93,0.012033,0.02315,0.070052,0.043522,0.02653,0.06,240.0,0.1536,1.1547,0.0091552,0.018779,0.055547,0.035128,0.020419,0.0775,240.0,0.1536,1.2572,0.0051131,0.011886,0.033641,0.021996,0.011645,0.145,240.0,0.1536,1.5048,0.0
95,0.94,0.011808,0.022883,0.069065,0.042998,0.026067,0.06,240.0,0.1536,1.1633,0.0089624,0.018543,0.054688,0.034667,0.020021,0.0775,240.0,0.1536,1.2657,0.0049834,0.011708,0.033024,0.021652,0.011371,0.145,240.0,0.1536,1.5145,0.0
96,0.95,0.011583,0.022618,0.06808,0.042476,0.025604,0.06,240.0,0.1536,1.1736,0.0087701,0.018309,0.053831,0.034209,0.019623,0.0775,240.0,0.1536,1.2772,0.0048541,0.011531,0.032409,0.021311,0.011098,0.145,240.0,0.1536,1.5291,0.0
97,0.96,0.011359,0.022353,0.067097,0.041956,0.025141,0.06,240.0,0.1536,1.1823,0.0085782,0.018076,0.052975,0.033752,0.019224,0.0775,240.0,0.1536,1.2894,0.0047252,0.011356,0.031796,0.020971,0.010825,0.145,240.0,0.1536,1.5404,0.0
98,0.97,0.011135,0.022089,0.066113,0.041437,0.024676,0.06,240.0,0.1536,1.1935,0.0083866,0.017843,0.05212,0.033296,0.018824,0.0775,240.0,0.1536,1.3006,0.0045965,0.011181,0.031183,0.020634,0.01055,0.145,240.0,0.1536,1.5526,0.0
99,0.98,0.010912,0.021826,0.065127,0.040918,0.024209,0.06,240.0,0.1536,1.2055,0.0081951,0.017612,0.051262,0.032841,0.018421,0.0775,240.0,0.1536,1.3121,0.004468,0.011008,0.030569,0.020297,0.010272,0.145,240.0,0.1536,1.5701,0.0
100,0.99,0.010688,0.021563,0.064136,0.040399,0.023737,0.06,240.0,0.1536,1.2179,0.0080035,0.017381,0.050398,0.032386,0.018013,0.0775,240.0,0.1536,1.3286,0.0043394,0.010836,0.029948,0.01996,0.0099883,0.145,240.0,0.1536,1.592,0.0
101,1.0,0.010469,0.021306,0.063144,0.039885,0.02326,0.06,110.0,0.0704,0.6278,0.0078178,0.017155,0.049538,0.031936,0.017602,0.0775,110.0,0.0704,0.69693,0.0042141,0.010667,0.029319,0.019623,0.009696,0.145,110.0,0.0704,0.88667,0.0
102,1.01,0.010374,0.021173,0.062668,0.03961,0.023057,0.06,110.0,0.0704,0.62512,0.0077372,0.017037,0.049119,0.03169,0.017429,0.0775,110.0,0.0704,0.69401,0.0041625,0.010573,0.029007,0.019427,0.0095802,0.145,110.0,0.0704,0.88315,0.0
103,1.02,0.010279,0.021041,0.062202,0.039344,0.022858,0.06,110.0,0.0704,0.62548,0.0076572,0.016919,0.048711,0.031452,0.017259,0.0775,110.0,0.0704,0.69347,0.0041117,0.01048,0.028707,0.01924,0.0094677,0.145,110.0,0.0704,0.88172,0.0
104,1.03,0.010185,0.02091,0.061742,0.039082,0.02266,0.06,110.0,0.0704,0.62488,0.0075778,0.016802,0.048309,0.031219,0.017091,0.0775,110.0,0.0704,0.69395,0.0040613,0.010388,0.028415,0.019058,0.0093571,0.145,110.0,0.0704,0.87886,0.0
105,1.04,0.010092,0.020779,0.061287,0.038823,0.022464,0.06,110.0,0.0704,0.62566,0.0074987,0.016685,0.047912,0.030988,0.016924,0.0775,110.0,0.0704,0.69454,0.0040115,0.010297,0.028127,0.018879,0.009248,0.145,110.0,0.0704,0.8788,0.0
106,1.05,0.0099984,0.02065,0.060836,0.038567,0.022269,0.06,110.0,0.0704,0.62798,0.0074202,0.01657,0.047519,0.030761,0.016758,0.0775,110.0,0.0704,0.69753,0.0039621,0.010207,0.027844,0.018703,0.0091402,0.145,110.0,0.0704,0.87981,0.0
107,1.06,0.0099055,0.02052,0.060387,0.038313,0.022074,0.06,110.0,0.0704,0.62774,0.0073419,0.016455,0.047128,0.030535,0.016593,0.0775,110.0,0.0704,0.69693,0.003913,0.010118,0.027564,0.01853,0.0090335,0.145,110.0,0.0704,0.87862,0.0
108,1.07,0.0098131,0.020392,0.059942,0.038061,0.021881,0.06,110.0,0.0704,0.62888,0.007264,0.016341,0.046741,0.030312,0.016429,0.0775,110.0,0.0704,0.69955,0.0038643,0.01003,0.027287,0.01836,0.0089278,0.145,110.0,0.0704,0.87987,0.0
109,1.08,0.0097209,0.020264,0.059499,0.03781,0.021689,0.06,110.0,0.0704,0.6315,0.0071864,0.016227,0.046356,0.03009,0.016266,0.0775,110.0,0.0704,0.69699,0.0038159,0.0099421,0.027014,0.018191,0.0088229,0.145,110.0,0.0704,0.87951,0.0
110,1.09,0.0096291,0.020136,0.059059,0.037561,0.021498,0.06,110.0,0.0704,0.63287,0.0071092,0.016114,0.045974,0.02987,0.016104,0.0775,110.0,0.0704,0.70027,0.0037679,0.0098551,0.026743,0.018024,0.008719,0.145,110.0,0.0704,0.8813,0.0
111,1.1,0.0095376,0.02001,0.058621,0.037314,0.021307,0.06,110.0,0.0704,0.63198,0.0070322,0.016001,0.045594,0.029652,0.015943,0.0775,110.0,0.0704,0.70212,0.0037202,0.0097688,0.026475,0.017859,0.0086158,0.145,110.0,0.0704,0.87784,0.0
112,1.11,0.0094464,0.019883,0.058185,0.037068,0.021117,0.06,110.0,0.0704,0.63299,0.0069555,0.01589,0.045217,0.029435,0.015782,0.0775,110.0,0.0704,0.7026,0.0036728,0.0096831,0.026209,0.017695,0.0085133,0.145,110.0,0.0704,0.88029,0.0
113,1.12,0.0093554,0.019758,0.057751,0.036823,0.020927,0.06,110.0,0.0704,0.6349,0.0068791,0.015778,0.044841,0.029219,0.015622,0.0775,110.0,0.0704,0.7045,0.0036256,0.0095982,0.025945,0.017534,0.0084116,0.145,110.0,0.0704,0.88321,0.0
114,1.13,0.0092648,0.019632,0.057319,0.03658,0.020739,0.06,110.0,0.0704,0.6352,0.006803,0.015668,0.044467,0.029005,0.015462,0.0775,110.0,0.0704,0.70283,0.0035788,0.0095139,0.025684,0.017373,0.0083106,0.145,110.0,0.0704,0.88453,0.0
115,1.14,0.0091744,0.019508,0.056889,0.036338,0.020551,0.06,110.0,0.0704,0.63902,0.0067271,0.015557,0.044095,0.028792,0.015303,0.0775,110.0,0.0704,0.70713,0.0035322,0.0094303,0.025425,0.017215,0.0082102,0.145,110.0,0.0704,0.88464,0.0
116,1.15,0.0090842,0.019384,0.05646,0.036097,0.020363,0.06,110.0,0.0704,0.63824,0.0066515,0.015448,0.043726,0.028581,0.015145,0.0775,110.0,0.0704,0.70665,0.0034859,0.0093472,0.025168,0.017057,0.0081104,0.145,110.0,0.0704,0.88542,0.0
117,1.16,0.0089944,0.01926,0.056034,0.035857,0.020176,0.06,110.0,0.0704,0.64236,0.0065761,0.015339,0.043357,0.02837,0.014987,0.0775,110.0,0.0704,0.70987,0.0034398,0.0092649,0.024912,0.016901,0.0080112,0.145,110.0,0.0704,0.88596,0.0
118,1.17,0.0089047,0.019137,0.055609,0.035619,0.01999,0.06,110.0,0.0704,0.64355,0.006501,0.01523,0.042991,0.028161,0.01483,0.0775,110.0,0.0704,0.71154,0.0033939,0.0091831,0.024659,0.016746,0.0079127,0.145,110.0,0.0704,0.88584,0.0
119,1.18,0.0088154,0.019014,0.055185,0.035381,0.019804,0.06,110.0,0.0704,0.64337,0.006426,0.015122,0.042626,0.027952,0.014674,0.0775,110.0,0.0704,0.71321,0.0033483,0.0091019,0.024408,0.016593,0.0078146,0.145,110.0,0.0704,0.89013,0.0
120,1.19,0.0087262,0.018892,0.054764,0.035145,0.019619,0.06,110.0,0.0704,0.64349,0.0063514,0.015014,0.042263,0.027745,0.014517,0.0775,110.0,0.0704,0.71339,0.0033029,0.0090213,0.024158,0.016441,0.0077171,0.145,110.0,0.0704,0.88983,0.0
121,1.2,0.0086373,0.018771,0.054343,0.034909,0.019434,0.06,110.0,0.0704,0.6451,0.0062769,0.014907,0.041901,0.027539,0.014362,0.0775,110.0,0.0704,0.71864,0.0032578,0.0089413,0.02391,0.01629,0.0076201,0.145,110.0,0.0704,0.89121,0.0
122,1.21,0.0085486,0.018649,0.053925,0.034675,0.01925,0.06,110.0,0.0704,0.64761,0.0062027,0.014801,0.041541,0.027334,0.014207,0.0775,110.0,0.0704,0.7187,0.0032129,0.0088619,0.023664,0.01614,0.0075236,0.145,110.0,0.0704,0.89103,0.0
123,1.22,0.0084601,0.018529,0.053507,0.034441,0.019066,0.06,110.0,0.0704,0.6522,0.0061286,0.014695,0.041182,0.02713,0.014052,0.0775,110.0,0.0704,0.72061,0.0031681,0.0087831,0.023419,0.015991,0.0074276,0.145,110.0,0.0704,0.89467,0.0
124,1.23,0.0083719,0.018408,0.053091,0.034209,0.018883,0.06,110.0,0.0704,0.65351,0.0060548,0.014589,0.040824,0.026927,0.013898,0.0775,110.0,0.0704,0.72186,0.0031236,0.0087048,0.023176,0.015844,0.007332,0.145,110.0,0.0704,0.8961,0.0
125,1.24,0.0082839,0.018289,0.052677,0.033977,0.0187,0.06,110.0,0.0704,0.65279,0.0059812,0.014484,0.040468,0.026724,0.013744,0.0775,110.0,0.0704,0.72359,0.0030793,0.008627,0.022934,0.015697,0.0072368,0.145,110.0,0.0704,0.89765,0.0
126,1.25,0.008196,0.018169,0.052264,0.033747,0.018517,0.06,110.0,0.0704,0.65804,0.0059077,0.014379,0.040113,0.026523,0.01359,0.0775,110.0,0.0704,0.72496,0.0030352,0.0085498,0.022694,0.015552,0.0071421,0.145,110.0,0.0704,0.89717,0.0
127,1.26,0.0081084,0.01805,0.051852,0.033517,0.018335,0.06,110.0,0.0704,0.65578,0.0058345,0.014275,0.03976,0.026323,0.013437,0.0775,110.0,0.0704,0.72973,0.0029913,0.0084732,0.022455,0.015408,0.0070477,0.145,110.0,0.0704,0.90278,0.0
128,1.27,0.0080209,0.017932,0.051441,0.033288,0.018153,0.06,110.0,0.0704,0.65959,0.0057614,0.014171,0.039408,0.026123,0.013284,0.0775,110.0,0.0704,0.7314,0.0029475,0.008397,0.022218,0.015264,0.0069537,0.145,110.0,0.0704,0.90165,0.0
129,1.28,0.0079337,0.017814,0.051032,0.03306,0.017972,0.06,110.0,0.0704,0.66108,0.0056885,0.014068,0.039057,0.025925,0.013132,0.0775,110.0,0.0704,0.72938,0.002904,0.0083214,0.021982,0.015122,0.0068601,0.145,110.0,0.0704,0.90481,0.0
130,1.29,0.0078466,0.017697,0.050623,0.032833,0.01779,0.06,110.0,0.0704,0.66371,0.0056158,0.013965,0.038707,0.025727,0.01298,0.0775,110.0,0.0704,0.73427,0.0028606,0.0082463,0.021748,0.014981,0.0067667,0.145,110.0,0.0704,0.90672,0.0
131,1.3,0.0077597,0.017579,0.050216,0.032606,0.01761,0.06,110.0,0.0704,0.66484,0.0055432,0.013863,0.038358,0.02553,0.012828,0.0775,110.0,0.0704,0.73814,0.0028173,0.0081717,0.021514,0.01484,0.0066737,0.145,110.0,0.0704,0.90994,0.0
132,1.31,0.007673,0.017463,0.049809,0.032381,0.017429,0.06,110.0,0.0704,0.66782,0.0054708,0.013761,0.03801,0.025334,0.012676,0.0775,110.0,0.0704,0.73796,0.0027742,0.0080976,0.021282,0.014701,0.0065809,0.145,110.0,0.0704,0.91137,0.0
133,1.32,0.0075864,0.017346,0.049404,0.032156,0.017248,0.06,110.0,0.0704,0.66908,0.0053986,0.013659,0.037664,0.025139,0.012525,0.0775,110.0,0.0704,0.74059,0.0027313,0.008024,0.021051,0.014562,0.0064882,0.145,110.0,0.0704,0.91775,0.0
134,1.33,0.0075,0.01723,0.049,0.031931,0.017068,0.06,110.0,0.0704,0.67045,0.0053265,0.013558,0.037318,0.024944,0.012373,0.0775,110.0,0.0704,0.74506,0.0026885,0.0079509,0.02082,0.014425,0.0063958,0.145,110.0,0.0704,0.91907,0.0
135,1.34,0.0074138,0.017115,0.048596,0.031708,0.016888,0.06,110.0,0.0704,0.6754,0.0052545,0.013457,0.036972,0.024751,0.012222,0.0775,110.0,0.0704,0.74566,0.0026459,0.0078782,0.020591,0.014288,0.0063034,0.145,110.0,0.0704,0.91775,0.0
136,1.35,0.0073277,0.017,0.048193,0.031485,0.016708,0.06,110.0,0.0704,0.67593,0.0051827,0.013357,0.036628,0.024557,0.012071,0.0775,110.0,0.0704,0.74888,0.0026034,0.007806,0.020363,0.014152,0.006211,0.145,110.0,0.0704,0.92288,0.0
137,1.36,0.0072417,0.016885,0.04779,0.031263,0.016527,0.06,110.0,0.0704,0.67963,0.0051109,0.013257,0.036284,0.024365,0.011919,0.0775,110.0,0.0704,0.75443,0.0025609,0.0077342,0.020135,0.014016,0.0061185,0.145,110.0,0.0704,0.92533,0.0
138,1.37,0.0071558,0.016771,0.047388,0.031041,0.016347,0.06,110.0,0.0704,0.68238,0.0050393,0.013157,0.03594,0.024173,0.011767,0.0775,110.0,0.0704,0.75532,0.0025186,0.0076628,0.019907,0.013881,0.0060257,0.145,110.0,0.0704,0.92801,0.0
139,1.38,0.00707,0.016656,0.046985,0.03082,0.016165,0.06,110.0,0.0704,0.68279,0.0049677,0.013058,0.035596,0.023981,0.011615,0.0775,110.0,0.0704,0.75962,0.0024764,0.0075919,0.01968,0.013747,0.0059323,0.145,110.0,0.0704,0.92974,0.0
140,1.39,0.0069843,0.016543,0.046582,0.030599,0.015983,0.06,110.0,0.0704,0.68804,0.0048962,0.012959,0.035252,0.02379,0.011462,0.0775,110.0,0.0704,0.76117,0.0024341,0.0075213,0.019451,0.013613,0.0058378,0.145,110.0,0.0704,0.93529,0.0
141,1.4,0.0069002,0.016431,0.04618,0.030379,0.0158,0.06,80.0,0.0512,0.53418,0.004826,0.012861,0.034904,0.023597,0.011307,0.0775,80.0,0.0512,0.59584,0.0023924,0.0074505,0.019216,0.013476,0.0057403,0.145,80.0,0.0512,0.75407,0.0
142,1.41,0.0068405,0.016343,0.045879,0.030205,0.015674,0.06,80.0,0.0512,0.53155,0.0047765,0.012784,0.034647,0.023445,0.011201,0.0775,80.0,0.0512,0.59375,0.002364,0.0073945,0.019043,0.013366,0.0056776,0.145,80.0,0.0512,0.75592,0.0
143,1.42,0.0067811,0.016256,0.045583,0.030034,0.015549,0.06,80.0,0.0512,0.53292,0.0047272,0.012708,0.034393,0.023296,0.011097,0.0775,80.0,0.0512,0.59661,0.0023359,0.0073389,0.018874,0.013258,0.0056158,0.145,80.0,0.0512,0.75604,0.0
144,1.43,0.0067219,0.01617,0.045289,0.029865,0.015425,0.06,80.0,0.0512,0.53382,0.0046781,0.012633,0.034141,0.023149,0.010993,0.0775,80.0,0.0512,0.59763,0.002308,0.0072837,0.018707,0.013152,0.0055546,0.145,80.0,0.0512,0.7558,0.0
145,1.44,0.0066629,0.016084,0.044997,0.029697,0.015301,0.06,80.0,0.0512,0.53668,0.0046292,0.012557,0.033892,0.023002,0.01089,0.0775,80.0,0.0512,0.59673,0.0022803,0.007229,0.018541,0.013048,0.005494,0.145,80.0,0.0512,0.75526,0.0
146,1.45,0.0066041,0.015998,0.044707,0.02953,0.015177,0.06,80.0,0.0512,0.53662,0.0045804,0.012482,0.033644,0.022857,0.010787,0.0775,80.0,0.0512,0.59948,0.0022527,0.0071746,0.018378,0.012944,0.0054338,0.145,80.0,0.0512,0.75335,0.0
147,1.46,0.0065454,0.015913,0.044418,0.029364,0.015054,0.06,80.0,0.0512,0.53519,0.0045318,0.012408,0.033397,0.022713,0.010684,0.0775,80.0,0.0512,0.59816,0.0022253,0.0071207,0.018216,0.012842,0.0053741,0.145,80.0,0.0512,0.75556,0.0
148,1.47,0.0064869,0.015828,0.044131,0.029199,0.014932,0.06,80.0,0.0512,0.53924,0.0044834,0.012334,0.033152,0.02257,0.010582,0.0775,80.0,0.0512,0.59948,0.002198,0.0070671,0.018055,0.012741,0.0053148,0.145,80.0,0.0512,0.75508,0.0
149,1.48,0.0064285,0.015743,0.043845,0.029035,0.01481,0.06,80.0,0.0512,0.5368,0.004435,0.01226,0.032908,0.022428,0.010481,0.0775,80.0,0.0512,0.5987,0.0021708,0.0070139,0.017896,0.01264,0.0052558,0.145,80.0,0.0512,0.75693,0.0
150,1.49,0.0063703,0.015658,0.04356,0.028872,0.014688,0.06,80.0,0.0512,0.53817,0.0043869,0.012186,0.032665,0.022286,0.010379,0.0775,80.0,0.0512,0.60091,0.0021438,0.006961,0.017738,0.012541,0.0051972,0.145,80.0,0.0512,0.75723,0.0
151,1.5,0.0063122,0.015574,0.043276,0.028709,0.014567,0.06,80.0,0.0512,0.53793,0.0043388,0.012113,0.032424,0.022145,0.010278,0.0775,80.0,0.0512,0.60162,0.0021169,0.0069085,0.017581,0.012442,0.005139,0.145,80.0,0.0512,0.75705,0.0
152,1.51,0.0062543,0.01549,0.042994,0.028548,0.014446,0.06,80.0,0.0512,0.54157,0.0042909,0.01204,0.032183,0.022005,0.010178,0.0775,80.0,0.0512,0.60311,0.0020901,0.0068563,0.017425,0.012344,0.0050811,0.145,80.0,0.0512,0.75777,0.0
153,1.52,0.0061965,0.015407,0.042712,0.028387,0.014325,0.06,80.0,0.0512,0.54139,0.004243,0.011967,0.031943,0.021866,0.010077,0.0775,80.0,0.0512,0.60693,0.0020635,0.0068045,0.01727,0.012247,0.0050235,0.145,80.0,0.0512,0.75657,0.0
154,1.53,0.0061388,0.015324,0.042431,0.028226,0.014205,0.06,80.0,0.0512,0.54324,0.0041954,0.011895,0.031705,0.021727,0.0099772,0.0775,80.0,0.0512,0.60777,0.0020369,0.0067531,0.017117,0.01215,0.0049662,0.145,80.0,0.0512,0.75968,0.0
155,1.54,0.0060813,0.015241,0.042152,0.028066,0.014085,0.06,80.0,0.0512,0.54366,0.0041478,0.011823,0.031467,0.021589,0.0098774,0.0775,80.0,0.0512,0.60789,0.0020105,0.0067019,0.016964,0.012055,0.0049091,0.145,80.0,0.0512,0.76087,0.0
156,1.55,0.0060239,0.015158,0.041873,0.027907,0.013965,0.06,80.0,0.0512,0.54229,0.0041003,0.011751,0.03123,0.021452,0.0097779,0.0775,80.0,0.0512,0.6117,0.0019842,0.0066511,0.016812,0.01196,0.0048524,0.145,80.0,0.0512,0.76111,0.0
157,1.56,0.0059666,0.015076,0.041595,0.027749,0.013846,0.06,80.0,0.0512,0.54604,0.0040529,0.011679,0.030994,0.021315,0.0096786,0.0775,80.0,0.0512,0.61015,0.001958,0.0066006,0.016662,0.011866,0.004796,0.145,80.0,0.0512,0.76147,0.0
158,1.57,0.0059094,0.014994,0.041318,0.027591,0.013727,0.06,80.0,0.0512,0.54396,0.0040057,0.011608,0.030759,0.021179,0.0095796,0.0775,80.0,0.0512,0.61433,0.0019318,0.0065505,0.016512,0.011772,0.0047398,0.145,80.0,0.0512,0.76206,0.0
159,1.58,0.0058524,0.014912,0.041042,0.027434,0.013608,0.06,80.0,0.0512,0.54771,0.0039585,0.011537,0.030525,0.021044,0.0094809,0.0775,80.0,0.0512,0.61301,0.0019058,0.0065006,0.016363,0.011679,0.0046839,0.145,80.0,0.0512,0.76564,0.0
160,1.59,0.0057954,0.014831,0.040767,0.027278,0.01349,0.06,80.0,0.0512,0.54932,0.0039115,0.011467,0.030291,0.020909,0.0093825,0.0775,80.0,0.0512,0.61653,0.0018799,0.0064511,0.016215,0.011587,0.0046283,0.145,80.0,0.0512,0.76659,0.0
161,1.6,0.0057386,0.014749,0.040493,0.027122,0.013371,0.06,80.0,0.0512,0.55195,0.0038646,0.011396,0.030059,0.020774,0.0092843,0.0775,80.0,0.0512,0.61773,0.0018541,0.0064019,0.016068,0.011495,0.004573,0.145,80.0,0.0512,0.76689,0.0
162,1.61,0.0056819,0.014668,0.04022,0.026966,0.013253,0.06,80.0,0.0512,0.55284,0.0038177,0.011326,0.029827,0.020641,0.0091863,0.0775,80.0,0.0512,0.6185,0.0018284,0.006353,0.015922,0.011404,0.0045179,0.145,80.0,0.0512,0.76862,0.0
163,1.62,0.0056253,0.014588,0.039947,0.026811,0.013136,0.06,80.0,0.0512,0.55362,0.003771,0.011257,0.029596,0.020508,0.0090886,0.0775,80.0,0.0512,0.62059,0.0018028,0.0063044,0.015777,0.011314,0.004463,0.145,80.0,0.0512,0.76498,0.0
164,1.63,0.0055688,0.014507,0.039675,0.026657,0.013018,0.06,80.0,0.0512,0.55147,0.0037243,0.011187,0.029366,0.020375,0.0089911,0.0775,80.0,0.0512,0.61779,0.0017773,0.0062561,0.015632,0.011224,0.0044085,0.145,80.0,0.0512,0.76892,0.0
165,1.64,0.0055125,0.014427,0.039405,0.026503,0.012901,0.06,80.0,0.0512,0.55582,0.0036778,0.011118,0.029137,0.020243,0.0088938,0.0775,80.0,0.0512,0.62435,0.0017519,0.0062081,0.015489,0.011134,0.0043542,0.145,80.0,0.0512,0.77005,0.0
166,1.65,0.0054562,0.014348,0.039135,0.02635,0.012785,0.06,80.0,0.0512,0.55278,0.0036313,0.011049,0.028908,0.020111,0.0087968,0.0775,80.0,0.0512,0.62417,0.0017265,0.0061605,0.015346,0.011046,0.0043001,0.145,80.0,0.0512,0.77107,0.0
167,1.66,0.0054,0.014268,0.038865,0.026198,0.012668,0.06,80.0,0.0512,0.5588,0.0035849,0.01098,0.02868,0.01998,0.0087001,0.0775,80.0,0.0512,0.62643,0.0017013,0.0061131,0.015204,0.010958,0.0042463,0.145,80.0,0.0512,0.77274,0.0
168,1.67,0.005344,0.014189,0.038597,0.026045,0.012552,0.06,80.0,0.0512,0.56095,0.0035387,0.010912,0.028453,0.01985,0.0086036,0.0775,80.0,0.0512,0.62655,0.0016762,0.006066,0.015063,0.01087,0.0041928,0.145,80.0,0.0512,0.77363,0.0
169,1.68,0.005288,0.01411,0.03833,0.025894,0.012436,0.06,80.0,0.0512,0.55713,0.0034925,0.010844,0.028227,0.01972,0.0085073,0.0775,80.0,0.0512,0.62792,0.0016511,0.0060192,0.014923,0.010783,0.0041395,0.145,80.0,0.0512,0.77685,0.0
170,1.69,0.0052322,0.014031,0.038063,0.025743,0.01232,0.06,80.0,0.0512,0.56059,0.0034464,0.010776,0.028002,0.01959,0.0084113,0.0775,80.0,0.0512,0.62918,0.0016261,0.0059727,0.014784,0.010697,0.0040866,0.145,80.0,0.0512,0.77823,0.0
171,1.7,0.0051765,0.013952,0.037797,0.025592,0.012205,0.06,80.0,0.0512,0.55928,0.0034003,0.010708,0.027777,0.019461,0.0083155,0.0775,80.0,0.0512,0.63108,0.0016012,0.0059264,0.014645,0.010611,0.0040339,0.145,80.0,0.0512,0.77751,0.0
172,1.71,0.0051208,0.013874,0.037532,0.025442,0.01209,0.06,80.0,0.0512,0.56375,0.0033544,0.010641,0.027553,0.019333,0.0082201,0.0775,80.0,0.0512,0.63216,0.0015764,0.0058805,0.014508,0.010526,0.0039815,0.145,80.0,0.0512,0.77846,0.0
173,1.72,0.0050653,0.013796,0.037268,0.025293,0.011975,0.06,80.0,0.0512,0.56358,0.0033086,0.010574,0.02733,0.019205,0.0081249,0.0775,80.0,0.0512,0.6346,0.0015517,0.0058349,0.014371,0.010441,0.0039295,0.145,80.0,0.0512,0.7796,0.0
174,1.73,0.0050099,0.013719,0.037005,0.025144,0.011861,0.06,80.0,0.0512,0.56674,0.0032628,0.010507,0.027108,0.019078,0.0080301,0.0775,80.0,0.0512,0.63347,0.0015271,0.0057895,0.014235,0.010357,0.0038778,0.145,80.0,0.0512,0.78061,0.0
175,1.74,0.0049546,0.013641,0.036743,0.024996,0.011747,0.06,80.0,0.0512,0.56513,0.0032172,0.01044,0.026886,0.018951,0.0079356,0.0775,80.0,0.0512,0.63926,0.0015026,0.0057444,0.0141,0.010274,0.0038265,0.145,80.0,0.0512,0.78234,0.0
176,1.75,0.0048994,0.013564,0.036482,0.024848,0.011634,0.06,80.0,0.0512,0.56775,0.0031716,0.010374,0.026666,0.018825,0.0078415,0.0775,80.0,0.0512,0.63836,0.0014781,0.0056997,0.013967,0.010191,0.0037756,0.145,80.0,0.0512,0.78228,0.0
177,1.76,0.0048443,0.013487,0.036222,0.024701,0.011521,0.06,80.0,0.0512,0.5693,0.0031261,0.010308,0.026447,0.018699,0.0077479,0.0775,80.0,0.0512,0.63932,0.0014538,0.0056552,0.013834,0.010109,0.0037253,0.145,80.0,0.0512,0.78401,0.0
178,1.77,0.0047893,0.01341,0.035963,0.024554,0.011409,0.06,80.0,0.0512,0.57097,0.0030808,0.010242,0.026229,0.018574,0.007655,0.0775,80.0,0.0512,0.64176,0.0014296,0.005611,0.013703,0.010027,0.0036756,0.145,80.0,0.0512,0.78652,0.0
179,1.78,0.0047345,0.013334,0.035707,0.024409,0.011298,0.06,80.0,0.0512,0.57079,0.0030355,0.010177,0.026012,0.018449,0.007563,0.0775,80.0,0.0512,0.64069,0.0014055,0.0055671,0.013573,0.0099463,0.0036269,0.145,80.0,0.0512,0.7861,0.0
180,1.79,0.0046799,0.013258,0.035453,0.024264,0.011188,0.06,80.0,0.0512,0.57139,0.0029904,0.010111,0.025798,0.018326,0.0074719,0.0775,80.0,0.0512,0.64355,0.0013815,0.0055235,0.013445,0.0098662,0.0035791,0.145,80.0,0.0512,0.78658,0.0
181,1.8,0.0046229,0.01318,0.035196,0.024118,0.011078,0.06,150.0,0.096,0.9789,0.0029438,0.010045,0.025585,0.018203,0.0073822,0.0775,150.0,0.096,1.0842,0.0013569,0.0054794,0.013322,0.0097877,0.0035341,0.145,150.0,0.096,1.245,0.0
182,1.81,0.0045148,0.013051,0.034736,0.02388,0.010856,0.06,150.0,0.096,0.99018,0.0028544,0.0099359,0.025202,0.018004,0.0071976,0.0775,150.0,0.096,1.0984,0.0013077,0.0054111,0.013102,0.0096696,0.0034322,0.145,150.0,0.096,1.2652,0.0
183,1.82,0.0044064,0.012922,0.034268,0.023637,0.010631,0.06,150.0,0.096,0.99984,0.0027645,0.0098267,0.024809,0.017799,0.0070101,0.0775,150.0,0.096,1.1123,0.0012581,0.0053427,0.012876,0.0095478,0.0033283,0.145,150.0,0.096,1.2807,0.0
184,1.83,0.0042976,0.012793,0.033795,0.02339,0.010405,0.06,150.0,0.096,1.0101,0.0026744,0.0097175,0.024413,0.017592,0.0068208,0.0775,150.0,0.096,1.1238,0.0012083,0.0052744,0.012646,0.0094229,0.0032227,0.145,150.0,0.096,1.2941,0.0
185,1.84,0.0041886,0.012664,0.033319,0.023142,0.010176,0.06,150.0,0.096,1.0183,0.002584,0.0096083,0.024013,0.017383,0.0066298,0.0775,150.0,0.096,1.1362,0.0011583,0.0052062,0.012413,0.0092968,0.0031158,0.145,150.0,0.096,1.3101,0.0
186,1.85,0.0040795,0.012535,0.03284,0.022893,0.0099467,0.06,150.0,0.096,1.0303,0.0024934,0.0094992,0.023611,0.017174,0.0064371,0.0775,150.0,0.096,1.1474,0.0011081,0.0051382,0.012178,0.0091698,0.0030078,0.145,150.0,0.096,1.32,0.0
187,1.86,0.00397,0.012406,0.032359,0.022643,0.0097154,0.06,150.0,0.096,1.039,0.0024025,0.0093902,0.023205,0.016963,0.0062426,0.0775,150.0,0.096,1.1584,0.0010578,0.0050703,0.011941,0.0090421,0.0028986,0.145,150.0,0.096,1.3363,0.0
188,1.87,0.0038604,0.012277,0.031875,0.022392,0.0094822,0.06,150.0,0.096,1.0503,0.0023113,0.0092812,0.022797,0.016751,0.0060462,0.0775,150.0,0.096,1.1742,0.0010072,0.0050026,0.011702,0.008914,0.002788,0.145,150.0,0.096,1.3518,0.0
189,1.88,0.0037506,0.012148,0.031388,0.022141,0.0092471,0.06,150.0,0.096,1.0609,0.0022199,0.0091722,0.022386,0.016539,0.0058477,0.0775,150.0,0.096,1.1862,0.00095646,0.0049351,0.011461,0.0087854,0.0026761,0.145,150.0,0.096,1.3677,0.0
190,1.89,0.0036404,0.012019,0.030898,0.021888,0.0090098,0.06,150.0,0.096,1.0737,0.0021281,0.0090633,0.021972,0.016325,0.0056467,0.0775,150.0,0.096,1.2043,0.00090547,0.0048677,0.011219,0.0086563,0.0025624,0.145,150.0,0.096,1.3835,0.0
191,1.9,0.0035299,0.01189,0.030404,0.021635,0.0087699,0.06,150.0,0.096,1.0847,0.0020359,0.0089542,0.021554,0.016111,0.0054428,0.0775,150.0,0.096,1.2195,0.00085423,0.0048003,0.010974,0.0085267,0.0024469,0.145,150.0,0.096,1.4028,0.0
192,1.91,0.0034191,0.011761,0.029907,0.02138,0.008527,0.06,150.0,0.096,1.0968,0.0019433,0.0088451,0.021131,0.015895,0.0052356,0.0775,150.0,0.096,1.2374,0.0008027,0.0047331,0.010726,0.0083965,0.0023291,0.145,150.0,0.096,1.421,0.0
193,1.92,0.0033078,0.011632,0.029405,0.021124,0.0082804,0.06,150.0,0.096,1.1114,0.0018502,0.0087358,0.020703,0.015678,0.0050244,0.0775,150.0,0.096,1.2521,0.00075081,0.0046658,0.010474,0.0082655,0.0022086,0.145,150.0,0.096,1.4388,0.0
194,1.93,0.003196,0.011503,0.028897,0.020867,0.0080295,0.06,150.0,0.096,1.1248,0.0017565,0.0086262,0.020268,0.01546,0.0048085,0.0775,150.0,0.096,1.2733,0.0006985,0.0045985,0.010218,0.0081335,0.0020849,0.145,150.0,0.096,1.4664,0.0
195,1.94,0.0030835,0.011373,0.028381,0.020608,0.0077734,0.06,150.0,0.096,1.1416,0.0016621,0.0085163,0.019826,0.015239,0.0045866,0.0775,150.0,0.096,1.2955,0.00064568,0.0045311,0.0099574,0.0080003,0.0019571,0.145,150.0,0.096,1.4903,0.0
196,1.95,0.0029703,0.011243,0.027857,0.020346,0.0075107,0.06,150.0,0.096,1.1593,0.0015668,0.0084058,0.019373,0.015016,0.0043573,0.0775,150.0,0.096,1.3195,0.00059226,0.0044634,0.0096896,0.0078655,0.0018241,0.145,150.0,0.096,1.5212,0.0
197,1.96,0.0028562,0.011113,0.027321,0.020082,0.0072396,0.06,150.0,0.096,1.1795,0.0014704,0.0082945,0.018907,0.014789,0.0041184,0.0775,150.0,0.096,1.3468,0.00053806,0.0043953,0.0094127,0.0077283,0.0016844,0.145,150.0,0.096,1.5538,0.0
198,1.97,0.0027409,0.010981,0.02677,0.019813,0.006957,0.06,150.0,0.096,1.205,0.0013726,0.0081823,0.018423,0.014557,0.0038663,0.0775,150.0,0.096,1.3807,0.00048286,0.0043267,0.0091232,0.0075879,0.0015352,0.145,150.0,0.096,1.5981,0.0
199,1.98,0.0026239,0.010848,0.026196,0.019538,0.006658,0.06,150.0,0.096,1.2342,0.001273,0.0080686,0.017913,0.014318,0.0035948,0.0775,150.0,0.096,1.4242,0.00042631,0.0042571,0.0088145,0.0074426,0.0013719,0.145,150.0,0.096,1.6501,0.0
200,1.99,0.0025047,0.010713,0.025586,0.019253,0.0063323,0.06,150.0,0.096,1.2731,0.0011706,0.0079526,0.017358,0.014067,0.0032911,0.0775,150.0,0.096,1.4808,0.00036774,0.004186,0.0084732,0.0072888,0.0011844,0.145,150.0,0.096,1.7321,0.0
201,2.0,0.002382,0.010556,0.024801,0.018871,0.0059296,0.025,0.5,0.00032,0.063187,0.0010638,0.0078055,0.016578,0.01369,0.0028883,0.05,0.5,0.00032,0.10921,0.0003075,0.0041015,0.0079976,0.0070727,0.00092486,0.1,0.5,0.00032,0.20066,0.0
202,2.01,0.0023799,0.010548,0.024771,0.018848,0.0059234,0.025,0.5,0.01148,0.078389,0.0010622,0.0077956,0.016545,0.013662,0.002883,0.05,0.5,0.01148,0.1287,0.00030662,0.0040926,0.0079688,0.0070473,0.00092146,0.1,0.5,0.01148,0.21939,0.0
203,2.02,0.0023776,0.010539,0.024741,0.018825,0.0059166,0.025,0.5,0.01148,0.080356,0.0010604,0.0077856,0.016512,0.013635,0.002877,0.05,0.5,0.01148,0.1287,0.00030567,0.0040837,0.0079401,0.0070224,0.00091768,0.1,0.5,0.01148,0.21783,0.0
204,2.03,0.0023754,0.010531,0.024712,0.018802,0.0059098,0.025,0.5,0.01148,0.079522,0.0010587,0.0077757,0.016479,0.013608,0.0028711,0.05,0.5,0.01148,0.12841,0.00030473,0.0040748,0.007912,0.006998,0.00091398,0.1,0.5,0.01148,0.21867,0.0
205,2.04,0.0023731,0.010522,0.024682,0.018779,0.0059032,0.025,0.5,0.01148,0.081787,0.0010569,0.0077657,0.016447,0.013581,0.0028653,0.05,0.5,0.01148,0.12614,0.00030379,0.004066,0.0078845,0.0069741,0.00091036,0.1,0.5,0.01148,0.21992,0.0
206,2.05,0.0023709,0.010514,0.024654,0.018757,0.0058966,0.025,0.5,0.01148,0.077614,0.0010552,0.0077558,0.016415,0.013555,0.0028595,0.05,0.5,0.01148,0.12823,0.00030287,0.0040572,0.0078575,0.0069507,0.00090682,0.1,0.5,0.01148,0.21974,0.0
207,2.06,0.0023687,0.010506,0.024625,0.018735,0.00589,0.025,0.5,0.01148,0.080356,0.0010535,0.0077459,0.016383,0.013529,0.0028539,0.05,0.5,0.01148,0.12787,0.00030196,0.0040484,0.0078311,0.0069277,0.00090335,0.1,0.5,0.01148,0.21837,0.0
208,2.07,0.0023665,0.010497,0.024597,0.018714,0.0058835,0.025,0.5,0.01148,0.075766,0.0010518,0.007736,0.016352,0.013504,0.0028483,0.05,0.5,0.01148,0.12751,0.00030106,0.0040397,0.0078051,0.0069052,0.00089994,0.1,0.5,0.01148,0.21939,0.0
209,2.08,0.0023643,0.010489,0.024569,0.018692,0.005877,0.025,0.5,0.01148,0.077435,0.0010501,0.0077262,0.016322,0.013479,0.0028427,0.05,0.5,0.01148,0.12423,0.00030017,0.004031,0.0077796,0.006883,0.0008966,0.1,0.5,0.01148,0.21766,0.0
210,2.09,0.0023621,0.01048,0.024542,0.018671,0.0058706,0.025,0.5,0.01148,0.080058,0.0010485,0.0077164,0.016291,0.013454,0.0028372,0.05,0.5,0.01148,0.12692,0.00029929,0.0040223,0.0077545,0.0068612,0.0008933,0.1,0.5,0.01148,0.21789,0.0
211,2.1,0.0023599,0.010472,0.024514,0.01865,0.0058643,0.025,0.5,0.01148,0.077197,0.0010468,0.0077066,0.016261,0.013429,0.0028318,0.05,0.5,0.01148,0.12829,0.00029842,0.0040137,0.0077298,0.0068397,0.00089006,0.1,0.5,0.01148,0.21897,0.0
212,2.11,0.0023577,0.010464,0.024487,0.018629,0.005858,0.025,0.5,0.01148,0.079462,0.0010451,0.0076968,0.016232,0.013405,0.0028264,0.05,0.5,0.01148,0.12709,0.00029755,0.0040051,0.0077054,0.0068185,0.00088687,0.1,0.5,0.01148,0.21456,0.0
213,2.12,0.0023556,0.010456,0.02446,0.018609,0.0058517,0.025,0.5,0.01148,0.075349,0.0010435,0.007687,0.016202,0.013381,0.0028211,0.05,0.5,0.01148,0.12441,0.00029669,0.0039965,0.0076814,0.0067976,0.00088373,0.1,0.5,0.01148,0.21688,0.0
214,2.13,0.0023534,0.010447,0.024434,0.018588,0.0058455,0.025,0.5,0.01148,0.077674,0.0010418,0.0076773,0.016173,0.013357,0.0028158,0.05,0.5,0.01148,0.12709,0.00029584,0.003988,0.0076576,0.006777,0.00088063,0.1,0.5,0.01148,0.2176,0.0
215,2.14,0.0023513,0.010439,0.024407,0.018568,0.0058393,0.025,0.5,0.01148,0.077375,0.0010402,0.0076676,0.016144,0.013334,0.0028105,0.05,0.5,0.01148,0.12668,0.00029499,0.0039795,0.0076342,0.0067566,0.00087757,0.1,0.5,0.01148,0.21664,0.0
216,2.15,0.0023491,0.010431,0.024381,0.018548,0.0058331,0.025,0.5,0.01148,0.077674,0.0010386,0.0076579,0.016116,0.01331,0.0028053,0.05,0.5,0.01148,0.12572,0.00029415,0.003971,0.007611,0.0067365,0.00087454,0.1,0.5,0.01148,0.2164,0.0
217,2.16,0.002347,0.010423,0.024355,0.018528,0.005827,0.025,0.5,0.01148,0.07827,0.0010369,0.0076483,0.016087,0.013287,0.0028002,0.05,0.5,0.01148,0.12674,0.00029332,0.0039625,0.0075881,0.0067165,0.00087156,0.1,0.5,0.01148,0.21605,0.0
218,2.17,0.0023448,0.010414,0.024329,0.018508,0.0058209,0.025,0.5,0.01148,0.077912,0.0010353,0.0076386,0.016059,0.013264,0.002795,0.05,0.5,0.01148,0.1228,0.00029249,0.0039541,0.0075654,0.0066968,0.00086861,0.1,0.5,0.01148,0.2173,0.0
219,2.18,0.0023427,0.010406,0.024303,0.018488,0.0058148,0.025,0.5,0.01148,0.078925,0.0010337,0.007629,0.016031,0.013241,0.0027899,0.05,0.5,0.01148,0.12763,0.00029167,0.0039457,0.007543,0.0066773,0.00086569,0.1,0.5,0.01148,0.21658,0.0
220,2.19,0.0023406,0.010398,0.024278,0.018469,0.0058088,0.025,0.5,0.01148,0.074514,0.0010321,0.0076194,0.016004,0.013219,0.0027849,0.05,0.5,0.01148,0.12703,0.00029086,0.0039374,0.0075208,0.006658,0.0008628,0.1,0.5,0.01148,0.21318,0.0
221,2.2,0.0023385,0.01039,0.024252,0.018449,0.0058028,0.025,0.5,0.01148,0.078448,0.0010305,0.0076098,0.015976,0.013196,0.0027799,0.05,0.5,0.01148,0.12423,0.00029005,0.003929,0.0074988,0.0066388,0.00085995,0.1,0.5,0.01148,0.21527,0.0
222,2.21,0.0023364,0.010382,0.024227,0.01843,0.0057969,0.025,0.5,0.01148,0.076779,0.0010289,0.0076003,0.015949,0.013174,0.0027749,0.05,0.5,0.01148,0.12644,0.00028924,0.0039207,0.007477,0.0066198,0.00085712,0.1,0.5,0.01148,0.21515,0.0
223,2.22,0.0023343,0.010373,0.024202,0.018411,0.0057909,0.025,0.5,0.01148,0.078985,0.0010274,0.0075907,0.015921,0.013152,0.0027699,0.05,0.5,0.01148,0.12578,0.00028844,0.0039124,0.0074553,0.006601,0.00085432,0.1,0.5,0.01148,0.217,0.0
224,2.23,0.0023322,0.010365,0.024177,0.018392,0.005785,0.025,0.5,0.01148,0.076481,0.0010258,0.0075812,0.015894,0.013129,0.002765,0.05,0.5,0.01148,0.12924,0.00028765,0.0039042,0.0074339,0.0065824,0.00085155,0.1,0.5,0.01148,0.21163,0.0
225,2.24,0.0023301,0.010357,0.024152,0.018373,0.0057791,0.025,0.5,0.01148,0.07815,0.0010242,0.0075717,0.015868,0.013108,0.0027601,0.05,0.5,0.01148,0.12662,0.00028686,0.0038959,0.0074127,0.0065639,0.0008488,0.1,0.5,0.01148,0.21092,0.0
226,2.25,0.002328,0.010349,0.024127,0.018354,0.0057732,0.025,0.5,0.01148,0.076779,0.0010227,0.0075622,0.015841,0.013086,0.0027552,0.05,0.5,0.01148,0.1237,0.00028608,0.0038877,0.0073916,0.0065455,0.00084608,0.1,0.5,0.01148,0.21462,0.0
227,2.26,0.0023259,0.010341,0.024102,0.018335,0.0057674,0.025,0.5,0.01148,0.078091,0.0010211,0.0075528,0.015814,0.013064,0.0027504,0.05,0.5,0.01148,0.1259,0.0002853,0.0038796,0.0073707,0.0065273,0.00084338,0.1,0.5,0.01148,0.21456,0.0
228,2.27,0.0023238,0.010333,0.024078,0.018316,0.0057616,0.025,0.5,0.01148,0.0766,0.0010196,0.0075433,0.015788,0.013042,0.0027456,0.05,0.5,0.01148,0.12352,0.00028452,0.0038714,0.0073499,0.0065092,0.0008407,0.1,0.5,0.01148,0.21402,0.0
229,2.28,0.0023217,0.010325,0.024053,0.018298,0.0057558,0.025,0.5,0.01148,0.078329,0.001018,0.0075339,0.015762,0.013021,0.0027408,0.05,0.5,0.01148,0.12525,0.00028375,0.0038633,0.0073293,0.0064912,0.00083805,0.1,0.5,0.01148,0.2142,0.0
230,2.29,0.0023197,0.010317,0.024029,0.018279,0.00575,0.025,0.5,0.01148,0.077375,0.0010165,0.0075245,0.015736,0.013,0.0027361,0.05,0.5,0.01148,0.12334,0.00028299,0.0038552,0.0073088,0.0064734,0.00083542,0.1,0.5,0.01148,0.20937,0.0
231,2.3,0.0023176,0.010309,0.024005,0.018261,0.0057442,0.025,0.5,0.01148,0.07827,0.0010149,0.0075151,0.01571,0.012978,0.0027313,0.05,0.5,0.01148,0.12703,0.00028223,0.0038471,0.0072885,0.0064557,0.0008328,0.1,0.5,0.01148,0.21229,0.0
232,2.31,0.0023155,0.010301,0.023981,0.018242,0.0057385,0.025,0.5,0.01148,0.0766,0.0010134,0.0075057,0.015684,0.012957,0.0027266,0.05,0.5,0.01148,0.1234,0.00028147,0.0038391,0.0072683,0.0064381,0.00083021,0.1,0.5,0.01148,0.2139,0.0
233,2.32,0.0023135,0.010293,0.023957,0.018224,0.0057328,0.025,0.5,0.01148,0.078806,0.0010119,0.0074964,0.015658,0.012936,0.0027219,0.05,0.5,0.01148,0.12537,0.00028071,0.0038311,0.0072483,0.0064206,0.00082764,0.1,0.5,0.01148,0.21247,0.0
234,2.33,0.0023114,0.010284,0.023933,0.018206,0.0057271,0.025,0.5,0.01148,0.074872,0.0010104,0.0074871,0.015633,0.012915,0.0027173,0.05,0.5,0.01148,0.12292,0.00027997,0.003823,0.0072284,0.0064033,0.00082509,0.1,0.5,0.01148,0.21146,0.0
235,2.34,0.0023094,0.010276,0.023909,0.018187,0.0057214,0.025,0.5,0.01148,0.075349,0.0010089,0.0074778,0.015607,0.012895,0.0027126,0.05,0.5,0.01148,0.12537,0.00027922,0.0038151,0.0072086,0.006386,0.00082256,0.1,0.5,0.01148,0.21378,0.0
236,2.35,0.0023073,0.010268,0.023885,0.018169,0.0057158,0.025,0.5,0.01148,0.07666,0.0010073,0.0074684,0.015582,0.012874,0.002708,0.05,0.5,0.01148,0.12274,0.00027848,0.0038071,0.0071889,0.0063689,0.00082004,0.1,0.5,0.01148,0.21199,0.0
237,2.36,0.0023053,0.01026,0.023861,0.018151,0.0057101,0.025,0.5,0.01148,0.076541,0.0010058,0.0074592,0.015557,0.012853,0.0027034,0.05,0.5,0.01148,0.12477,0.00027774,0.0037992,0.0071694,0.0063518,0.00081754,0.1,0.5,0.01148,0.20973,0.0
238,2.37,0.0023033,0.010252,0.023838,0.018133,0.0057045,0.025,0.5,0.01148,0.078031,0.0010043,0.0074499,0.015532,0.012833,0.0026988,0.05,0.5,0.01148,0.12519,0.00027701,0.0037913,0.0071499,0.0063349,0.00081506,0.1,0.5,0.01148,0.21217,0.0
239,2.38,0.0023012,0.010244,0.023814,0.018115,0.0056989,0.025,0.5,0.01148,0.07517,0.0010028,0.0074407,0.015507,0.012812,0.0026943,0.05,0.5,0.01148,0.12614,0.00027628,0.0037834,0.0071306,0.006318,0.0008126,0.1,0.5,0.01148,0.21086,0.0
240,2.39,0.0022992,0.010236,0.023791,0.018098,0.0056933,0.025,0.5,0.01148,0.077614,0.0010014,0.0074315,0.015482,0.012792,0.0026898,0.05,0.5,0.01148,0.12382,0.00027555,0.0037755,0.0071114,0.0063013,0.00081016,0.1,0.5,0.01148,0.21336,0.0
241,2.4,0.0022972,0.010229,0.023768,0.01808,0.0056878,0.025,0.5,0.01148,0.078329,0.00099988,0.0074222,0.015457,0.012772,0.0026853,0.05,0.5,0.01148,0.12429,0.00027483,0.0037677,0.0070924,0.0062846,0.00080773,0.1,0.5,0.01148,0.2083,0.0
242,2.41,0.0022952,0.010221,0.023744,0.018062,0.0056822,0.025,0.5,0.01148,0.078091,0.0009984,0.0074131,0.015432,0.012752,0.0026808,0.05,0.5,0.01148,0.12477,0.00027411,0.0037599,0.0070734,0.0062681,0.00080532,0.1,0.5,0.01148,0.21104,0.0
243,2.42,0.0022932,0.010213,0.023721,0.018044,0.0056767,0.025,0.5,0.01148,0.078329,0.00099692,0.0074039,0.015408,0.012732,0.0026763,0.05,0.5,0.01148,0.12447,0.0002734,0.0037521,0.0070545,0.0062516,0.00080292,0.1,0.5,0.01148,0.21098,0.0
244,2.43,0.0022912,0.010205,0.023698,0.018027,0.0056712,0.025,0.5,0.01148,0.07821,0.00099545,0.0073947,0.015383,0.012711,0.0026719,0.05,0.5,0.01148,0.12346,0.00027269,0.0037443,0.0070358,0.0062352,0.00080054,0.1,0.5,0.01148,0.21187,0.0
245,2.44,0.0022892,0.010197,0.023675,0.018009,0.0056657,0.025,0.5,0.01148,0.07827,0.00099399,0.0073856,0.015359,0.012692,0.0026674,0.05,0.5,0.01148,0.12513,0.00027198,0.0037366,0.0070171,0.006219,0.00079817,0.1,0.5,0.01148,0.21038,0.0
246,2.45,0.0022872,0.010189,0.023652,0.017992,0.0056602,0.025,0.5,0.01148,0.076422,0.00099253,0.0073765,0.015335,0.012672,0.002663,0.05,0.5,0.01148,0.12459,0.00027128,0.0037288,0.0069986,0.0062028,0.00079582,0.1,0.5,0.01148,0.20841,0.0
247,2.46,0.0022852,0.010181,0.023629,0.017974,0.0056548,0.025,0.5,0.01148,0.075945,0.00099107,0.0073673,0.015311,0.012652,0.0026586,0.05,0.5,0.01148,0.12233,0.00027058,0.0037211,0.0069801,0.0061866,0.00079349,0.1,0.5,0.01148,0.21026,0.0
248,2.47,0.0022832,0.010173,0.023606,0.017957,0.0056493,0.025,0.5,0.01148,0.077375,0.00098962,0.0073583,0.015287,0.012632,0.0026542,0.05,0.5,0.01148,0.1234,0.00026988,0.0037135,0.0069618,0.0061706,0.00079117,0.1,0.5,0.01148,0.21038,0.0
249,2.48,0.0022812,0.010165,0.023583,0.01794,0.0056439,0.025,0.5,0.01148,0.075706,0.00098817,0.0073492,0.015263,0.012613,0.0026499,0.05,0.5,0.01148,0.12441,0.00026918,0.0037058,0.0069435,0.0061547,0.00078886,0.1,0.5,0.01148,0.21092,0.0
250,2.49,0.0022792,0.010157,0.023561,0.017922,0.0056385,0.025,0.5,0.01148,0.076302,0.00098673,0.0073401,0.015239,0.012593,0.0026455,0.05,0.5,0.01148,0.12227,0.00026849,0.0036982,0.0069254,0.0061388,0.00078657,0.1,0.5,0.01148,0.21002,0.0
251,2.5,0.0022772,0.010149,0.023538,0.017905,0.0056331,0.025,0.5,0.01148,0.078031,0.00098529,0.0073311,0.015215,0.012574,0.0026412,0.05,0.5,0.01148,0.12465,0.0002678,0.0036905,0.0069073,0.006123,0.00078429,0.1,0.5,0.01148,0.21026,0.0
252,2.51,0.0022752,0.010142,0.023516,0.017888,0.0056277,0.025,0.5,0.01148,0.07666,0.00098386,0.0073221,0.015191,0.012554,0.0026369,0.05,0.5,0.01148,0.12334,0.00026712,0.0036829,0.0068893,0.0061073,0.00078203,0.1,0.5,0.01148,0.20776,0.0
253,2.52,0.0022733,0.010134,0.023493,0.017871,0.0056223,0.025,0.5,0.01148,0.077495,0.00098243,0.0073131,0.015168,0.012535,0.0026326,0.05,0.5,0.01148,0.12441,0.00026644,0.0036754,0.0068715,0.0060917,0.00077978,0.1,0.5,0.01148,0.20788,0.0
254,2.53,0.0022713,0.010126,0.023471,0.017854,0.0056169,0.025,0.5,0.01148,0.07976,0.000981,0.0073041,0.015144,0.012516,0.0026284,0.05,0.5,0.01148,0.12197,0.00026576,0.0036678,0.0068537,0.0060761,0.00077754,0.1,0.5,0.01148,0.20895,0.0
255,2.54,0.0022693,0.010118,0.023448,0.017837,0.0056116,0.025,0.5,0.01148,0.074812,0.00097958,0.0072951,0.015121,0.012497,0.0026241,0.05,0.5,0.01148,0.12322,0.00026509,0.0036603,0.006836,0.0060607,0.00077531,0.1,0.5,0.01148,0.20979,0.0
256,2.55,0.0022674,0.01011,0.023426,0.01782,0.0056063,0.025,0.5,0.01148,0.075527,0.00097816,0.0072861,0.015097,0.012477,0.0026199,0.05,0.5,0.01148,0.12417,0.00026441,0.0036528,0.0068184,0.0060453,0.0007731,0.1,0.5,0.01148,0.2071,0.0
257,2.56,0.0022654,0.010102,0.023404,0.017803,0.005601,0.025,0.5,0.01148,0.076183,0.00097674,0.0072772,0.015074,0.012458,0.0026156,0.05,0.5,0.01148,0.12393,0.00026374,0.0036453,0.0068008,0.0060299,0.0007709,0.1,0.5,0.01148,0.20758,0.0
258,2.57,0.0022635,0.010095,0.023381,0.017786,0.0055956,0.025,0.5,0.01148,0.077256,0.00097534,0.0072682,0.015051,0.012439,0.0026114,0.05,0.5,0.01148,0.12185,0.00026308,0.0036378,0.0067834,0.0060147,0.00076872,0.1,0.5,0.01148,0.20996,0.0
259,2.58,0.0022615,0.010087,0.023359,0.017769,0.0055904,0.025,0.5,0.01148,0.076004,0.00097393,0.0072593,0.015028,0.01242,0.0026072,0.05,0.5,0.01148,0.1194,0.00026241,0.0036303,0.0067661,0.0059995,0.00076654,0.1,0.5,0.01148,0.20764,0.0
260,2.59,0.0022596,0.010079,0.023337,0.017752,0.0055851,0.025,0.5,0.01148,0.076362,0.00097253,0.0072504,0.015005,0.012402,0.0026031,0.05,0.5,0.01148,0.12072,0.00026175,0.0036229,0.0067488,0.0059844,0.00076438,0.1,0.5,0.01148,0.20698,0.0
261,2.6,0.0022576,0.010071,0.023315,0.017735,0.0055798,0.025,0.5,0.01148,0.077197,0.00097113,0.0072415,0.014982,0.012383,0.0025989,0.05,0.5,0.01148,0.12376,0.0002611,0.0036155,0.0067316,0.0059694,0.00076223,0.1,0.5,0.01148,0.20716,0.0
262,2.61,0.0022557,0.010063,0.023293,0.017719,0.0055746,0.025,0.5,0.01148,0.077197,0.00096974,0.0072327,0.014959,0.012364,0.0025948,0.05,0.5,0.01148,0.1237,0.00026044,0.0036081,0.0067145,0.0059544,0.00076009,0.1,0.5,0.01148,0.20889,0.0
263,2.62,0.0022537,0.010056,0.023271,0.017702,0.0055693,0.025,0.5,0.01148,0.076243,0.00096835,0.0072238,0.014936,0.012345,0.0025906,0.05,0.5,0.01148,0.12423,0.00025979,0.0036007,0.0066975,0.0059395,0.00075797,0.1,0.5,0.01148,0.20818,0.0
264,2.63,0.0022518,0.010048,0.02325,0.017685,0.0055641,0.025,0.5,0.01148,0.074633,0.00096696,0.007215,0.014913,0.012327,0.0025865,0.05,0.5,0.01148,0.12227,0.00025914,0.0035934,0.0066805,0.0059247,0.00075585,0.1,0.5,0.01148,0.20597,0.0
265,2.64,0.0022499,0.01004,0.023228,0.017669,0.0055589,0.025,0.5,0.01148,0.075408,0.00096557,0.0072061,0.014891,0.012308,0.0025824,0.05,0.5,0.01148,0.12137,0.0002585,0.0035861,0.0066637,0.0059099,0.00075375,0.1,0.5,0.01148,0.20859,0.0
266,2.65,0.0022479,0.010032,0.023206,0.017652,0.0055537,0.025,0.5,0.01148,0.076481,0.0009642,0.0071973,0.014868,0.01229,0.0025783,0.05,0.5,0.01148,0.12125,0.00025785,0.0035788,0.0066469,0.0058952,0.00075166,0.1,0.5,0.01148,0.2077,0.0
267,2.66,0.002246,0.010025,0.023184,0.017636,0.0055485,0.025,0.5,0.01148,0.076124,0.00096282,0.0071885,0.014846,0.012271,0.0025743,0.05,0.5,0.01148,0.1203,0.00025721,0.0035715,0.0066302,0.0058806,0.00074958,0.1,0.5,0.01148,0.20925,0.0
268,2.67,0.0022441,0.010017,0.023163,0.017619,0.0055433,0.025,0.5,0.01148,0.074276,0.00096145,0.0071798,0.014823,0.012253,0.0025702,0.05,0.5,0.01148,0.12149,0.00025658,0.0035642,0.0066136,0.005866,0.00074751,0.1,0.5,0.01148,0.20692,0.0
269,2.68,0.0022422,0.010009,0.023141,0.017603,0.0055382,0.025,0.5,0.01148,0.075587,0.00096008,0.007171,0.014801,0.012235,0.0025662,0.05,0.5,0.01148,0.12119,0.00025594,0.0035569,0.006597,0.0058515,0.00074546,0.1,0.5,0.01148,0.20388,0.0
270,2.69,0.0022403,0.010002,0.02312,0.017587,0.0055331,0.025,0.5,0.01148,0.075527,0.00095872,0.0071622,0.014779,0.012217,0.0025622,0.05,0.5,0.01148,0.12024,0.00025531,0.0035497,0.0065805,0.0058371,0.00074341,0.1,0.5,0.01148,0.204,0.0
271,2.7,0.0022384,0.009994,0.023098,0.01757,0.0055279,0.025,0.5,0.01148,0.077197,0.00095736,0.0071535,0.014757,0.012198,0.0025581,0.05,0.5,0.01148,0.12233,0.00025468,0.0035425,0.0065641,0.0058227,0.00074137,0.1,0.5,0.01148,0.20472,0.0
272,2.71,0.0022364,0.0099863,0.023077,0.017554,0.0055228,0.025,0.5,0.01148,0.077972,0.000956,0.0071448,0.014735,0.01218,0.0025541,0.05,0.5,0.01148,0.12089,0.00025405,0.0035353,0.0065478,0.0058084,0.00073935,0.1,0.5,0.01148,0.20412,0.0
273,2.72,0.0022345,0.0099786,0.023055,0.017538,0.0055177,0.025,0.5,0.01148,0.077554,0.00095465,0.0071361,0.014712,0.012162,0.0025502,0.05,0.5,0.01148,0.12352,0.00025343,0.0035281,0.0065315,0.0057942,0.00073733,0.1,0.5,0.01148,0.20746,0.0
274,2.73,0.0022326,0.009971,0.023034,0.017521,0.0055126,0.025,0.5,0.01148,0.075945,0.0009533,0.0071274,0.01469,0.012144,0.0025462,0.05,0.5,0.01148,0.1231,0.00025281,0.003521,0.0065153,0.00578,0.00073532,0.1,0.5,0.01148,0.20675,0.0
275,2.74,0.0022307,0.0099633,0.023013,0.017505,0.0055075,0.025,0.5,0.01148,0.075468,0.00095195,0.0071187,0.014669,0.012126,0.0025422,0.05,0.5,0.01148,0.12227,0.00025219,0.0035138,0.0064992,0.0057659,0.00073333,0.1,0.5,0.01148,0.20824,0.0
276,2.75,0.0022289,0.0099557,0.022992,0.017489,0.0055024,0.025,0.5,0.01148,0.074574,0.00095061,0.00711,0.014647,0.012108,0.0025383,0.05,0.5,0.01148,0.11923,0.00025157,0.0035067,0.0064832,0.0057518,0.00073135,0.1,0.5,0.01148,0.20448,0.0
277,2.76,0.002227,0.009948,0.02297,0.017473,0.0054974,0.025,0.5,0.01148,0.077077,0.00094927,0.0071014,0.014625,0.012091,0.0025344,0.05,0.5,0.01148,0.11994,0.00025096,0.0034996,0.0064672,0.0057378,0.00072937,0.1,0.5,0.01148,0.20484,0.0
278,2.77,0.0022251,0.0099404,0.022949,0.017457,0.0054923,0.025,0.5,0.01148,0.074574,0.00094793,0.0070928,0.014603,0.012073,0.0025304,0.05,0.5,0.01148,0.12167,0.00025035,0.0034925,0.0064513,0.0057239,0.00072741,0.1,0.5,0.01148,0.20675,0.0
279,2.78,0.0022232,0.0099328,0.022928,0.017441,0.0054873,0.025,0.5,0.01148,0.073024,0.0009466,0.0070841,0.014582,0.012055,0.0025265,0.05,0.5,0.01148,0.11928,0.00024974,0.0034854,0.0064354,0.00571,0.00072545,0.1,0.5,0.01148,0.20406,0.0
280,2.79,0.0022213,0.0099252,0.022907,0.017425,0.0054822,0.025,0.5,0.01148,0.074633,0.00094527,0.0070755,0.01456,0.012037,0.0025227,0.05,0.5,0.01148,0.11988,0.00024913,0.0034784,0.0064197,0.0056961,0.00072351,0.1,0.5,0.01148,0.20651,0.0
281,2.8,0.0022194,0.0099176,0.022886,0.017409,0.0054772,0.025,0.5,0.01148,0.075885,0.00094395,0.0070669,0.014539,0.01202,0.0025188,0.05,0.5,0.01148,0.11976,0.00024852,0.0034714,0.0064039,0.0056824,0.00072157,0.1,0.5,0.01148,0.20394,0.0
282,2.81,0.0022176,0.00991,0.022865,0.017393,0.0054722,0.025,0.5,0.01148,0.076302,0.00094262,0.0070584,0.014517,0.012002,0.0025149,0.05,0.5,0.01148,0.12238,0.00024792,0.0034644,0.0063883,0.0056687,0.00071965,0.1,0.5,0.01148,0.20716,0.0
283,2.82,0.0022157,0.0099024,0.022844,0.017377,0.0054672,0.025,0.5,0.01148,0.076839,0.0009413,0.0070498,0.014496,0.011985,0.0025111,0.05,0.5,0.01148,0.12215,0.00024732,0.0034574,0.0063727,0.005655,0.00071773,0.1,0.5,0.01148,0.20335,0.0
284,2.83,0.0022138,0.0098948,0.022824,0.017361,0.0054622,0.025,0.5,0.01148,0.075408,0.00093999,0.0070413,0.014475,0.011967,0.0025072,0.05,0.5,0.01148,0.12209,0.00024672,0.0034504,0.0063572,0.0056414,0.00071582,0.1,0.5,0.01148,0.2043,0.0
285,2.84,0.0022119,0.0098872,0.022803,0.017346,0.0054573,0.025,0.5,0.01148,0.0766,0.00093868,0.0070327,0.014453,0.01195,0.0025034,0.05,0.5,0.01148,0.12364,0.00024613,0.0034434,0.0063418,0.0056279,0.00071393,0.1,0.5,0.01148,0.20675,0.0
286,2.85,0.0022101,0.0098797,0.022782,0.01733,0.0054523,0.025,0.5,0.01148,0.074097,0.00093737,0.0070242,0.014432,0.011933,0.0024996,0.05,0.5,0.01148,0.12107,0.00024554,0.0034365,0.0063264,0.0056144,0.00071204,0.1,0.5,0.01148,0.20275,0.0
287,2.86,0.0022082,0.0098721,0.022761,0.017314,0.0054474,0.025,0.5,0.01148,0.074156,0.00093606,0.0070157,0.014411,0.011915,0.0024958,0.05,0.5,0.01148,0.12107,0.00024495,0.0034296,0.0063111,0.0056009,0.00071016,0.1,0.5,0.01148,0.20341,0.0
288,2.87,0.0022064,0.0098646,0.022741,0.017298,0.0054424,0.025,0.5,0.01148,0.07356,0.00093476,0.0070072,0.01439,0.011898,0.002492,0.05,0.5,0.01148,0.12036,0.00024436,0.0034227,0.0062958,0.0055876,0.00070829,0.1,0.5,0.01148,0.20466,0.0
289,2.88,0.0022045,0.0098571,0.02272,0.017283,0.0054375,0.025,0.5,0.01148,0.07672,0.00093346,0.0069987,0.014369,0.011881,0.0024882,0.05,0.5,0.01148,0.12328,0.00024377,0.0034158,0.0062806,0.0055742,0.00070642,0.1,0.5,0.01148,0.20478,0.0
290,2.89,0.0022026,0.0098495,0.0227,0.017267,0.0054325,0.025,0.5,0.01148,0.075349,0.00093216,0.0069903,0.014348,0.011864,0.0024844,0.05,0.5,0.01148,0.12113,0.00024319,0.0034089,0.0062655,0.0055609,0.00070457,0.1,0.5,0.01148,0.20597,0.0
291,2.9,0.0022008,0.009842,0.022679,0.017251,0.0054276,0.025,0.5,0.01148,0.075825,0.00093087,0.0069818,0.014327,0.011846,0.0024807,0.05,0.5,0.01148,0.11785,0.00024261,0.0034021,0.0062504,0.0055477,0.00070273,0.1,0.5,0.01148,0.20645,0.0
292,2.91,0.002199,0.0098345,0.022659,0.017236,0.0054227,0.025,0.5,0.01148,0.074276,0.00092957,0.0069734,0.014306,0.011829,0.0024769,0.05,0.5,0.01148,0.12089,0.00024203,0.0033952,0.0062354,0.0055345,0.00070089,0.1,0.5,0.01148,0.20639,0.0
293,2.92,0.0021971,0.009827,0.022638,0.01722,0.0054178,0.025,0.5,0.01148,0.076779,0.00092829,0.0069649,0.014286,0.011812,0.0024732,0.05,0.5,0.01148,0.12125,0.00024145,0.0033884,0.0062205,0.0055214,0.00069906,0.1,0.5,0.01148,0.20609,0.0
294,2.93,0.0021953,0.0098195,0.022618,0.017205,0.005413,0.025,0.5,0.01148,0.076481,0.000927,0.0069565,0.014265,0.011795,0.0024695,0.05,0.5,0.01148,0.12346,0.00024088,0.0033816,0.0062056,0.0055083,0.00069724,0.1,0.5,0.01148,0.20436,0.0
295,2.94,0.0021934,0.009812,0.022598,0.017189,0.0054081,0.025,0.5,0.01148,0.077197,0.00092573,0.0069481,0.014244,0.011779,0.0024658,0.05,0.5,0.01148,0.11869,0.0002403,0.0033748,0.0061907,0.0054953,0.00069543,0.1,0.5,0.01148,0.20502,0.0
296,2.95,0.0021916,0.0098045,0.022577,0.017174,0.0054032,0.025,0.5,0.01148,0.077137,0.00092445,0.0069397,0.014224,0.011762,0.002462,0.05,0.5,0.01148,0.11952,0.00023973,0.0033681,0.006176,0.0054823,0.00069363,0.1,0.5,0.01148,0.20174,0.0
297,2.96,0.0021898,0.009797,0.022557,0.017159,0.0053984,0.025,0.5,0.01148,0.073977,0.00092317,0.0069314,0.014203,0.011745,0.0024584,0.05,0.5,0.01148,0.12352,0.00023917,0.0033613,0.0061613,0.0054694,0.00069184,0.1,0.5,0.01148,0.20329,0.0
298,2.97,0.0021879,0.0097896,0.022537,0.017143,0.0053935,0.025,0.5,0.01148,0.074216,0.0009219,0.006923,0.014183,0.011728,0.0024547,0.05,0.5,0.01148,0.12131,0.0002386,0.0033546,0.0061466,0.0054565,0.00069005,0.1,0.5,0.01148,0.20478,0.0
299,2.98,0.0021861,0.0097821,0.022517,0.017128,0.0053887,0.025,0.5,0.01148,0.075527,0.00092063,0.0069146,0.014162,0.011711,0.002451,0.05,0.5,0.01148,0.11976,0.00023804,0.0033479,0.006132,0.0054437,0.00068827,0.1,0.5,0.01148,0.20192,0.0
300,2.99,0.0021843,0.0097747,0.022496,0.017113,0.0053839,0.025,0.5,0.01148,0.074991,0.00091936,0.0069063,0.014142,0.011695,0.0024474,0.05,0.5,0.01148,0.12149,0.00023747,0.0033412,0.0061175,0.0054309,0.0006865,0.1,0.5,0.01148,0.2043,0.0
301,3.0,0.0021825,0.0097672,0.022476,0.017097,0.0053791,0.025,0.5,0.01148,0.075051,0.0009181,0.006898,0.014122,0.011678,0.0024437,0.05,0.5,0.01148,0.12131,0.00023691,0.0033345,0.006103,0.0054182,0.00068474,0.1,0.5,0.01148,0.20269,0.0
