,depths,Eu_480.0,Ed_480.0,Eo_480.0,Eod_480.0,Eou_480.0,a_480.0,b_480.0,bb_480.0,Eu_540.0,Ed_540.0,Eo_540.0,Eod_540.0,Eou_540.0,a_540.0,b_540.0,bb_540.0,Eu_600.0,Ed_600.0,Eo_600.0,Eod_600.0,Eou_600.0,a_600.0,b_600.0,bb_600.0,g
0,0.0,0.10033,0.11663,0.41184,0.21102,0.20082,480.0,480.0,480.0,0.091328,0.10758,0.37778,0.19464,0.18313,540.0,540.0,540.0,0.080934,0.098604,0.34146,0.17841,0.16305,600.0,600.0,600.0,0.0
1,0.0,0.10033,0.11663,0.41184,0.21102,0.20082,0.043,200.0,7.246,0.091328,0.10758,0.37778,0.19464,0.18313,0.065,200.0,7.246,0.080934,0.098604,0.34146,0.17841,0.16305,0.133,200.0,7.246,999.0
2,0.01,0.098696,0.11481,0.42423,0.22344,0.20079,0.043,200.0,7.246,0.089549,0.10554,0.3876,0.20511,0.18248,0.065,200.0,7.246,0.078703,0.095908,0.34679,0.18572,0.16106,0.133,200.0,7.246,999.0
3,0.02,0.095422,0.11136,0.41266,0.21812,0.19454,0.043,200.0,7.246,0.086307,0.10205,0.37584,0.19959,0.17625,0.065,200.0,7.246,0.075254,0.092007,0.33357,0.17924,0.15433,0.133,200.0,7.246,999.0
4,0.03,0.091935,0.1077,0.39887,0.21125,0.18762,0.043,200.0,7.246,0.082892,0.098399,0.36216,0.19271,0.16945,0.065,200.0,7.246,0.071705,0.088023,0.31891,0.1717,0.1472,0.133,200.0,7.246,999.0
5,0.04,0.088415,0.10401,0.38462,0.20405,0.18057,0.043,200.0,7.246,0.079464,0.09474,0.34814,0.18557,0.16257,0.065,200.0,7.246,0.06819,0.084094,0.30416,0.16406,0.1401,0.133,200.0,7.246,999.0
6,0.05,0.084908,0.10034,0.37033,0.1968,0.17353,0.043,200.0,7.246,0.076064,0.091118,0.33415,0.17843,0.15573,0.065,200.0,7.246,0.064742,0.080252,0.28964,0.15651,0.13313,0.133,200.0,7.246,999.0
7,0.06,0.081427,0.096702,0.35612,0.18958,0.16654,0.043,200.0,7.246,0.072703,0.087545,0.32031,0.17135,0.14896,0.065,200.0,7.246,0.061369,0.076502,0.27542,0.14912,0.1263,0.133,200.0,7.246,999.0
8,0.07,0.077976,0.093101,0.34202,0.18242,0.1596,0.043,200.0,7.246,0.069383,0.084021,0.30663,0.16436,0.14227,0.065,200.0,7.246,0.058069,0.072846,0.26153,0.14191,0.11962,0.133,200.0,7.246,999.0
9,0.08,0.074555,0.089535,0.32806,0.17533,0.15273,0.043,200.0,7.246,0.066104,0.080547,0.29314,0.15747,0.13567,0.065,200.0,7.246,0.054841,0.069279,0.24795,0.13487,0.11309,0.133,200.0,7.246,999.0
10,0.09,0.071163,0.086006,0.31422,0.16831,0.14591,0.043,200.0,7.246,0.062865,0.077122,0.27982,0.15067,0.12915,0.065,200.0,7.246,0.05168,0.065797,0.23468,0.12799,0.10669,0.133,200.0,7.246,999.0
11,0.1,0.0678,0.08251,0.30051,0.16135,0.13916,0.043,200.0,7.246,0.059664,0.073743,0.26667,0.14395,0.12271,0.065,200.0,7.246,0.048582,0.062396,0.2217,0.12127,0.10043,0.133,200.0,7.246,999.0
12,0.11,0.064463,0.079047,0.28692,0.15446,0.13245,0.043,200.0,7.246,0.056499,0.070409,0.25367,0.13733,0.11634,0.065,200.0,7.246,0.045545,0.059072,0.209,0.1147,0.094294,0.133,200.0,7.246,999.0
13,0.12,0.061153,0.075616,0.27344,0.14763,0.12581,0.043,200.0,7.246,0.053367,0.067117,0.24083,0.13079,0.11004,0.065,200.0,7.246,0.042564,0.055822,0.19655,0.10828,0.088273,0.133,200.0,7.246,999.0
14,0.13,0.057866,0.072215,0.26007,0.14086,0.11921,0.043,200.0,7.246,0.050268,0.063865,0.22814,0.12433,0.10381,0.065,200.0,7.246,0.039636,0.05264,0.18434,0.10198,0.082362,0.133,200.0,7.246,999.0
15,0.14,0.054603,0.068843,0.2468,0.13414,0.11266,0.043,200.0,7.246,0.047199,0.060652,0.21558,0.11794,0.097642,0.065,200.0,7.246,0.036757,0.049524,0.17237,0.095814,0.076552,0.133,200.0,7.246,999.0
16,0.15,0.051362,0.065498,0.23363,0.12748,0.10615,0.043,200.0,7.246,0.044159,0.057476,0.20316,0.11163,0.091531,0.065,200.0,7.246,0.033923,0.046469,0.1606,0.089764,0.070836,0.133,200.0,7.246,999.0
17,0.16,0.04814,0.06218,0.22056,0.12087,0.099686,0.043,200.0,7.246,0.041145,0.054334,0.19085,0.10538,0.085475,0.065,200.0,7.246,0.031131,0.043471,0.14903,0.083825,0.065206,0.133,200.0,7.246,999.0
18,0.17,0.044938,0.058885,0.20757,0.11431,0.093258,0.043,200.0,7.246,0.038156,0.051224,0.17866,0.099189,0.079467,0.065,200.0,7.246,0.028377,0.040526,0.13764,0.077988,0.059654,0.133,200.0,7.246,999.0
19,0.18,0.041752,0.055613,0.19465,0.10779,0.086861,0.043,200.0,7.246,0.035188,0.048144,0.16656,0.093058,0.073499,0.065,200.0,7.246,0.025656,0.037629,0.12641,0.072242,0.054166,0.133,200.0,7.246,999.0
20,0.19,0.038579,0.052359,0.18177,0.10129,0.080474,0.043,200.0,7.246,0.032237,0.045089,0.15452,0.08697,0.067548,0.065,200.0,7.246,0.022961,0.034774,0.11528,0.06657,0.048709,0.133,200.0,7.246,999.0
21,0.2,0.035276,0.04898,0.16812,0.094509,0.073615,0.043,350.0,12.681,0.029166,0.041921,0.14175,0.080611,0.061136,0.065,350.0,12.681,0.020159,0.031825,0.10344,0.060656,0.042786,0.133,350.0,12.681,999.0
22,0.21,0.034876,0.048508,0.16644,0.093626,0.072809,0.043,350.0,0.224,0.028802,0.041465,0.14014,0.079749,0.060395,0.065,350.0,0.224,0.019844,0.031373,0.1019,0.059779,0.042124,0.133,350.0,0.224,999.0
23,0.22,0.034478,0.048039,0.16471,0.092712,0.072,0.043,350.0,0.224,0.028442,0.041015,0.13852,0.078869,0.059655,0.065,350.0,0.224,0.019535,0.03093,0.10039,0.058911,0.041475,0.133,350.0,0.224,999.0
24,0.23,0.034082,0.047572,0.16299,0.091797,0.071193,0.043,350.0,0.224,0.028085,0.040568,0.13691,0.077994,0.05892,0.065,350.0,0.224,0.019231,0.030493,0.098894,0.058058,0.040835,0.133,350.0,0.224,999.0
25,0.24,0.033688,0.047108,0.16128,0.090886,0.070389,0.043,350.0,0.224,0.02773,0.040124,0.13532,0.077126,0.058191,0.065,350.0,0.224,0.01893,0.030061,0.097425,0.05722,0.040205,0.133,350.0,0.224,999.0
26,0.25,0.033296,0.046647,0.15957,0.08998,0.069589,0.043,350.0,0.224,0.027377,0.039684,0.13373,0.076265,0.057467,0.065,350.0,0.224,0.018633,0.029636,0.095978,0.056395,0.039583,0.133,350.0,0.224,999.0
27,0.26,0.032905,0.046188,0.15787,0.089079,0.068794,0.043,350.0,0.224,0.027027,0.039248,0.13216,0.075412,0.056748,0.065,350.0,0.224,0.01834,0.029216,0.094552,0.055583,0.038969,0.133,350.0,0.224,999.0
28,0.27,0.032516,0.045732,0.15619,0.088183,0.068002,0.043,350.0,0.224,0.02668,0.038815,0.1306,0.074566,0.056034,0.065,350.0,0.224,0.01805,0.028801,0.093145,0.054782,0.038363,0.133,350.0,0.224,999.0
29,0.28,0.03213,0.045279,0.15451,0.087292,0.067214,0.043,350.0,0.224,0.026334,0.038385,0.12905,0.073727,0.055325,0.065,350.0,0.224,0.017763,0.028392,0.091756,0.053992,0.037764,0.133,350.0,0.224,999.0
30,0.29,0.031745,0.044827,0.15284,0.086407,0.06643,0.043,350.0,0.224,0.025991,0.037959,0.12752,0.072895,0.054621,0.065,350.0,0.224,0.01748,0.027987,0.090385,0.053213,0.037172,0.133,350.0,0.224,999.0
31,0.3,0.031361,0.044379,0.15118,0.085526,0.065649,0.043,350.0,0.224,0.02565,0.037536,0.12599,0.072069,0.053922,0.065,350.0,0.224,0.0172,0.027588,0.089031,0.052444,0.036587,0.133,350.0,0.224,999.0
32,0.31,0.03098,0.043933,0.14952,0.08465,0.064872,0.043,350.0,0.224,0.025312,0.037115,0.12448,0.071249,0.053228,0.065,350.0,0.224,0.016923,0.027193,0.087694,0.051685,0.036009,0.133,350.0,0.224,999.0
33,0.32,0.0306,0.043489,0.14788,0.083779,0.064099,0.043,350.0,0.224,0.024975,0.036699,0.12297,0.070436,0.052537,0.065,350.0,0.224,0.016649,0.026804,0.086372,0.050935,0.035437,0.133,350.0,0.224,999.0
34,0.33,0.030222,0.043048,0.14624,0.082913,0.06333,0.043,350.0,0.224,0.024641,0.036285,0.12148,0.069628,0.051852,0.065,350.0,0.224,0.016378,0.026419,0.085066,0.050194,0.034872,0.133,350.0,0.224,999.0
35,0.34,0.029846,0.042609,0.14461,0.082051,0.062564,0.043,350.0,0.224,0.024309,0.035874,0.12,0.068827,0.051171,0.065,350.0,0.224,0.01611,0.026038,0.083776,0.049463,0.034313,0.133,350.0,0.224,999.0
36,0.35000000000000003,0.029471,0.042172,0.14299,0.081194,0.061801,0.043,350.0,0.224,0.023978,0.035466,0.11853,0.068032,0.050494,0.065,350.0,0.224,0.015844,0.025662,0.0825,0.04874,0.033759,0.133,350.0,0.224,999.0
37,0.36,0.029098,0.041738,0.14138,0.080341,0.061042,0.043,350.0,0.224,0.02365,0.035061,0.11706,0.067242,0.049822,0.065,350.0,0.224,0.015582,0.025291,0.081238,0.048026,0.033212,0.133,350.0,0.224,999.0
38,0.37,0.028726,0.041306,0.13978,0.079493,0.060286,0.043,350.0,0.224,0.023324,0.034659,0.11561,0.066458,0.049154,0.065,350.0,0.224,0.015322,0.024924,0.079991,0.047321,0.03267,0.133,350.0,0.224,999.0
39,0.38,0.028356,0.040876,0.13818,0.078649,0.059534,0.043,350.0,0.224,0.022999,0.034261,0.11417,0.06568,0.048489,0.065,350.0,0.224,0.015064,0.024561,0.078758,0.046623,0.032135,0.133,350.0,0.224,999.0
40,0.39,0.027988,0.040449,0.13659,0.077809,0.058784,0.043,350.0,0.224,0.022677,0.033864,0.11274,0.064907,0.047829,0.065,350.0,0.224,0.01481,0.024202,0.077539,0.045934,0.031604,0.133,350.0,0.224,999.0
41,0.4,0.027621,0.040023,0.13501,0.076974,0.058038,0.043,350.0,0.224,0.022357,0.033471,0.11131,0.06414,0.047173,0.065,350.0,0.224,0.014558,0.023848,0.076333,0.045253,0.03108,0.133,350.0,0.224,999.0
42,0.41000000000000003,0.027255,0.0396,0.13344,0.076143,0.057295,0.043,350.0,0.224,0.022038,0.033081,0.1099,0.063377,0.046521,0.065,350.0,0.224,0.014308,0.023497,0.07514,0.04458,0.03056,0.133,350.0,0.224,999.0
43,0.42,0.026892,0.039179,0.13187,0.075317,0.056556,0.043,350.0,0.224,0.021721,0.032693,0.10849,0.062621,0.045873,0.065,350.0,0.224,0.014061,0.023151,0.073961,0.043914,0.030046,0.133,350.0,0.224,999.0
44,0.43,0.026529,0.038761,0.13031,0.074494,0.055819,0.043,350.0,0.224,0.021406,0.032308,0.1071,0.061869,0.045228,0.065,350.0,0.224,0.013816,0.022809,0.072794,0.043257,0.029537,0.133,350.0,0.224,999.0
45,0.44,0.026168,0.038344,0.12876,0.073675,0.055086,0.043,350.0,0.224,0.021093,0.031925,0.10571,0.061123,0.044587,0.065,350.0,0.224,0.013574,0.022471,0.07164,0.042606,0.029033,0.133,350.0,0.224,999.0
46,0.45,0.025809,0.037929,0.12722,0.072861,0.054355,0.043,350.0,0.224,0.020781,0.031546,0.10433,0.060382,0.04395,0.065,350.0,0.224,0.013334,0.022136,0.070498,0.041963,0.028535,0.133,350.0,0.224,999.0
47,0.46,0.025451,0.037517,0.12568,0.07205,0.053628,0.043,350.0,0.224,0.020472,0.031168,0.10296,0.059645,0.043317,0.065,350.0,0.224,0.013096,0.021805,0.069368,0.041327,0.028041,0.133,350.0,0.224,999.0
48,0.47000000000000003,0.025094,0.037107,0.12415,0.071244,0.052903,0.043,350.0,0.224,0.020164,0.030794,0.1016,0.058914,0.042687,0.065,350.0,0.224,0.012861,0.021478,0.06825,0.040698,0.027552,0.133,350.0,0.224,999.0
49,0.48,0.024738,0.036698,0.12262,0.070441,0.052182,0.043,350.0,0.224,0.019857,0.030422,0.10025,0.058188,0.042061,0.065,350.0,0.224,0.012628,0.021155,0.067144,0.040077,0.027067,0.133,350.0,0.224,999.0
50,0.49,0.024384,0.036292,0.1211,0.069642,0.051463,0.043,350.0,0.224,0.019552,0.030053,0.098905,0.057466,0.041438,0.065,350.0,0.224,0.012397,0.020836,0.066049,0.039462,0.026588,0.133,350.0,0.224,999.0
51,0.5,0.024032,0.035887,0.11959,0.068847,0.050747,0.043,350.0,0.224,0.019249,0.029686,0.097569,0.05675,0.040819,0.065,350.0,0.224,0.012168,0.02052,0.064966,0.038854,0.026112,0.133,350.0,0.224,999.0
52,0.51,0.02368,0.035485,0.11809,0.068056,0.050033,0.043,350.0,0.224,0.018948,0.029321,0.09624,0.056037,0.040203,0.065,350.0,0.224,0.011941,0.020207,0.063894,0.038252,0.025642,0.133,350.0,0.224,999.0
53,0.52,0.02333,0.035085,0.11659,0.067268,0.049323,0.043,350.0,0.224,0.018648,0.028959,0.094921,0.05533,0.03959,0.065,350.0,0.224,0.011716,0.019898,0.062833,0.037657,0.025176,0.133,350.0,0.224,999.0
54,0.53,0.022982,0.034686,0.1151,0.066485,0.048615,0.043,350.0,0.224,0.018349,0.028599,0.093609,0.054627,0.038981,0.065,350.0,0.224,0.011493,0.019592,0.061783,0.037069,0.024714,0.133,350.0,0.224,999.0
55,0.54,0.022634,0.034289,0.11361,0.065705,0.04791,0.043,350.0,0.224,0.018053,0.028242,0.092304,0.053929,0.038375,0.065,350.0,0.224,0.011273,0.01929,0.060743,0.036487,0.024256,0.133,350.0,0.224,999.0
56,0.55,0.022288,0.033894,0.11214,0.064928,0.047207,0.043,350.0,0.224,0.017757,0.027887,0.091008,0.053235,0.037772,0.065,350.0,0.224,0.011054,0.018991,0.059714,0.035911,0.023802,0.133,350.0,0.224,999.0
57,0.56,0.021943,0.033502,0.11066,0.064155,0.046507,0.043,350.0,0.224,0.017463,0.027534,0.089718,0.052546,0.037173,0.065,350.0,0.224,0.010837,0.018695,0.058695,0.035342,0.023353,0.133,350.0,0.224,999.0
58,0.5700000000000001,0.021599,0.03311,0.1092,0.063385,0.04581,0.043,350.0,0.224,0.017171,0.027184,0.088437,0.051861,0.036576,0.065,350.0,0.224,0.010622,0.018403,0.057686,0.034778,0.022908,0.133,350.0,0.224,999.0
59,0.58,0.021256,0.032721,0.10773,0.062619,0.045115,0.043,350.0,0.224,0.01688,0.026836,0.087162,0.05118,0.035982,0.065,350.0,0.224,0.010408,0.018114,0.056687,0.034221,0.022466,0.133,350.0,0.224,999.0
60,0.59,0.020915,0.032334,0.10628,0.061856,0.044423,0.043,350.0,0.224,0.01659,0.02649,0.085895,0.050504,0.035392,0.065,350.0,0.224,0.010197,0.017827,0.055698,0.033669,0.022028,0.133,350.0,0.224,999.0
61,0.6,0.020574,0.031948,0.10483,0.061097,0.043733,0.043,350.0,0.224,0.016302,0.026146,0.084635,0.049831,0.034804,0.065,350.0,0.224,0.009987,0.017544,0.054718,0.033123,0.021594,0.133,350.0,0.224,999.0
62,0.61,0.020235,0.031564,0.10339,0.060341,0.043045,0.043,350.0,0.224,0.016015,0.025805,0.083382,0.049163,0.034219,0.065,350.0,0.224,0.0097789,0.017264,0.053747,0.032583,0.021164,0.133,350.0,0.224,999.0
63,0.62,0.019897,0.031182,0.10195,0.059588,0.042359,0.043,350.0,0.224,0.015729,0.025466,0.082136,0.048499,0.033637,0.065,350.0,0.224,0.0095725,0.016987,0.052786,0.032048,0.020737,0.133,350.0,0.224,999.0
64,0.63,0.01956,0.030801,0.10052,0.058839,0.041676,0.043,350.0,0.224,0.015445,0.025128,0.080897,0.047839,0.033058,0.065,350.0,0.224,0.0093678,0.016712,0.051834,0.031519,0.020314,0.133,350.0,0.224,999.0
65,0.64,0.019224,0.030422,0.099089,0.058093,0.040996,0.043,350.0,0.224,0.015162,0.024793,0.079664,0.047183,0.032481,0.065,350.0,0.224,0.0091647,0.016441,0.05089,0.030996,0.019895,0.133,350.0,0.224,999.0
66,0.65,0.018889,0.030045,0.097667,0.05735,0.040317,0.043,350.0,0.224,0.01488,0.02446,0.078438,0.046531,0.031907,0.065,350.0,0.224,0.0089631,0.016172,0.049956,0.030477,0.019478,0.133,350.0,0.224,999.0
67,0.66,0.018555,0.029669,0.09625,0.05661,0.039641,0.043,350.0,0.224,0.0146,0.024129,0.077218,0.045882,0.031336,0.065,350.0,0.224,0.008763,0.015906,0.049029,0.029964,0.019065,0.133,350.0,0.224,999.0
68,0.67,0.018222,0.029295,0.094839,0.055873,0.038966,0.043,350.0,0.224,0.01432,0.0238,0.076004,0.045237,0.030767,0.065,350.0,0.224,0.0085645,0.015643,0.048111,0.029456,0.018656,0.133,350.0,0.224,999.0
69,0.68,0.01789,0.028923,0.093433,0.055139,0.038294,0.043,350.0,0.224,0.014042,0.023473,0.074797,0.044597,0.030201,0.065,350.0,0.224,0.0083674,0.015383,0.047201,0.028952,0.018249,0.133,350.0,0.224,999.0
70,0.6900000000000001,0.017559,0.028552,0.092032,0.054408,0.037624,0.043,350.0,0.224,0.013765,0.023147,0.073596,0.043959,0.029636,0.065,350.0,0.224,0.0081717,0.015125,0.046299,0.028454,0.017845,0.133,350.0,0.224,999.0
71,0.7000000000000001,0.017229,0.028183,0.090636,0.05368,0.036955,0.043,350.0,0.224,0.013489,0.022824,0.072401,0.043326,0.029075,0.065,350.0,0.224,0.0079774,0.01487,0.045405,0.027961,0.017444,0.133,350.0,0.224,999.0
72,0.71,0.0169,0.027815,0.089244,0.052955,0.036289,0.043,350.0,0.224,0.013215,0.022503,0.071211,0.042695,0.028516,0.065,350.0,0.224,0.0077844,0.014617,0.044519,0.027472,0.017046,0.133,350.0,0.224,999.0
73,0.72,0.016572,0.027448,0.087857,0.052233,0.035624,0.043,350.0,0.224,0.012941,0.022183,0.070027,0.042069,0.027958,0.065,350.0,0.224,0.0075927,0.014367,0.043639,0.026988,0.016651,0.133,350.0,0.224,999.0
74,0.73,0.016244,0.027084,0.086474,0.051513,0.034961,0.043,350.0,0.224,0.012668,0.021865,0.068849,0.041445,0.027403,0.065,350.0,0.224,0.0074023,0.014119,0.042767,0.026508,0.016258,0.133,350.0,0.224,999.0
75,0.74,0.015918,0.02672,0.085096,0.050796,0.0343,0.043,350.0,0.224,0.012396,0.021549,0.067675,0.040825,0.02685,0.065,350.0,0.224,0.0072131,0.013873,0.041901,0.026033,0.015868,0.133,350.0,0.224,999.0
76,0.75,0.015592,0.026358,0.083722,0.050082,0.03364,0.043,350.0,0.224,0.012126,0.021235,0.066507,0.040208,0.026298,0.065,350.0,0.224,0.007025,0.01363,0.041042,0.025562,0.01548,0.133,350.0,0.224,999.0
77,0.76,0.015267,0.025998,0.082352,0.04937,0.032982,0.043,350.0,0.224,0.011856,0.020922,0.065343,0.039595,0.025749,0.065,350.0,0.224,0.0068381,0.013389,0.040188,0.025095,0.015093,0.133,350.0,0.224,999.0
78,0.77,0.014943,0.025638,0.080985,0.048661,0.032324,0.043,350.0,0.224,0.011587,0.020611,0.064184,0.038984,0.0252,0.065,350.0,0.224,0.0066521,0.01315,0.039341,0.024632,0.014709,0.133,350.0,0.224,999.0
79,0.78,0.01462,0.02528,0.079621,0.047954,0.031668,0.043,350.0,0.224,0.011319,0.020301,0.063027,0.038375,0.024652,0.065,350.0,0.224,0.0064671,0.012913,0.038497,0.024172,0.014325,0.133,350.0,0.224,999.0
80,0.79,0.014297,0.024923,0.078259,0.047248,0.031011,0.043,350.0,0.224,0.011051,0.019993,0.061873,0.037769,0.024104,0.065,350.0,0.224,0.0062829,0.012679,0.037656,0.023716,0.013941,0.133,350.0,0.224,999.0
81,0.8,0.013979,0.024572,0.076912,0.046552,0.03036,0.043,250.0,0.16,0.010788,0.01969,0.060731,0.037171,0.02356,0.065,250.0,0.16,0.0061021,0.012448,0.036822,0.023265,0.013557,0.133,250.0,0.16,999.0
82,0.81,0.013753,0.024313,0.075935,0.046036,0.029899,0.043,250.0,0.16,0.010602,0.019465,0.059902,0.036724,0.023178,0.065,250.0,0.16,0.0059767,0.012274,0.036215,0.022921,0.013294,0.133,250.0,0.16,999.0
83,0.8200000000000001,0.013527,0.024056,0.074966,0.045526,0.029441,0.043,250.0,0.16,0.010418,0.019242,0.059082,0.036282,0.022799,0.065,250.0,0.16,0.0058525,0.012102,0.03562,0.022584,0.013035,0.133,250.0,0.16,999.0
84,0.8300000000000001,0.013303,0.023799,0.074002,0.045018,0.028984,0.043,250.0,0.16,0.010234,0.01902,0.058268,0.035845,0.022423,0.065,250.0,0.16,0.0057291,0.011932,0.035031,0.022253,0.012778,0.133,250.0,0.16,999.0
85,0.84,0.013079,0.023543,0.073042,0.044514,0.028528,0.043,250.0,0.16,0.01005,0.018799,0.057459,0.035411,0.022047,0.065,250.0,0.16,0.0056066,0.011763,0.034449,0.021926,0.012523,0.133,250.0,0.16,999.0
86,0.85,0.012855,0.023288,0.072085,0.044011,0.028074,0.043,250.0,0.16,0.0098675,0.018579,0.056654,0.03498,0.021674,0.065,250.0,0.16,0.0054849,0.011596,0.033872,0.021602,0.01227,0.133,250.0,0.16,999.0
87,0.86,0.012632,0.023035,0.071132,0.043511,0.027621,0.043,250.0,0.16,0.0096854,0.01836,0.055853,0.034552,0.021301,0.065,250.0,0.16,0.0053639,0.01143,0.0333,0.021282,0.012019,0.133,250.0,0.16,999.0
88,0.87,0.01241,0.022782,0.070181,0.043012,0.027169,0.043,250.0,0.16,0.0095039,0.018143,0.055055,0.034125,0.02093,0.065,250.0,0.16,0.0052435,0.011266,0.032733,0.020964,0.011768,0.133,250.0,0.16,999.0
89,0.88,0.012188,0.02253,0.069233,0.042515,0.026718,0.043,250.0,0.16,0.009323,0.017926,0.054261,0.033701,0.02056,0.065,250.0,0.16,0.0051239,0.011103,0.032169,0.02065,0.01152,0.133,250.0,0.16,999.0
90,0.89,0.011966,0.022279,0.068288,0.04202,0.026268,0.043,250.0,0.16,0.0091426,0.017711,0.05347,0.033279,0.020191,0.065,250.0,0.16,0.0050048,0.010942,0.03161,0.020338,0.011272,0.133,250.0,0.16,999.0
91,0.9,0.011745,0.022028,0.067345,0.041527,0.025818,0.043,250.0,0.16,0.0089627,0.017497,0.052682,0.032859,0.019823,0.065,250.0,0.16,0.0048864,0.010782,0.031054,0.020029,0.011025,0.133,250.0,0.16,999.0
92,0.91,0.011524,0.021779,0.066405,0.041035,0.025369,0.043,250.0,0.16,0.0087834,0.017283,0.051896,0.032441,0.019455,0.065,250.0,0.16,0.0047685,0.010623,0.030502,0.019722,0.01078,0.133,250.0,0.16,999.0
93,0.92,0.011304,0.02153,0.065466,0.040545,0.024921,0.043,250.0,0.16,0.0086044,0.017071,0.051113,0.032024,0.019089,0.065,250.0,0.16,0.0046511,0.010465,0.029952,0.019417,0.010535,0.133,250.0,0.16,999.0
94,0.93,0.011084,0.021282,0.06453,0.040056,0.024473,0.043,250.0,0.16,0.0084259,0.016859,0.050332,0.03161,0.018722,0.065,250.0,0.16,0.0045342,0.010309,0.029406,0.019115,0.010291,0.133,250.0,0.16,999.0
95,0.9400000000000001,0.010864,0.021035,0.063594,0.039569,0.024025,0.043,250.0,0.16,0.0082478,0.016649,0.049553,0.031197,0.018356,0.065,250.0,0.16,0.0044177,0.010154,0.028861,0.018815,0.010047,0.133,250.0,0.16,999.0
96,0.9500000000000001,0.010645,0.020789,0.06266,0.039082,0.023578,0.043,250.0,0.16,0.00807,0.016439,0.048775,0.030785,0.01799,0.065,250.0,0.16,0.0043016,0.0099994,0.028319,0.018516,0.0098028,0.133,250.0,0.16,999.0
97,0.96,0.010426,0.020543,0.061726,0.038597,0.02313,0.043,250.0,0.16,0.0078925,0.01623,0.047998,0.030375,0.017624,0.065,250.0,0.16,0.0041858,0.0098463,0.027778,0.018219,0.0095583,0.133,250.0,0.16,999.0
98,0.97,0.010207,0.020298,0.060793,0.038112,0.02268,0.043,250.0,0.16,0.0077152,0.016022,0.047221,0.029965,0.017256,0.065,250.0,0.16,0.0040702,0.0096941,0.027236,0.017924,0.0093126,0.133,250.0,0.16,999.0
99,0.98,0.0099883,0.020053,0.059857,0.037628,0.022229,0.043,250.0,0.16,0.007538,0.015814,0.046442,0.029556,0.016886,0.065,250.0,0.16,0.0039547,0.0095428,0.026693,0.017629,0.0090644,0.133,250.0,0.16,999.0
100,0.99,0.0097694,0.019809,0.058918,0.037143,0.021774,0.043,250.0,0.16,0.0073607,0.015607,0.045658,0.029147,0.016512,0.065,250.0,0.16,0.003839,0.009392,0.026145,0.017334,0.0088112,0.133,250.0,0.16,999.0
101,1.0,0.0095566,0.01957,0.057988,0.036666,0.021322,0.043,110.0,0.0704,0.0071883,0.015405,0.044877,0.028742,0.016136,0.065,110.0,0.0704,0.0037264,0.0092443,0.025589,0.017039,0.0085506,0.133,110.0,0.0704,999.0
102,1.01,0.0094653,0.019454,0.057558,0.036428,0.021131,0.043,110.0,0.0704,0.007116,0.015303,0.044513,0.028532,0.015982,0.065,110.0,0.0704,0.0036816,0.0091657,0.025325,0.016874,0.0084508,0.133,110.0,0.0704,999.0
103,1.02,0.0093744,0.019339,0.057137,0.036195,0.020942,0.043,110.0,0.0704,0.0070441,0.015203,0.044159,0.028329,0.01583,0.065,110.0,0.0704,0.0036375,0.009088,0.025071,0.016717,0.0083536,0.133,110.0,0.0704,999.0
104,1.03,0.0092838,0.019224,0.05672,0.035965,0.020755,0.043,110.0,0.0704,0.0069727,0.015103,0.043809,0.028129,0.01568,0.065,110.0,0.0704,0.0035938,0.0090111,0.024822,0.016564,0.0082581,0.133,110.0,0.0704,999.0
105,1.04,0.0091936,0.019109,0.056306,0.035737,0.020568,0.043,110.0,0.0704,0.0069016,0.015003,0.043463,0.027932,0.015531,0.065,110.0,0.0704,0.0035504,0.0089349,0.024578,0.016414,0.0081638,0.133,110.0,0.0704,999.0
106,1.05,0.0091036,0.018995,0.055894,0.035511,0.020382,0.043,110.0,0.0704,0.0068309,0.014904,0.043119,0.027737,0.015383,0.065,110.0,0.0704,0.0035074,0.0088594,0.024337,0.016266,0.0080706,0.133,110.0,0.0704,999.0
107,1.06,0.0090139,0.018881,0.055484,0.035286,0.020197,0.043,110.0,0.0704,0.0067604,0.014806,0.042778,0.027543,0.015235,0.065,110.0,0.0704,0.0034647,0.0087845,0.024099,0.01612,0.0079782,0.133,110.0,0.0704,999.0
108,1.07,0.0089243,0.018768,0.055076,0.035063,0.020013,0.043,110.0,0.0704,0.0066902,0.014708,0.042439,0.027351,0.015089,0.065,110.0,0.0704,0.0034224,0.0087102,0.023863,0.015977,0.0078867,0.133,110.0,0.0704,999.0
109,1.08,0.008835,0.018655,0.05467,0.034841,0.019829,0.043,110.0,0.0704,0.0066202,0.01461,0.042103,0.02716,0.014943,0.065,110.0,0.0704,0.0033802,0.0086365,0.02363,0.015834,0.0077958,0.133,110.0,0.0704,999.0
110,1.09,0.008746,0.018543,0.054265,0.034619,0.019645,0.043,110.0,0.0704,0.0065505,0.014514,0.041768,0.026971,0.014797,0.065,110.0,0.0704,0.0033384,0.0085634,0.023399,0.015694,0.0077057,0.133,110.0,0.0704,999.0
111,1.1,0.0086571,0.01843,0.053862,0.034399,0.019463,0.043,110.0,0.0704,0.006481,0.014417,0.041435,0.026782,0.014652,0.065,110.0,0.0704,0.0032968,0.0084909,0.023171,0.015555,0.0076163,0.133,110.0,0.0704,999.0
112,1.11,0.0085684,0.018319,0.05346,0.03418,0.01928,0.043,110.0,0.0704,0.0064117,0.014321,0.041103,0.026595,0.014508,0.065,110.0,0.0704,0.0032554,0.0084188,0.022944,0.015417,0.0075274,0.133,110.0,0.0704,999.0
113,1.12,0.0084799,0.018207,0.05306,0.033961,0.019098,0.043,110.0,0.0704,0.0063426,0.014225,0.040773,0.026409,0.014364,0.065,110.0,0.0704,0.0032143,0.0083473,0.022719,0.01528,0.0074391,0.133,110.0,0.0704,999.0
114,1.1300000000000001,0.0083915,0.018096,0.05266,0.033744,0.018917,0.043,110.0,0.0704,0.0062738,0.01413,0.040445,0.026224,0.014221,0.065,110.0,0.0704,0.0031734,0.0082764,0.022496,0.015145,0.0073513,0.133,110.0,0.0704,999.0
115,1.1400000000000001,0.0083034,0.017985,0.052262,0.033527,0.018735,0.043,110.0,0.0704,0.0062051,0.014035,0.040118,0.02604,0.014078,0.065,110.0,0.0704,0.0031327,0.0082059,0.022275,0.015011,0.0072641,0.133,110.0,0.0704,999.0
116,1.1500000000000001,0.0082154,0.017875,0.051866,0.033311,0.018555,0.043,110.0,0.0704,0.0061366,0.013941,0.039792,0.025857,0.013936,0.065,110.0,0.0704,0.0030922,0.008136,0.022055,0.014877,0.0071774,0.133,110.0,0.0704,999.0
117,1.16,0.0081276,0.017765,0.05147,0.033096,0.018374,0.043,110.0,0.0704,0.0060683,0.013847,0.039468,0.025674,0.013794,0.065,110.0,0.0704,0.003052,0.0080665,0.021837,0.014745,0.0070911,0.133,110.0,0.0704,999.0
118,1.17,0.0080399,0.017655,0.051076,0.032882,0.018194,0.043,110.0,0.0704,0.0060002,0.013753,0.039145,0.025493,0.013652,0.065,110.0,0.0704,0.0030119,0.0079975,0.02162,0.014615,0.0070054,0.133,110.0,0.0704,999.0
119,1.18,0.0079524,0.017546,0.050682,0.032668,0.018014,0.043,110.0,0.0704,0.0059323,0.01366,0.038824,0.025312,0.013511,0.065,110.0,0.0704,0.002972,0.007929,0.021405,0.014485,0.0069201,0.133,110.0,0.0704,999.0
120,1.19,0.007865,0.017437,0.05029,0.032455,0.017835,0.043,110.0,0.0704,0.0058646,0.013567,0.038503,0.025133,0.01337,0.065,110.0,0.0704,0.0029323,0.007861,0.021191,0.014356,0.0068352,0.133,110.0,0.0704,999.0
121,1.2,0.0077778,0.017328,0.049898,0.032242,0.017656,0.043,110.0,0.0704,0.005797,0.013474,0.038184,0.024954,0.01323,0.065,110.0,0.0704,0.0028928,0.0077935,0.020979,0.014228,0.0067507,0.133,110.0,0.0704,999.0
122,1.21,0.0076908,0.01722,0.049508,0.032031,0.017477,0.043,110.0,0.0704,0.0057296,0.013382,0.037866,0.024776,0.01309,0.065,110.0,0.0704,0.0028535,0.0077264,0.020767,0.014101,0.0066666,0.133,110.0,0.0704,999.0
123,1.22,0.0076038,0.017112,0.049118,0.03182,0.017299,0.043,110.0,0.0704,0.0056624,0.01329,0.037549,0.024598,0.01295,0.065,110.0,0.0704,0.0028143,0.0076597,0.020558,0.013975,0.0065829,0.133,110.0,0.0704,999.0
124,1.23,0.007517,0.017004,0.048729,0.031609,0.01712,0.043,110.0,0.0704,0.0055953,0.013199,0.037233,0.024422,0.012811,0.065,110.0,0.0704,0.0027753,0.0075935,0.020349,0.01385,0.0064996,0.133,110.0,0.0704,999.0
125,1.24,0.0074304,0.016896,0.048342,0.031399,0.016942,0.043,110.0,0.0704,0.0055283,0.013108,0.036918,0.024246,0.012672,0.065,110.0,0.0704,0.0027365,0.0075278,0.020142,0.013725,0.0064166,0.133,110.0,0.0704,999.0
126,1.25,0.0073438,0.016789,0.047955,0.03119,0.016765,0.043,110.0,0.0704,0.0054615,0.013017,0.036604,0.02407,0.012533,0.065,110.0,0.0704,0.0026978,0.0074624,0.019936,0.013602,0.006334,0.133,110.0,0.0704,999.0
127,1.26,0.0072574,0.016682,0.047569,0.030981,0.016587,0.043,110.0,0.0704,0.0053949,0.012927,0.036291,0.023896,0.012395,0.065,110.0,0.0704,0.0026593,0.0073975,0.019731,0.013479,0.0062516,0.133,110.0,0.0704,999.0
128,1.27,0.0071711,0.016575,0.047183,0.030773,0.01641,0.043,110.0,0.0704,0.0053284,0.012837,0.035979,0.023722,0.012257,0.065,110.0,0.0704,0.0026209,0.0073331,0.019527,0.013357,0.0061696,0.133,110.0,0.0704,999.0
129,1.28,0.007085,0.016469,0.046799,0.030566,0.016233,0.043,110.0,0.0704,0.005262,0.012747,0.035667,0.023549,0.012119,0.065,110.0,0.0704,0.0025827,0.007269,0.019324,0.013236,0.0060878,0.133,110.0,0.0704,999.0
130,1.29,0.0069989,0.016363,0.046415,0.030359,0.016056,0.043,110.0,0.0704,0.0051957,0.012658,0.035357,0.023376,0.011981,0.065,110.0,0.0704,0.0025446,0.0072053,0.019122,0.013116,0.0060063,0.133,110.0,0.0704,999.0
131,1.3,0.006913,0.016257,0.046031,0.030152,0.015879,0.043,110.0,0.0704,0.0051296,0.012569,0.035048,0.023204,0.011843,0.065,110.0,0.0704,0.0025066,0.0071421,0.018922,0.012997,0.005925,0.133,110.0,0.0704,999.0
132,1.31,0.0068272,0.016152,0.045649,0.029946,0.015703,0.043,110.0,0.0704,0.0050637,0.01248,0.034739,0.023033,0.011706,0.065,110.0,0.0704,0.0024688,0.0070792,0.018722,0.012878,0.0058438,0.133,110.0,0.0704,999.0
133,1.32,0.0067414,0.016046,0.045267,0.029741,0.015526,0.043,110.0,0.0704,0.0049978,0.012392,0.034431,0.022862,0.011569,0.065,110.0,0.0704,0.0024311,0.0070167,0.018523,0.01276,0.0057629,0.133,110.0,0.0704,999.0
134,1.33,0.0066558,0.015941,0.044885,0.029535,0.01535,0.043,110.0,0.0704,0.004932,0.012304,0.034123,0.022692,0.011432,0.065,110.0,0.0704,0.0023935,0.0069546,0.018325,0.012643,0.0056821,0.133,110.0,0.0704,999.0
135,1.34,0.0065702,0.015836,0.044504,0.029331,0.015173,0.043,110.0,0.0704,0.0048664,0.012216,0.033817,0.022522,0.011295,0.065,110.0,0.0704,0.002356,0.0068929,0.018127,0.012526,0.0056013,0.133,110.0,0.0704,999.0
136,1.35,0.0064848,0.015732,0.044124,0.029127,0.014997,0.043,110.0,0.0704,0.0048008,0.012129,0.03351,0.022353,0.011157,0.065,110.0,0.0704,0.0023186,0.0068316,0.01793,0.01241,0.0055205,0.133,110.0,0.0704,999.0
137,1.36,0.0063994,0.015628,0.043743,0.028923,0.01482,0.043,110.0,0.0704,0.0047353,0.012042,0.033204,0.022184,0.01102,0.065,110.0,0.0704,0.0022813,0.0067705,0.017734,0.012294,0.0054397,0.133,110.0,0.0704,999.0
138,1.37,0.006314,0.015524,0.043363,0.028719,0.014644,0.043,110.0,0.0704,0.0046699,0.011955,0.032899,0.022016,0.010883,0.065,110.0,0.0704,0.0022441,0.0067099,0.017538,0.012179,0.0053585,0.133,110.0,0.0704,999.0
139,1.3800000000000001,0.0062287,0.01542,0.042982,0.028516,0.014466,0.043,110.0,0.0704,0.0046046,0.011868,0.032593,0.021848,0.010745,0.065,110.0,0.0704,0.0022069,0.0066495,0.017342,0.012065,0.0052769,0.133,110.0,0.0704,999.0
140,1.3900000000000001,0.0061435,0.015316,0.042603,0.028313,0.014289,0.043,110.0,0.0704,0.0045393,0.011782,0.032287,0.02168,0.010607,0.065,110.0,0.0704,0.0021698,0.0065894,0.017145,0.011951,0.0051946,0.133,110.0,0.0704,999.0
141,1.4000000000000001,0.0060603,0.015214,0.042225,0.028113,0.014112,0.043,80.0,0.0512,0.0044753,0.011696,0.03198,0.021513,0.010467,0.065,80.0,0.0512,0.0021334,0.0065299,0.016946,0.011836,0.0051107,0.133,80.0,0.0512,999.0
142,1.41,0.006,0.015136,0.041943,0.027956,0.013987,0.043,80.0,0.0512,0.0044298,0.01163,0.031752,0.021381,0.010371,0.065,80.0,0.0512,0.0021083,0.0064824,0.016797,0.011742,0.0050554,0.133,80.0,0.0512,999.0
143,1.42,0.0059398,0.015058,0.041664,0.027801,0.013862,0.043,80.0,0.0512,0.0043844,0.011564,0.031526,0.021251,0.010275,0.065,80.0,0.0512,0.0020834,0.0064353,0.016651,0.01165,0.0050009,0.133,80.0,0.0512,999.0
144,1.43,0.0058798,0.01498,0.041386,0.027648,0.013738,0.043,80.0,0.0512,0.0043391,0.011498,0.031303,0.021122,0.01018,0.065,80.0,0.0512,0.0020587,0.0063885,0.016507,0.01156,0.0049471,0.133,80.0,0.0512,999.0
145,1.44,0.0058199,0.014902,0.04111,0.027495,0.013614,0.043,80.0,0.0512,0.004294,0.011433,0.031081,0.020995,0.010086,0.065,80.0,0.0512,0.0020341,0.006342,0.016364,0.011471,0.0048936,0.133,80.0,0.0512,999.0
146,1.45,0.0057602,0.014825,0.040834,0.027344,0.013491,0.043,80.0,0.0512,0.004249,0.011368,0.03086,0.020868,0.0099917,0.065,80.0,0.0512,0.0020096,0.0062959,0.016223,0.011383,0.0048406,0.133,80.0,0.0512,999.0
147,1.46,0.0057005,0.014748,0.04056,0.027192,0.013367,0.043,80.0,0.0512,0.0042042,0.011303,0.03064,0.020742,0.0098979,0.065,80.0,0.0512,0.0019853,0.0062501,0.016083,0.011295,0.0047879,0.133,80.0,0.0512,999.0
148,1.47,0.0056409,0.014671,0.040286,0.027042,0.013244,0.043,80.0,0.0512,0.0041594,0.011239,0.030421,0.020617,0.0098043,0.065,80.0,0.0512,0.001961,0.0062045,0.015945,0.011209,0.0047355,0.133,80.0,0.0512,999.0
149,1.48,0.0055814,0.014594,0.040013,0.026892,0.013121,0.043,80.0,0.0512,0.0041148,0.011174,0.030204,0.020493,0.009711,0.065,80.0,0.0512,0.0019369,0.0061593,0.015807,0.011123,0.0046835,0.133,80.0,0.0512,999.0
150,1.49,0.005522,0.014518,0.039741,0.026742,0.012999,0.043,80.0,0.0512,0.0040702,0.01111,0.029987,0.020369,0.0096179,0.065,80.0,0.0512,0.0019129,0.0061144,0.01567,0.011038,0.0046317,0.133,80.0,0.0512,999.0
151,1.5,0.0054626,0.014441,0.03947,0.026593,0.012876,0.043,80.0,0.0512,0.0040258,0.011046,0.02977,0.020245,0.0095251,0.065,80.0,0.0512,0.001889,0.0060697,0.015534,0.010954,0.0045802,0.133,80.0,0.0512,999.0
152,1.51,0.0054034,0.014365,0.039199,0.026445,0.012754,0.043,80.0,0.0512,0.0039814,0.010983,0.029555,0.020122,0.0094326,0.065,80.0,0.0512,0.0018652,0.0060253,0.0154,0.010871,0.004529,0.133,80.0,0.0512,999.0
153,1.52,0.0053442,0.014289,0.038929,0.026297,0.012632,0.043,80.0,0.0512,0.0039372,0.010919,0.02934,0.02,0.0093403,0.065,80.0,0.0512,0.0018415,0.0059812,0.015266,0.010788,0.004478,0.133,80.0,0.0512,999.0
154,1.53,0.0052852,0.014213,0.038659,0.026149,0.01251,0.043,80.0,0.0512,0.003893,0.010856,0.029127,0.019878,0.0092481,0.065,80.0,0.0512,0.0018178,0.0059374,0.015132,0.010705,0.0044273,0.133,80.0,0.0512,999.0
155,1.54,0.0052261,0.014138,0.03839,0.026002,0.012389,0.043,80.0,0.0512,0.0038489,0.010793,0.028913,0.019757,0.0091563,0.065,80.0,0.0512,0.0017943,0.0058938,0.015,0.010623,0.0043768,0.133,80.0,0.0512,999.0
156,1.55,0.0051672,0.014062,0.038122,0.025855,0.012267,0.043,80.0,0.0512,0.0038049,0.01073,0.028701,0.019636,0.0090646,0.065,80.0,0.0512,0.0017709,0.0058505,0.014869,0.010542,0.0043265,0.133,80.0,0.0512,999.0
157,1.56,0.0051083,0.013987,0.037854,0.025709,0.012146,0.043,80.0,0.0512,0.003761,0.010668,0.028489,0.019516,0.0089731,0.065,80.0,0.0512,0.0017475,0.0058074,0.014738,0.010461,0.0042765,0.133,80.0,0.0512,999.0
158,1.57,0.0050495,0.013912,0.037587,0.025563,0.012024,0.043,80.0,0.0512,0.0037172,0.010606,0.028278,0.019396,0.0088818,0.065,80.0,0.0512,0.0017242,0.0057647,0.014608,0.010381,0.0042267,0.133,80.0,0.0512,999.0
159,1.58,0.0049907,0.013837,0.03732,0.025417,0.011903,0.043,80.0,0.0512,0.0036734,0.010543,0.028068,0.019277,0.0087907,0.065,80.0,0.0512,0.001701,0.0057221,0.014479,0.010301,0.0041771,0.133,80.0,0.0512,999.0
160,1.59,0.0049321,0.013763,0.037054,0.025272,0.011782,0.043,80.0,0.0512,0.0036297,0.010482,0.027858,0.019158,0.0086997,0.065,80.0,0.0512,0.0016779,0.0056799,0.01435,0.010222,0.0041277,0.133,80.0,0.0512,999.0
161,1.6,0.0048734,0.013688,0.036788,0.025127,0.011661,0.043,80.0,0.0512,0.0035861,0.01042,0.027649,0.01904,0.008609,0.065,80.0,0.0512,0.0016549,0.0056378,0.014222,0.010144,0.0040786,0.133,80.0,0.0512,999.0
162,1.61,0.0048149,0.013614,0.036523,0.024982,0.011541,0.043,80.0,0.0512,0.0035426,0.010359,0.02744,0.018921,0.0085184,0.065,80.0,0.0512,0.001632,0.005596,0.014095,0.010066,0.0040296,0.133,80.0,0.0512,999.0
163,1.62,0.0047564,0.01354,0.036258,0.024838,0.01142,0.043,80.0,0.0512,0.0034991,0.010297,0.027232,0.018804,0.008428,0.065,80.0,0.0512,0.0016091,0.0055545,0.013969,0.0099879,0.0039809,0.133,80.0,0.0512,999.0
164,1.6300000000000001,0.0046979,0.013466,0.035993,0.024694,0.0113,0.043,80.0,0.0512,0.0034557,0.010236,0.027024,0.018687,0.0083378,0.065,80.0,0.0512,0.0015863,0.0055132,0.013843,0.0099107,0.0039323,0.133,80.0,0.0512,999.0
165,1.6400000000000001,0.0046396,0.013392,0.035729,0.02455,0.011179,0.043,80.0,0.0512,0.0034124,0.010175,0.026818,0.01857,0.0082478,0.065,80.0,0.0512,0.0015636,0.0054722,0.013718,0.0098341,0.003884,0.133,80.0,0.0512,999.0
166,1.6500000000000001,0.0045812,0.013318,0.035466,0.024407,0.011059,0.043,80.0,0.0512,0.0033692,0.010115,0.026611,0.018453,0.0081579,0.065,80.0,0.0512,0.0015409,0.0054314,0.013594,0.0097579,0.0038358,0.133,80.0,0.0512,999.0
167,1.6600000000000001,0.0045229,0.013245,0.035203,0.024264,0.010939,0.043,80.0,0.0512,0.003326,0.010054,0.026406,0.018337,0.0080682,0.065,80.0,0.0512,0.0015184,0.0053908,0.01347,0.0096821,0.0037879,0.133,80.0,0.0512,999.0
168,1.67,0.0044647,0.013171,0.03494,0.024122,0.010819,0.043,80.0,0.0512,0.0032829,0.0099942,0.0262,0.018222,0.0079786,0.065,80.0,0.0512,0.0014959,0.0053505,0.013347,0.0096068,0.0037402,0.133,80.0,0.0512,999.0
169,1.68,0.0044065,0.013098,0.034678,0.023979,0.010699,0.043,80.0,0.0512,0.0032398,0.0099342,0.025996,0.018106,0.0078892,0.065,80.0,0.0512,0.0014734,0.0053104,0.013225,0.009532,0.0036927,0.133,80.0,0.0512,999.0
170,1.69,0.0043484,0.013025,0.034416,0.023837,0.010579,0.043,80.0,0.0512,0.0031969,0.0098744,0.025792,0.017992,0.0078,0.065,80.0,0.0512,0.0014511,0.0052705,0.013103,0.0094577,0.0036454,0.133,80.0,0.0512,999.0
171,1.7,0.0042903,0.012952,0.034155,0.023696,0.010459,0.043,80.0,0.0512,0.0031539,0.0098148,0.025588,0.017877,0.007711,0.065,80.0,0.0512,0.0014288,0.0052308,0.012982,0.0093838,0.0035984,0.133,80.0,0.0512,999.0
172,1.71,0.0042323,0.01288,0.033894,0.023554,0.010339,0.043,80.0,0.0512,0.0031111,0.0097554,0.025385,0.017763,0.0076222,0.065,80.0,0.0512,0.0014066,0.0051915,0.012862,0.0093103,0.0035516,0.133,80.0,0.0512,999.0
173,1.72,0.0041743,0.012807,0.033633,0.023413,0.01022,0.043,80.0,0.0512,0.0030683,0.0096961,0.025183,0.01765,0.0075336,0.065,80.0,0.0512,0.0013844,0.0051523,0.012742,0.0092374,0.0035051,0.133,80.0,0.0512,999.0
174,1.73,0.0041163,0.012735,0.033373,0.023273,0.0101,0.043,80.0,0.0512,0.0030256,0.0096371,0.024981,0.017536,0.0074452,0.065,80.0,0.0512,0.0013623,0.0051133,0.012624,0.0091648,0.0034588,0.133,80.0,0.0512,999.0
175,1.74,0.0040584,0.012663,0.033113,0.023132,0.0099811,0.043,80.0,0.0512,0.0029829,0.0095783,0.02478,0.017423,0.0073571,0.065,80.0,0.0512,0.0013403,0.0050746,0.012506,0.0090928,0.0034129,0.133,80.0,0.0512,999.0
176,1.75,0.0040006,0.012591,0.032854,0.022992,0.0098621,0.043,80.0,0.0512,0.0029403,0.0095196,0.02458,0.017311,0.0072692,0.065,80.0,0.0512,0.0013184,0.0050361,0.012388,0.0090212,0.0033672,0.133,80.0,0.0512,999.0
177,1.76,0.0039428,0.012519,0.032596,0.022852,0.0097434,0.043,80.0,0.0512,0.0028978,0.0094612,0.024381,0.017199,0.0071818,0.065,80.0,0.0512,0.0012966,0.0049979,0.012272,0.0089502,0.0033221,0.133,80.0,0.0512,999.0
178,1.77,0.0038851,0.012447,0.032338,0.022713,0.0096249,0.043,80.0,0.0512,0.0028554,0.009403,0.024182,0.017087,0.0070948,0.065,80.0,0.0512,0.0012748,0.0049599,0.012157,0.0088796,0.0032775,0.133,80.0,0.0512,999.0
179,1.78,0.0038274,0.012376,0.032081,0.022574,0.0095067,0.043,80.0,0.0512,0.002813,0.009345,0.023985,0.016976,0.0070084,0.065,80.0,0.0512,0.0012531,0.0049221,0.012043,0.0088097,0.0032335,0.133,80.0,0.0512,999.0
180,1.79,0.0037697,0.012304,0.031822,0.022435,0.009387,0.043,80.0,0.0512,0.0027707,0.0092872,0.023789,0.016866,0.0069227,0.065,80.0,0.0512,0.0012316,0.0048846,0.011931,0.0087404,0.0031904,0.133,80.0,0.0512,999.0
181,1.8,0.003709,0.01223,0.031561,0.022294,0.0092679,0.043,150.0,0.096,0.002727,0.0092281,0.023593,0.016755,0.0068374,0.065,150.0,0.096,0.0012094,0.0048466,0.011821,0.0086721,0.0031492,0.133,150.0,0.096,999.0
182,1.81,0.0035975,0.012105,0.031093,0.022056,0.0090372,0.043,150.0,0.096,0.002644,0.0091299,0.023239,0.016573,0.0066658,0.065,150.0,0.096,0.0011654,0.0047871,0.011627,0.0085689,0.0030584,0.133,150.0,0.096,999.0
183,1.82,0.0034856,0.01198,0.030618,0.021814,0.008804,0.043,150.0,0.096,0.0025606,0.0090315,0.022879,0.016387,0.0064919,0.065,150.0,0.096,0.0011212,0.0047275,0.011427,0.0084612,0.0029655,0.133,150.0,0.096,999.0
184,1.83,0.0033734,0.011855,0.030139,0.02157,0.0085689,0.043,150.0,0.096,0.0024769,0.0089331,0.022515,0.016199,0.0063164,0.065,150.0,0.096,0.0010768,0.004668,0.011223,0.0083517,0.0028714,0.133,150.0,0.096,999.0
185,1.84,0.0032609,0.011729,0.029657,0.021325,0.0083319,0.043,150.0,0.096,0.0023931,0.0088347,0.022148,0.016009,0.0061393,0.065,150.0,0.096,0.0010322,0.0046086,0.011017,0.0082411,0.0027761,0.133,150.0,0.096,999.0
186,1.85,0.0031481,0.011604,0.029171,0.021078,0.0080929,0.043,150.0,0.096,0.002309,0.0087363,0.021779,0.015818,0.0059606,0.065,150.0,0.096,0.00098743,0.0045493,0.01081,0.0081298,0.0026798,0.133,150.0,0.096,999.0
187,1.86,0.003035,0.011478,0.028683,0.020831,0.0078518,0.043,150.0,0.096,0.0022246,0.0086379,0.021407,0.015627,0.0057804,0.065,150.0,0.096,0.00094251,0.0044902,0.0106,0.0080179,0.0025825,0.133,150.0,0.096,999.0
188,1.87,0.0029216,0.011353,0.028191,0.020582,0.0076083,0.043,150.0,0.096,0.0021401,0.0085396,0.021033,0.015434,0.0055983,0.065,150.0,0.096,0.00089742,0.0044311,0.01039,0.0079056,0.002484,0.133,150.0,0.096,999.0
189,1.8800000000000001,0.0028078,0.011227,0.027695,0.020332,0.0073622,0.043,150.0,0.096,0.0020552,0.0084412,0.020656,0.015241,0.0054143,0.065,150.0,0.096,0.00085215,0.0043722,0.010177,0.0077928,0.0023842,0.133,150.0,0.096,999.0
190,1.8900000000000001,0.0026936,0.011101,0.027194,0.020081,0.0071129,0.043,150.0,0.096,0.00197,0.0083427,0.020275,0.015047,0.0052279,0.065,150.0,0.096,0.00080668,0.0043133,0.0099624,0.0076795,0.0022829,0.133,150.0,0.096,999.0
191,1.9000000000000001,0.0025789,0.010975,0.026689,0.019829,0.0068601,0.043,150.0,0.096,0.0018845,0.0082441,0.019891,0.014852,0.0050389,0.065,150.0,0.096,0.00076097,0.0042545,0.0097457,0.0075658,0.0021799,0.133,150.0,0.096,999.0
192,1.9100000000000001,0.0024637,0.010848,0.026178,0.019575,0.0066032,0.043,150.0,0.096,0.0017986,0.0081454,0.019503,0.014656,0.0048467,0.065,150.0,0.096,0.000715,0.0041957,0.0095264,0.0074515,0.0020749,0.133,150.0,0.096,999.0
193,1.92,0.0023478,0.010721,0.02566,0.019319,0.0063412,0.043,150.0,0.096,0.0017121,0.0080464,0.019109,0.014459,0.0046508,0.065,150.0,0.096,0.00066871,0.0041369,0.0093039,0.0073364,0.0019675,0.133,150.0,0.096,999.0
194,1.93,0.0022312,0.010594,0.025134,0.01906,0.0060733,0.043,150.0,0.096,0.0016252,0.0079471,0.01871,0.014259,0.0044505,0.065,150.0,0.096,0.00062205,0.004078,0.0090776,0.0072205,0.0018571,0.133,150.0,0.096,999.0
195,1.94,0.0021137,0.010465,0.024597,0.018799,0.0057981,0.043,150.0,0.096,0.0015375,0.0078475,0.018303,0.014058,0.0042446,0.065,150.0,0.096,0.00057493,0.004019,0.0088465,0.0071034,0.0017431,0.133,150.0,0.096,999.0
196,1.95,0.001995,0.010336,0.024048,0.018534,0.0055137,0.043,150.0,0.096,0.001449,0.0077472,0.017886,0.013854,0.0040318,0.065,150.0,0.096,0.00052727,0.0039597,0.0086092,0.0069847,0.0016246,0.133,150.0,0.096,999.0
197,1.96,0.0018751,0.010206,0.023482,0.018265,0.0052173,0.043,150.0,0.096,0.0013596,0.0076463,0.017457,0.013647,0.00381,0.065,150.0,0.096,0.00047892,0.0039001,0.0083639,0.006864,0.0014999,0.133,150.0,0.096,999.0
198,1.97,0.0017534,0.010074,0.022894,0.017989,0.0049048,0.043,150.0,0.096,0.0012688,0.0075443,0.017012,0.013436,0.003576,0.065,150.0,0.096,0.00042968,0.0038399,0.0081072,0.0067403,0.0013669,0.133,150.0,0.096,999.0
199,1.98,0.0016295,0.0099407,0.022272,0.017704,0.0045684,0.043,150.0,0.096,0.0011763,0.0074409,0.016541,0.013217,0.0033239,0.065,150.0,0.096,0.00037923,0.0037789,0.0078333,0.0066122,0.0012211,0.133,150.0,0.096,999.0
200,1.99,0.0015022,0.0098041,0.021597,0.017404,0.0041925,0.043,150.0,0.096,0.0010813,0.0073353,0.016029,0.012988,0.0030418,0.065,150.0,0.096,0.00032699,0.0037164,0.0075302,0.0064764,0.0010538,0.133,150.0,0.096,999.0
201,2.0,0.0013693,0.0096289,0.020645,0.016949,0.0036957,0.0475,0.5,0.00032,0.00098497,0.0072164,0.01537,0.012691,0.0026785,0.05,0.5,0.00032,0.00027324,0.0036417,0.0071066,0.0062845,0.00082212,0.1,0.5,0.00032,999.0
202,2.0100000000000002,0.0013673,0.0096171,0.020605,0.016916,0.003689,0.0475,0.5,0.01148,0.00098343,0.0072071,0.015338,0.012664,0.0026732,0.05,0.5,0.01148,0.00027246,0.0036338,0.0070809,0.0062618,0.00081909,0.1,0.5,0.01148,999.0
203,2.02,0.0013651,0.0096051,0.020564,0.016883,0.0036816,0.0475,0.5,0.01148,0.00098179,0.0071978,0.015305,0.012638,0.0026675,0.05,0.5,0.01148,0.00027161,0.0036259,0.0070553,0.0062396,0.00081572,0.1,0.5,0.01148,999.0
204,2.0300000000000002,0.001363,0.0095933,0.020525,0.016851,0.0036744,0.0475,0.5,0.01148,0.00098015,0.0071886,0.015274,0.012612,0.0026618,0.05,0.5,0.01148,0.00027077,0.003618,0.0070303,0.0062178,0.00081242,0.1,0.5,0.01148,999.0
205,2.04,0.0013608,0.0095814,0.020486,0.016819,0.0036672,0.0475,0.5,0.01148,0.00097853,0.0071794,0.015242,0.012586,0.0026562,0.05,0.5,0.01148,0.00026994,0.0036101,0.0070057,0.0061965,0.00080919,0.1,0.5,0.01148,999.0
206,2.05,0.0013587,0.0095696,0.020447,0.016787,0.0036601,0.0475,0.5,0.01148,0.00097691,0.0071702,0.015212,0.012561,0.0026507,0.05,0.5,0.01148,0.00026912,0.0036023,0.0069817,0.0061757,0.00080604,0.1,0.5,0.01148,999.0
207,2.06,0.0013566,0.0095578,0.020409,0.016756,0.0036531,0.0475,0.5,0.01148,0.00097531,0.007161,0.015181,0.012536,0.0026453,0.05,0.5,0.01148,0.00026831,0.0035945,0.0069582,0.0061553,0.00080295,0.1,0.5,0.01148,999.0
208,2.07,0.0013545,0.009546,0.020372,0.016726,0.0036462,0.0475,0.5,0.01148,0.00097372,0.0071518,0.015152,0.012512,0.0026399,0.05,0.5,0.01148,0.00026751,0.0035867,0.0069351,0.0061352,0.00079991,0.1,0.5,0.01148,999.0
209,2.08,0.0013524,0.0095343,0.020335,0.016695,0.0036393,0.0475,0.5,0.01148,0.00097213,0.0071426,0.015122,0.012488,0.0026346,0.05,0.5,0.01148,0.00026671,0.003579,0.0069124,0.0061155,0.00079693,0.1,0.5,0.01148,999.0
210,2.09,0.0013503,0.0095225,0.020298,0.016666,0.0036325,0.0475,0.5,0.01148,0.00097056,0.0071335,0.015093,0.012464,0.0026294,0.05,0.5,0.01148,0.00026593,0.0035713,0.0068901,0.0060961,0.000794,0.1,0.5,0.01148,999.0
211,2.1,0.0013482,0.0095109,0.020262,0.016636,0.0036258,0.0475,0.5,0.01148,0.00096899,0.0071244,0.015065,0.01244,0.0026242,0.05,0.5,0.01148,0.00026515,0.0035636,0.006868,0.0060769,0.00079111,0.1,0.5,0.01148,999.0
212,2.11,0.0013462,0.0094992,0.020226,0.016607,0.0036192,0.0475,0.5,0.01148,0.00096744,0.0071154,0.015036,0.012417,0.0026191,0.05,0.5,0.01148,0.00026438,0.003556,0.0068463,0.0060581,0.00078827,0.1,0.5,0.01148,999.0
213,2.12,0.0013441,0.0094876,0.02019,0.016578,0.0036126,0.0475,0.5,0.01148,0.00096589,0.0071063,0.015008,0.012394,0.002614,0.05,0.5,0.01148,0.00026361,0.0035483,0.0068249,0.0060395,0.00078547,0.1,0.5,0.01148,999.0
214,2.13,0.0013421,0.009476,0.020155,0.016549,0.003606,0.0475,0.5,0.01148,0.00096436,0.0070973,0.014981,0.012372,0.002609,0.05,0.5,0.01148,0.00026286,0.0035408,0.0068038,0.0060211,0.00078271,0.1,0.5,0.01148,999.0
215,2.14,0.00134,0.0094644,0.02012,0.016521,0.0035995,0.0475,0.5,0.01148,0.00096282,0.0070883,0.014953,0.012349,0.0026041,0.05,0.5,0.01148,0.0002621,0.0035332,0.0067829,0.0060029,0.00077998,0.1,0.5,0.01148,999.0
216,2.15,0.001338,0.0094529,0.020086,0.016493,0.0035931,0.0475,0.5,0.01148,0.0009613,0.0070793,0.014926,0.012327,0.0025991,0.05,0.5,0.01148,0.00026136,0.0035257,0.0067623,0.005985,0.00077729,0.1,0.5,0.01148,999.0
217,2.16,0.001336,0.0094413,0.020051,0.016465,0.0035867,0.0475,0.5,0.01148,0.00095979,0.0070703,0.0149,0.012305,0.0025943,0.05,0.5,0.01148,0.00026062,0.0035182,0.0067419,0.0059673,0.00077464,0.1,0.5,0.01148,999.0
218,2.17,0.001334,0.0094298,0.020017,0.016437,0.0035804,0.0475,0.5,0.01148,0.00095828,0.0070614,0.014873,0.012283,0.0025894,0.05,0.5,0.01148,0.00025988,0.0035107,0.0067217,0.0059497,0.00077201,0.1,0.5,0.01148,999.0
219,2.18,0.001332,0.0094183,0.019984,0.01641,0.0035741,0.0475,0.5,0.01148,0.00095678,0.0070525,0.014847,0.012262,0.0025846,0.05,0.5,0.01148,0.00025915,0.0035032,0.0067018,0.0059324,0.00076941,0.1,0.5,0.01148,999.0
220,2.19,0.00133,0.0094069,0.01995,0.016382,0.0035679,0.0475,0.5,0.01148,0.00095529,0.0070436,0.01482,0.012241,0.0025799,0.05,0.5,0.01148,0.00025842,0.0034958,0.006682,0.0059152,0.00076684,0.1,0.5,0.01148,999.0
221,2.2,0.001328,0.0093955,0.019917,0.016355,0.0035616,0.0475,0.5,0.01148,0.0009538,0.0070347,0.014795,0.012219,0.0025752,0.05,0.5,0.01148,0.0002577,0.0034884,0.0066624,0.0058981,0.0007643,0.1,0.5,0.01148,999.0
222,2.21,0.001326,0.0093841,0.019884,0.016328,0.0035555,0.0475,0.5,0.01148,0.00095232,0.0070258,0.014769,0.012198,0.0025705,0.05,0.5,0.01148,0.00025699,0.003481,0.006643,0.0058812,0.00076178,0.1,0.5,0.01148,999.0
223,2.22,0.0013241,0.0093727,0.019851,0.016301,0.0035494,0.0475,0.5,0.01148,0.00095085,0.007017,0.014743,0.012177,0.0025658,0.05,0.5,0.01148,0.00025628,0.0034737,0.0066238,0.0058645,0.00075929,0.1,0.5,0.01148,999.0
224,2.23,0.0013221,0.0093613,0.019818,0.016275,0.0035433,0.0475,0.5,0.01148,0.00094938,0.0070082,0.014718,0.012157,0.0025612,0.05,0.5,0.01148,0.00025557,0.0034663,0.0066047,0.0058479,0.00075682,0.1,0.5,0.01148,999.0
225,2.24,0.0013202,0.00935,0.019786,0.016249,0.0035372,0.0475,0.5,0.01148,0.00094791,0.0069994,0.014693,0.012136,0.0025566,0.05,0.5,0.01148,0.00025487,0.003459,0.0065858,0.0058314,0.00075437,0.1,0.5,0.01148,999.0
226,2.25,0.0013182,0.0093387,0.019754,0.016222,0.0035312,0.0475,0.5,0.01148,0.00094646,0.0069906,0.014668,0.012116,0.002552,0.05,0.5,0.01148,0.00025417,0.0034517,0.006567,0.0058151,0.00075195,0.1,0.5,0.01148,999.0
227,2.2600000000000002,0.0013163,0.0093274,0.019721,0.016196,0.0035252,0.0475,0.5,0.01148,0.00094501,0.0069818,0.014643,0.012095,0.0025475,0.05,0.5,0.01148,0.00025348,0.0034445,0.0065484,0.0057989,0.00074954,0.1,0.5,0.01148,999.0
228,2.27,0.0013144,0.0093161,0.01969,0.01617,0.0035192,0.0475,0.5,0.01148,0.00094356,0.0069731,0.014618,0.012075,0.002543,0.05,0.5,0.01148,0.00025279,0.0034372,0.0065299,0.0057828,0.00074716,0.1,0.5,0.01148,999.0
229,2.2800000000000002,0.0013124,0.0093049,0.019658,0.016144,0.0035133,0.0475,0.5,0.01148,0.00094212,0.0069643,0.014593,0.012055,0.0025385,0.05,0.5,0.01148,0.0002521,0.00343,0.0065116,0.0057668,0.0007448,0.1,0.5,0.01148,999.0
230,2.29,0.0013105,0.0092937,0.019626,0.016119,0.0035074,0.0475,0.5,0.01148,0.00094069,0.0069556,0.014569,0.012035,0.0025341,0.05,0.5,0.01148,0.00025142,0.0034228,0.0064934,0.0057509,0.00074245,0.1,0.5,0.01148,999.0
231,2.3000000000000003,0.0013086,0.0092825,0.019595,0.016093,0.0035016,0.0475,0.5,0.01148,0.00093926,0.0069469,0.014545,0.012015,0.0025296,0.05,0.5,0.01148,0.00025074,0.0034156,0.0064753,0.0057352,0.00074013,0.1,0.5,0.01148,999.0
232,2.31,0.0013067,0.0092713,0.019564,0.016068,0.0034958,0.0475,0.5,0.01148,0.00093783,0.0069382,0.014521,0.011995,0.0025252,0.05,0.5,0.01148,0.00025007,0.0034085,0.0064573,0.0057195,0.00073782,0.1,0.5,0.01148,999.0
233,2.32,0.0013048,0.0092601,0.019533,0.016043,0.0034899,0.0475,0.5,0.01148,0.00093642,0.0069296,0.014497,0.011976,0.0025208,0.05,0.5,0.01148,0.0002494,0.0034013,0.0064395,0.005704,0.00073553,0.1,0.5,0.01148,999.0
234,2.33,0.0013029,0.009249,0.019502,0.016017,0.0034842,0.0475,0.5,0.01148,0.000935,0.0069209,0.014473,0.011956,0.0025165,0.05,0.5,0.01148,0.00024873,0.0033942,0.0064218,0.0056885,0.00073326,0.1,0.5,0.01148,999.0
235,2.34,0.0013011,0.0092379,0.019471,0.015992,0.0034784,0.0475,0.5,0.01148,0.00093359,0.0069123,0.014449,0.011937,0.0025121,0.05,0.5,0.01148,0.00024807,0.0033871,0.0064042,0.0056732,0.000731,0.1,0.5,0.01148,999.0
236,2.35,0.0012992,0.0092268,0.01944,0.015968,0.0034727,0.0475,0.5,0.01148,0.00093219,0.0069037,0.014425,0.011917,0.0025078,0.05,0.5,0.01148,0.00024741,0.0033801,0.0063867,0.0056579,0.00072877,0.1,0.5,0.01148,999.0
237,2.36,0.0012973,0.0092157,0.01941,0.015943,0.003467,0.0475,0.5,0.01148,0.00093079,0.0068951,0.014402,0.011898,0.0025035,0.05,0.5,0.01148,0.00024675,0.003373,0.0063693,0.0056427,0.00072654,0.1,0.5,0.01148,999.0
238,2.37,0.0012954,0.0092046,0.019379,0.015918,0.0034614,0.0475,0.5,0.01148,0.0009294,0.0068865,0.014378,0.011879,0.0024993,0.05,0.5,0.01148,0.0002461,0.003366,0.006352,0.0056277,0.00072433,0.1,0.5,0.01148,999.0
239,2.38,0.0012936,0.0091936,0.019349,0.015893,0.0034557,0.0475,0.5,0.01148,0.00092801,0.0068779,0.014355,0.01186,0.002495,0.05,0.5,0.01148,0.00024545,0.003359,0.0063348,0.0056127,0.00072214,0.1,0.5,0.01148,999.0
240,2.39,0.0012917,0.0091826,0.019319,0.015869,0.0034501,0.0475,0.5,0.01148,0.00092662,0.0068694,0.014332,0.011841,0.0024908,0.05,0.5,0.01148,0.00024481,0.003352,0.0063178,0.0055978,0.00071997,0.1,0.5,0.01148,999.0
241,2.4,0.0012899,0.0091716,0.019289,0.015845,0.0034445,0.0475,0.5,0.01148,0.00092524,0.0068608,0.014309,0.011822,0.0024866,0.05,0.5,0.01148,0.00024416,0.003345,0.0063008,0.005583,0.0007178,0.1,0.5,0.01148,999.0
242,2.41,0.001288,0.0091606,0.019259,0.01582,0.003439,0.0475,0.5,0.01148,0.00092387,0.0068523,0.014286,0.011803,0.0024824,0.05,0.5,0.01148,0.00024352,0.0033381,0.0062839,0.0055682,0.00071566,0.1,0.5,0.01148,999.0
243,2.42,0.0012862,0.0091496,0.01923,0.015796,0.0034334,0.0475,0.5,0.01148,0.00092249,0.0068438,0.014263,0.011784,0.0024782,0.05,0.5,0.01148,0.00024289,0.0033312,0.0062671,0.0055536,0.00071352,0.1,0.5,0.01148,999.0
244,2.43,0.0012844,0.0091387,0.0192,0.015772,0.0034279,0.0475,0.5,0.01148,0.00092113,0.0068354,0.01424,0.011766,0.002474,0.05,0.5,0.01148,0.00024226,0.0033243,0.0062504,0.005539,0.0007114,0.1,0.5,0.01148,999.0
245,2.44,0.0012826,0.0091278,0.019171,0.015748,0.0034224,0.0475,0.5,0.01148,0.00091976,0.0068269,0.014217,0.011747,0.0024699,0.05,0.5,0.01148,0.00024163,0.0033174,0.0062338,0.0055245,0.0007093,0.1,0.5,0.01148,999.0
246,2.45,0.0012807,0.0091169,0.019141,0.015724,0.003417,0.0475,0.5,0.01148,0.00091841,0.0068184,0.014194,0.011729,0.0024658,0.05,0.5,0.01148,0.000241,0.0033105,0.0062173,0.0055101,0.00070721,0.1,0.5,0.01148,999.0
247,2.46,0.0012789,0.009106,0.019112,0.0157,0.0034115,0.0475,0.5,0.01148,0.00091705,0.00681,0.014172,0.01171,0.0024617,0.05,0.5,0.01148,0.00024038,0.0033037,0.0062009,0.0054958,0.00070513,0.1,0.5,0.01148,999.0
248,2.47,0.0012771,0.0090952,0.019083,0.015677,0.0034061,0.0475,0.5,0.01148,0.0009157,0.0068016,0.014149,0.011692,0.0024576,0.05,0.5,0.01148,0.00023975,0.0032969,0.0061846,0.0054815,0.00070306,0.1,0.5,0.01148,999.0
249,2.48,0.0012753,0.0090843,0.019054,0.015653,0.0034007,0.0475,0.5,0.01148,0.00091436,0.0067932,0.014127,0.011674,0.0024535,0.05,0.5,0.01148,0.00023914,0.00329,0.0061683,0.0054673,0.00070101,0.1,0.5,0.01148,999.0
250,2.49,0.0012735,0.0090735,0.019025,0.01563,0.0033953,0.0475,0.5,0.01148,0.00091301,0.0067848,0.014105,0.011655,0.0024495,0.05,0.5,0.01148,0.00023852,0.0032833,0.0061522,0.0054532,0.00069897,0.1,0.5,0.01148,999.0
251,2.5,0.0012717,0.0090627,0.018996,0.015606,0.00339,0.0475,0.5,0.01148,0.00091167,0.0067764,0.014083,0.011637,0.0024454,0.05,0.5,0.01148,0.00023791,0.0032765,0.0061361,0.0054392,0.00069694,0.1,0.5,0.01148,999.0
252,2.5100000000000002,0.0012699,0.0090519,0.018967,0.015583,0.0033846,0.0475,0.5,0.01148,0.00091034,0.0067681,0.014061,0.011619,0.0024414,0.05,0.5,0.01148,0.0002373,0.0032697,0.0061201,0.0054252,0.00069492,0.1,0.5,0.01148,999.0
253,2.52,0.0012681,0.0090412,0.018939,0.01556,0.0033793,0.0475,0.5,0.01148,0.00090901,0.0067597,0.014039,0.011601,0.0024374,0.05,0.5,0.01148,0.0002367,0.003263,0.0061042,0.0054113,0.00069292,0.1,0.5,0.01148,999.0
254,2.5300000000000002,0.0012664,0.0090304,0.01891,0.015536,0.003374,0.0475,0.5,0.01148,0.00090769,0.0067514,0.014017,0.011583,0.0024334,0.05,0.5,0.01148,0.00023609,0.0032563,0.0060884,0.0053975,0.00069093,0.1,0.5,0.01148,999.0
255,2.54,0.0012646,0.0090197,0.018882,0.015513,0.0033687,0.0475,0.5,0.01148,0.00090636,0.006743,0.013995,0.011565,0.0024295,0.05,0.5,0.01148,0.00023549,0.0032496,0.0060726,0.0053837,0.00068895,0.1,0.5,0.01148,999.0
256,2.5500000000000003,0.0012628,0.009009,0.018854,0.01549,0.0033635,0.0475,0.5,0.01148,0.00090504,0.0067347,0.013973,0.011548,0.0024255,0.05,0.5,0.01148,0.00023489,0.0032429,0.006057,0.00537,0.00068698,0.1,0.5,0.01148,999.0
257,2.56,0.0012611,0.0089983,0.018826,0.015467,0.0033582,0.0475,0.5,0.01148,0.00090373,0.0067265,0.013951,0.01153,0.0024216,0.05,0.5,0.01148,0.0002343,0.0032363,0.0060414,0.0053564,0.00068502,0.1,0.5,0.01148,999.0
258,2.57,0.0012593,0.0089876,0.018798,0.015444,0.003353,0.0475,0.5,0.01148,0.00090242,0.0067182,0.01393,0.011512,0.0024177,0.05,0.5,0.01148,0.00023371,0.0032296,0.0060259,0.0053428,0.00068308,0.1,0.5,0.01148,999.0
259,2.58,0.0012576,0.008977,0.01877,0.015422,0.0033478,0.0475,0.5,0.01148,0.00090111,0.0067099,0.013908,0.011495,0.0024138,0.05,0.5,0.01148,0.00023312,0.003223,0.0060104,0.0053293,0.00068114,0.1,0.5,0.01148,999.0
260,2.59,0.0012558,0.0089663,0.018742,0.015399,0.0033427,0.0475,0.5,0.01148,0.00089981,0.0067017,0.013887,0.011477,0.0024099,0.05,0.5,0.01148,0.00023253,0.0032164,0.0059951,0.0053159,0.00067922,0.1,0.5,0.01148,999.0
261,2.6,0.0012541,0.0089557,0.018714,0.015376,0.0033375,0.0475,0.5,0.01148,0.00089851,0.0066934,0.013866,0.011459,0.002406,0.05,0.5,0.01148,0.00023194,0.0032098,0.0059798,0.0053025,0.0006773,0.1,0.5,0.01148,999.0
262,2.61,0.0012523,0.0089451,0.018686,0.015354,0.0033324,0.0475,0.5,0.01148,0.00089722,0.0066852,0.013844,0.011442,0.0024021,0.05,0.5,0.01148,0.00023136,0.0032033,0.0059646,0.0052892,0.0006754,0.1,0.5,0.01148,999.0
263,2.62,0.0012506,0.0089345,0.018659,0.015331,0.0033272,0.0475,0.5,0.01148,0.00089592,0.006677,0.013823,0.011425,0.0023983,0.05,0.5,0.01148,0.00023078,0.0031967,0.0059494,0.0052759,0.00067351,0.1,0.5,0.01148,999.0
264,2.63,0.0012489,0.0089239,0.018631,0.015309,0.0033221,0.0475,0.5,0.01148,0.00089463,0.0066689,0.013802,0.011407,0.0023945,0.05,0.5,0.01148,0.00023021,0.0031902,0.0059344,0.0052627,0.00067163,0.1,0.5,0.01148,999.0
265,2.64,0.0012471,0.0089134,0.018604,0.015287,0.003317,0.0475,0.5,0.01148,0.00089335,0.0066607,0.013781,0.01139,0.0023906,0.05,0.5,0.01148,0.00022963,0.0031837,0.0059194,0.0052496,0.00066976,0.1,0.5,0.01148,999.0
266,2.65,0.0012454,0.0089029,0.018576,0.015264,0.003312,0.0475,0.5,0.01148,0.00089207,0.0066525,0.01376,0.011373,0.0023868,0.05,0.5,0.01148,0.00022906,0.0031772,0.0059044,0.0052365,0.0006679,0.1,0.5,0.01148,999.0
267,2.66,0.0012437,0.0088924,0.018549,0.015242,0.0033069,0.0475,0.5,0.01148,0.00089079,0.0066444,0.013739,0.011356,0.002383,0.05,0.5,0.01148,0.00022849,0.0031707,0.0058896,0.0052235,0.00066604,0.1,0.5,0.01148,999.0
268,2.67,0.001242,0.0088819,0.018522,0.01522,0.0033019,0.0475,0.5,0.01148,0.00088951,0.0066362,0.013718,0.011339,0.0023793,0.05,0.5,0.01148,0.00022792,0.0031642,0.0058748,0.0052106,0.0006642,0.1,0.5,0.01148,999.0
269,2.68,0.0012403,0.0088714,0.018495,0.015198,0.0032969,0.0475,0.5,0.01148,0.00088824,0.0066281,0.013697,0.011322,0.0023755,0.05,0.5,0.01148,0.00022736,0.0031578,0.0058601,0.0051977,0.00066237,0.1,0.5,0.01148,999.0
270,2.69,0.0012386,0.0088609,0.018468,0.015176,0.0032919,0.0475,0.5,0.01148,0.00088698,0.00662,0.013677,0.011305,0.0023718,0.05,0.5,0.01148,0.0002268,0.0031514,0.0058454,0.0051848,0.00066055,0.1,0.5,0.01148,999.0
271,2.7,0.0012369,0.0088505,0.018441,0.015154,0.0032869,0.0475,0.5,0.01148,0.00088571,0.0066119,0.013656,0.011288,0.002368,0.05,0.5,0.01148,0.00022624,0.003145,0.0058308,0.0051721,0.00065874,0.1,0.5,0.01148,999.0
272,2.71,0.0012352,0.0088401,0.018414,0.015133,0.0032819,0.0475,0.5,0.01148,0.00088445,0.0066039,0.013635,0.011271,0.0023643,0.05,0.5,0.01148,0.00022568,0.0031386,0.0058163,0.0051593,0.00065693,0.1,0.5,0.01148,999.0
273,2.72,0.0012335,0.0088296,0.018388,0.015111,0.003277,0.0475,0.5,0.01148,0.00088319,0.0065958,0.013615,0.011254,0.0023606,0.05,0.5,0.01148,0.00022512,0.0031322,0.0058018,0.0051467,0.00065514,0.1,0.5,0.01148,999.0
274,2.73,0.0012318,0.0088193,0.018361,0.015089,0.0032721,0.0475,0.5,0.01148,0.00088194,0.0065878,0.013594,0.011237,0.0023569,0.05,0.5,0.01148,0.00022457,0.0031258,0.0057874,0.005134,0.00065336,0.1,0.5,0.01148,999.0
275,2.74,0.0012302,0.0088089,0.018335,0.015067,0.0032672,0.0475,0.5,0.01148,0.00088069,0.0065797,0.013574,0.011221,0.0023532,0.05,0.5,0.01148,0.00022402,0.0031195,0.0057731,0.0051215,0.00065158,0.1,0.5,0.01148,999.0
276,2.75,0.0012285,0.0087985,0.018308,0.015046,0.0032623,0.0475,0.5,0.01148,0.00087944,0.0065717,0.013554,0.011204,0.0023495,0.05,0.5,0.01148,0.00022347,0.0031132,0.0057588,0.005109,0.00064982,0.1,0.5,0.01148,999.0
277,2.7600000000000002,0.0012268,0.0087882,0.018282,0.015024,0.0032574,0.0475,0.5,0.01148,0.0008782,0.0065637,0.013533,0.011188,0.0023459,0.05,0.5,0.01148,0.00022292,0.0031068,0.0057446,0.0050965,0.00064806,0.1,0.5,0.01148,999.0
278,2.77,0.0012251,0.0087778,0.018256,0.015003,0.0032525,0.0475,0.5,0.01148,0.00087695,0.0065557,0.013513,0.011171,0.0023422,0.05,0.5,0.01148,0.00022238,0.0031006,0.0057304,0.0050841,0.00064631,0.1,0.5,0.01148,999.0
279,2.7800000000000002,0.0012235,0.0087675,0.018229,0.014982,0.0032477,0.0475,0.5,0.01148,0.00087572,0.0065477,0.013493,0.011155,0.0023386,0.05,0.5,0.01148,0.00022184,0.0030943,0.0057163,0.0050718,0.00064457,0.1,0.5,0.01148,999.0
280,2.79,0.0012218,0.0087573,0.018203,0.01496,0.0032428,0.0475,0.5,0.01148,0.00087448,0.0065398,0.013473,0.011138,0.002335,0.05,0.5,0.01148,0.0002213,0.003088,0.0057023,0.0050595,0.00064284,0.1,0.5,0.01148,999.0
281,2.8000000000000003,0.0012202,0.008747,0.018177,0.014939,0.003238,0.0475,0.5,0.01148,0.00087325,0.0065318,0.013453,0.011122,0.0023314,0.05,0.5,0.01148,0.00022076,0.0030818,0.0056883,0.0050472,0.00064112,0.1,0.5,0.01148,999.0
282,2.81,0.0012185,0.0087367,0.018151,0.014918,0.0032332,0.0475,0.5,0.01148,0.00087202,0.0065238,0.013433,0.011105,0.0023278,0.05,0.5,0.01148,0.00022022,0.0030755,0.0056744,0.005035,0.0006394,0.1,0.5,0.01148,999.0
283,2.82,0.0012169,0.0087265,0.018125,0.014897,0.0032284,0.0475,0.5,0.01148,0.0008708,0.0065159,0.013413,0.011089,0.0023242,0.05,0.5,0.01148,0.00021969,0.0030693,0.0056606,0.0050229,0.0006377,0.1,0.5,0.01148,999.0
284,2.83,0.0012152,0.0087162,0.018099,0.014876,0.0032236,0.0475,0.5,0.01148,0.00086958,0.006508,0.013393,0.011073,0.0023206,0.05,0.5,0.01148,0.00021916,0.0030631,0.0056468,0.0050108,0.000636,0.1,0.5,0.01148,999.0
285,2.84,0.0012136,0.008706,0.018074,0.014855,0.0032189,0.0475,0.5,0.01148,0.00086836,0.0065001,0.013374,0.011057,0.002317,0.05,0.5,0.01148,0.00021863,0.003057,0.0056331,0.0049987,0.00063431,0.1,0.5,0.01148,999.0
286,2.85,0.001212,0.0086958,0.018048,0.014834,0.0032141,0.0475,0.5,0.01148,0.00086714,0.0064922,0.013354,0.011041,0.0023135,0.05,0.5,0.01148,0.0002181,0.0030508,0.0056194,0.0049867,0.00063263,0.1,0.5,0.01148,999.0
287,2.86,0.0012103,0.0086856,0.018022,0.014813,0.0032094,0.0475,0.5,0.01148,0.00086593,0.0064843,0.013334,0.011024,0.0023099,0.05,0.5,0.01148,0.00021758,0.0030446,0.0056057,0.0049748,0.00063096,0.1,0.5,0.01148,999.0
288,2.87,0.0012087,0.0086755,0.017997,0.014792,0.0032047,0.0475,0.5,0.01148,0.00086472,0.0064765,0.013315,0.011008,0.0023064,0.05,0.5,0.01148,0.00021706,0.0030385,0.0055922,0.0049629,0.0006293,0.1,0.5,0.01148,999.0
289,2.88,0.0012071,0.0086654,0.017972,0.014772,0.0032,0.0475,0.5,0.01148,0.00086351,0.0064686,0.013295,0.010992,0.0023029,0.05,0.5,0.01148,0.00021654,0.0030324,0.0055787,0.004951,0.00062764,0.1,0.5,0.01148,999.0
290,2.89,0.0012054,0.0086552,0.017946,0.014751,0.0031953,0.0475,0.5,0.01148,0.00086231,0.0064608,0.013276,0.010976,0.0022994,0.05,0.5,0.01148,0.00021602,0.0030263,0.0055652,0.0049392,0.00062599,0.1,0.5,0.01148,999.0
291,2.9,0.0012038,0.0086451,0.017921,0.01473,0.0031906,0.0475,0.5,0.01148,0.00086111,0.006453,0.013256,0.010961,0.0022959,0.05,0.5,0.01148,0.0002155,0.0030202,0.0055518,0.0049275,0.00062435,0.1,0.5,0.01148,999.0
292,2.91,0.0012022,0.008635,0.017896,0.01471,0.003186,0.0475,0.5,0.01148,0.00085991,0.0064451,0.013237,0.010945,0.0022924,0.05,0.5,0.01148,0.00021498,0.0030141,0.0055385,0.0049157,0.00062272,0.1,0.5,0.01148,999.0
293,2.92,0.0012006,0.0086249,0.017871,0.014689,0.0031814,0.0475,0.5,0.01148,0.00085871,0.0064373,0.013218,0.010929,0.0022889,0.05,0.5,0.01148,0.00021447,0.0030081,0.0055252,0.0049041,0.00062109,0.1,0.5,0.01148,999.0
294,2.93,0.001199,0.0086149,0.017845,0.014669,0.0031767,0.0475,0.5,0.01148,0.00085752,0.0064296,0.013199,0.010913,0.0022855,0.05,0.5,0.01148,0.00021396,0.003002,0.0055119,0.0048924,0.00061947,0.1,0.5,0.01148,999.0
295,2.94,0.0011974,0.0086048,0.01782,0.014648,0.0031721,0.0475,0.5,0.01148,0.00085633,0.0064218,0.013179,0.010897,0.002282,0.05,0.5,0.01148,0.00021345,0.002996,0.0054987,0.0048809,0.00061786,0.1,0.5,0.01148,999.0
296,2.95,0.0011958,0.0085948,0.017795,0.014628,0.0031675,0.0475,0.5,0.01148,0.00085514,0.006414,0.01316,0.010882,0.0022786,0.05,0.5,0.01148,0.00021294,0.00299,0.0054856,0.0048693,0.00061626,0.1,0.5,0.01148,999.0
297,2.96,0.0011942,0.0085847,0.017771,0.014608,0.0031629,0.0475,0.5,0.01148,0.00085396,0.0064063,0.013141,0.010866,0.0022751,0.05,0.5,0.01148,0.00021244,0.002984,0.0054725,0.0048579,0.00061466,0.1,0.5,0.01148,999.0
298,2.97,0.0011926,0.0085747,0.017746,0.014587,0.0031584,0.0475,0.5,0.01148,0.00085278,0.0063985,0.013122,0.01085,0.0022717,0.05,0.5,0.01148,0.00021193,0.002978,0.0054595,0.0048464,0.00061307,0.1,0.5,0.01148,999.0
299,2.98,0.001191,0.0085648,0.017721,0.014567,0.0031538,0.0475,0.5,0.01148,0.0008516,0.0063908,0.013103,0.010835,0.0022683,0.05,0.5,0.01148,0.00021143,0.0029721,0.0054465,0.004835,0.00061149,0.1,0.5,0.01148,999.0
300,2.99,0.0011895,0.0085548,0.017696,0.014547,0.0031492,0.0475,0.5,0.01148,0.00085043,0.0063831,0.013084,0.010819,0.0022649,0.05,0.5,0.01148,0.00021093,0.0029661,0.0054335,0.0048236,0.00060991,0.1,0.5,0.01148,999.0
301,3.0,0.0011879,0.0085448,0.017672,0.014527,0.0031447,0.0475,0.5,0.01148,0.00084925,0.0063754,0.013065,0.010804,0.0022615,0.05,0.5,0.01148,0.00021043,0.0029602,0.0054207,0.0048123,0.00060834,0.1,0.5,0.01148,999.0
