,depths,Eu_480.0,Ed_480.0,Eo_480.0,a_480.0,b_480.0,bb_480.0,Eu_540.0,Ed_540.0,Eo_540.0,a_540.0,b_540.0,bb_540.0,Eu_600.0,Ed_600.0,Eo_600.0,a_600.0,b_600.0,bb_600.0
0,0.0,0.10665,0.11663,0.42131,480.0,480.0,480.0,0.083135,0.10758,0.36054,540.0,540.0,540.0,0.046808,0.098604,0.2759,600.0,600.0,600.0
1,0.0,0.20996,0.21986,0.89141,0.1,500.0,98.35,0.16327,0.18765,0.71719,0.94,500.0,98.35,0.090005,0.14176,0.44795,9.6897,500.0,98.35
2,0.01,0.19039,0.19947,0.7796,0.1,500.0,98.35,0.12487,0.14347,0.53589,0.94,500.0,98.35,0.039019,0.060826,0.19678,9.6897,500.0,98.35
3,0.02,0.17382,0.18215,0.71189,0.1,500.0,98.35,0.095251,0.10944,0.40883,0.94,500.0,98.35,0.016275,0.025367,0.082099,9.6897,500.0,98.35
4,0.03,0.1586,0.16625,0.64964,0.1,500.0,98.35,0.07265,0.083474,0.31183,0.94,500.0,98.35,0.0067848,0.010575,0.034227,9.6897,500.0,98.35
5,0.04,0.14461,0.15164,0.59246,0.1,500.0,98.35,0.055411,0.063667,0.23783,0.94,500.0,98.35,0.0028285,0.0044088,0.014269,9.6897,500.0,98.35
6,0.05,0.13176,0.13822,0.53991,0.1,500.0,98.35,0.042261,0.048559,0.18139,0.94,500.0,98.35,0.0011792,0.001838,0.0059487,9.6897,500.0,98.35
7,0.06,0.11993,0.12588,0.49158,0.1,500.0,98.35,0.032231,0.037035,0.13834,0.94,500.0,98.35,0.00049161,0.00076626,0.00248,9.6897,500.0,98.35
8,0.07,0.10904,0.11452,0.44708,0.1,500.0,98.35,0.02458,0.028244,0.10551,0.94,500.0,98.35,0.00020495,0.00031945,0.0010339,9.6897,500.0,98.35
9,0.08,0.099,0.10405,0.40607,0.1,500.0,98.35,0.018742,0.021538,0.080453,0.94,500.0,98.35,8.5442e-05,0.00013318,0.00043102,9.6897,500.0,98.35
10,0.09,0.089733,0.094398,0.36823,0.1,500.0,98.35,0.014289,0.016422,0.061338,0.94,500.0,98.35,3.562e-05,5.5521e-05,0.00017969,9.6897,500.0,98.35
11,0.1,0.081168,0.085481,0.33327,0.1,500.0,98.35,0.010889,0.012518,0.046751,0.94,500.0,98.35,1.485e-05,2.3146e-05,7.4912e-05,9.6897,500.0,98.35
12,0.11,0.073236,0.077232,0.30091,0.1,500.0,98.35,0.0082937,0.0095373,0.035614,0.94,500.0,98.35,6.1907e-06,9.6494e-06,3.123e-05,9.6897,500.0,98.35
13,0.12,0.065875,0.069585,0.2709,0.1,500.0,98.35,0.0063103,0.0072608,0.027105,0.94,500.0,98.35,2.5809e-06,4.0228e-06,1.302e-05,9.6897,500.0,98.35
14,0.13,0.05903,0.062483,0.24301,0.1,500.0,98.35,0.0047926,0.0055202,0.020598,0.94,500.0,98.35,1.0759e-06,1.6771e-06,5.4277e-06,9.6897,500.0,98.35
15,0.14,0.052644,0.055867,0.21701,0.1,500.0,98.35,0.0036286,0.0041871,0.01561,0.94,500.0,98.35,4.4856e-07,6.9917e-07,2.2628e-06,9.6897,500.0,98.35
16,0.15,0.04667,0.049688,0.1927,0.1,500.0,98.35,0.0027324,0.003163,0.011775,0.94,500.0,98.35,1.8699e-07,2.9147e-07,9.4333e-07,9.6897,500.0,98.35
17,0.16,0.04106,0.043897,0.1699,0.1,500.0,98.35,0.0020379,0.0023723,0.0088086,0.94,500.0,98.35,7.7919e-08,1.2149e-07,3.9315e-07,9.6897,500.0,98.35
18,0.17,0.035771,0.038448,0.14843,0.1,500.0,98.35,0.0014939,0.0017568,0.0064925,0.94,500.0,98.35,3.24e-08,5.0595e-08,1.6363e-07,9.6897,500.0,98.35
19,0.18,0.030761,0.0333,0.12811,0.1,500.0,98.35,0.00106,0.0012709,0.0046555,0.94,500.0,98.35,1.3308e-08,2.0964e-08,6.7569e-08,9.6897,500.0,98.35
20,0.19,0.025991,0.028412,0.1088,0.1,500.0,98.35,0.00070448,0.00087876,0.0031622,0.94,500.0,98.35,5.0685e-09,8.4322e-09,2.6617e-08,9.6897,500.0,98.35
21,0.2,0.021604,0.02392,0.091007,0.1,100.0,19.67,0.00041228,0.00056184,0.0019389,0.94,100.0,19.67,1.0948e-09,2.8706e-09,7.603e-09,9.6897,100.0,19.67
22,0.21,0.02076,0.022987,0.087438,0.1,100.0,19.67,0.00036466,0.00049709,0.0017123,0.94,100.0,19.67,7.1996e-10,1.9002e-09,4.9378e-09,9.6897,100.0,19.67
23,0.22,0.019951,0.022091,0.084028,0.1,100.0,19.67,0.00032285,0.00044013,0.0015156,0.94,100.0,19.67,4.7921e-10,1.267e-09,3.2789e-09,9.6897,100.0,19.67
24,0.23,0.019173,0.021231,0.080752,0.1,100.0,19.67,0.0002859,0.00038976,0.001342,0.94,100.0,19.67,3.1997e-10,8.4658e-10,2.1874e-09,9.6897,100.0,19.67
25,0.24,0.018424,0.020404,0.077603,0.1,100.0,19.67,0.00025319,0.00034518,0.0011884,0.94,100.0,19.67,2.1389e-10,5.6607e-10,1.4617e-09,9.6897,100.0,19.67
26,0.25,0.017705,0.019608,0.074576,0.1,100.0,19.67,0.00022423,0.0003057,0.0010525,0.94,100.0,19.67,1.4304e-10,3.7863e-10,9.7741e-10,9.6897,100.0,19.67
27,0.26,0.017014,0.018844,0.071665,0.1,100.0,19.67,0.00019859,0.00027074,0.00093211,0.94,100.0,19.67,9.5688e-11,2.533e-10,6.5378e-10,9.6897,100.0,19.67
28,0.27,0.016349,0.018108,0.068866,0.1,100.0,19.67,0.00017588,0.00023978,0.00082552,0.94,100.0,19.67,6.4016e-11,1.6946e-10,4.3737e-10,9.6897,100.0,19.67
29,0.28,0.015709,0.017401,0.066175,0.1,100.0,19.67,0.00015577,0.00021236,0.00073111,0.94,100.0,19.67,4.2837e-11,1.134e-10,2.9266e-10,9.6897,100.0,19.67
30,0.29,0.015094,0.016721,0.063586,0.1,100.0,19.67,0.00013795,0.00018807,0.0006475,0.94,100.0,19.67,2.866e-11,7.5872e-11,1.9581e-10,9.6897,100.0,19.67
31,0.3,0.014502,0.016067,0.061097,0.1,100.0,19.67,0.00012218,0.00016656,0.00057345,0.94,100.0,19.67,1.9176e-11,5.0763e-11,1.3101e-10,9.6897,100.0,19.67
32,0.31,0.013933,0.015438,0.058704,0.1,100.0,19.67,0.0001082,0.00014751,0.00050787,0.94,100.0,19.67,1.283e-11,3.3965e-11,8.7655e-11,9.6897,100.0,19.67
33,0.32,0.013386,0.014834,0.056402,0.1,100.0,19.67,9.5829e-05,0.00013065,0.00044979,0.94,100.0,19.67,8.5842e-12,2.2725e-11,5.8647e-11,9.6897,100.0,19.67
34,0.33,0.01286,0.014252,0.054187,0.1,100.0,19.67,8.487e-05,0.0001157,0.00039835,0.94,100.0,19.67,5.8029e-12,1.5362e-11,3.9646e-11,9.6897,100.0,19.67
35,0.34,0.012354,0.013693,0.052058,0.1,100.0,19.67,7.5164e-05,0.00010247,0.0003528,0.94,100.0,19.67,3.8826e-12,1.0278e-11,2.6526e-11,9.6897,100.0,19.67
36,0.35000000000000003,0.011867,0.013155,0.050009,0.1,100.0,19.67,6.6569e-05,9.0754e-05,0.00031245,0.94,100.0,19.67,2.5977e-12,6.877e-12,1.7748e-11,9.6897,100.0,19.67
37,0.36,0.011398,0.012637,0.048039,0.1,100.0,19.67,5.8956e-05,8.0376e-05,0.00027672,0.94,100.0,19.67,1.7381e-12,4.6013e-12,1.1875e-11,9.6897,100.0,19.67
38,0.37,0.010948,0.01214,0.046143,0.1,100.0,19.67,5.2214e-05,7.1184e-05,0.00024508,0.94,100.0,19.67,1.1629e-12,3.0786e-12,7.9451e-12,9.6897,100.0,19.67
39,0.38,0.010514,0.011661,0.04432,0.1,100.0,19.67,4.6243e-05,6.3043e-05,0.00021705,0.94,100.0,19.67,7.7803e-13,2.0597e-12,5.3155e-12,9.6897,100.0,19.67
40,0.39,0.010097,0.0112,0.042566,0.1,100.0,19.67,4.0954e-05,5.5834e-05,0.00019223,0.94,100.0,19.67,5.2057e-13,1.3781e-12,3.5565e-12,9.6897,100.0,19.67
41,0.4,0.0096957,0.010757,0.040878,0.1,100.0,19.67,3.6271e-05,4.9449e-05,0.00017024,0.94,100.0,19.67,3.483e-13,9.2205e-13,2.3796e-12,9.6897,100.0,19.67
42,0.41000000000000003,0.0093094,0.010331,0.039254,0.1,100.0,19.67,3.2123e-05,4.3794e-05,0.00015077,0.94,100.0,19.67,2.3305e-13,6.1695e-13,1.5922e-12,9.6897,100.0,19.67
43,0.42,0.0089377,0.0099206,0.037691,0.1,100.0,19.67,2.8449e-05,3.8785e-05,0.00013353,0.94,100.0,19.67,1.5593e-13,4.1279e-13,1.0653e-12,9.6897,100.0,19.67
44,0.43,0.0085798,0.0095259,0.036187,0.1,100.0,19.67,2.5195e-05,3.435e-05,0.00011826,0.94,100.0,19.67,1.0433e-13,2.7619e-13,7.1278e-13,9.6897,100.0,19.67
45,0.44,0.0082354,0.009146,0.034739,0.1,100.0,19.67,2.2314e-05,3.0421e-05,0.00010473,0.94,100.0,19.67,6.981e-14,1.8481e-13,4.7694e-13,9.6897,100.0,19.67
46,0.45,0.0079038,0.0087804,0.033346,0.1,100.0,19.67,1.9762e-05,2.6942e-05,9.2756e-05,0.94,100.0,19.67,4.6709e-14,1.2365e-13,3.1911e-13,9.6897,100.0,19.67
47,0.46,0.0075846,0.0084284,0.032004,0.1,100.0,19.67,1.7501e-05,2.3861e-05,8.2148e-05,0.94,100.0,19.67,3.1253e-14,8.2736e-14,2.1352e-13,9.6897,100.0,19.67
48,0.47000000000000003,0.0072772,0.0080897,0.030713,0.1,100.0,19.67,1.5499e-05,2.1132e-05,7.2752e-05,0.94,100.0,19.67,2.091e-14,5.5355e-14,1.4286e-13,9.6897,100.0,19.67
49,0.48,0.0069811,0.0077635,0.029469,0.1,100.0,19.67,1.3726e-05,1.8715e-05,6.443e-05,0.94,100.0,19.67,1.399e-14,3.7036e-14,9.5581e-14,9.6897,100.0,19.67
50,0.49,0.006696,0.0074495,0.028272,0.1,100.0,19.67,1.2156e-05,1.6574e-05,5.706e-05,0.94,100.0,19.67,9.3609e-15,2.4781e-14,6.3954e-14,9.6897,100.0,19.67
51,0.5,0.0064213,0.0071471,0.027118,0.1,100.0,19.67,1.0765e-05,1.4678e-05,5.0533e-05,0.94,100.0,19.67,6.2632e-15,1.658e-14,4.279e-14,9.6897,100.0,19.67
52,0.51,0.0061566,0.0068558,0.026007,0.1,100.0,19.67,9.5336e-06,1.2999e-05,4.4752e-05,0.94,100.0,19.67,4.1905e-15,1.1093e-14,2.8629e-14,9.6897,100.0,19.67
53,0.52,0.0059015,0.0065753,0.024936,0.1,100.0,19.67,8.4426e-06,1.1512e-05,3.9631e-05,0.94,100.0,19.67,2.8038e-15,7.4225e-15,1.9156e-14,9.6897,100.0,19.67
54,0.53,0.0056556,0.0063049,0.023905,0.1,100.0,19.67,7.4762e-06,1.0195e-05,3.5096e-05,0.94,100.0,19.67,1.876e-15,4.9663e-15,1.2817e-14,9.6897,100.0,19.67
55,0.54,0.0054185,0.0060445,0.02291,0.1,100.0,19.67,6.6202e-06,9.0283e-06,3.1079e-05,0.94,100.0,19.67,1.2551e-15,3.3227e-15,8.5752e-15,9.6897,100.0,19.67
56,0.55,0.0051899,0.0057934,0.021952,0.1,100.0,19.67,5.8621e-06,7.9952e-06,2.7521e-05,0.94,100.0,19.67,8.3979e-16,2.2232e-15,5.7375e-15,9.6897,100.0,19.67
57,0.56,0.0049694,0.0055514,0.021027,0.1,100.0,19.67,5.1904e-06,7.0799e-06,2.437e-05,0.94,100.0,19.67,5.6187e-16,1.4874e-15,3.8387e-15,9.6897,100.0,19.67
58,0.5700000000000001,0.0047566,0.0053181,0.020136,0.1,100.0,19.67,4.5954e-06,6.2692e-06,2.1578e-05,0.94,100.0,19.67,3.7594e-16,9.9522e-16,2.5684e-15,9.6897,100.0,19.67
59,0.58,0.0045513,0.005093,0.019275,0.1,100.0,19.67,4.0683e-06,5.551e-06,1.9105e-05,0.94,100.0,19.67,2.5153e-16,6.6587e-16,1.7185e-15,9.6897,100.0,19.67
60,0.59,0.004353,0.0048759,0.018445,0.1,100.0,19.67,3.6012e-06,4.9149e-06,1.6913e-05,0.94,100.0,19.67,1.6829e-16,4.4552e-16,1.1498e-15,9.6897,100.0,19.67
61,0.6,0.0041615,0.0046664,0.017644,0.1,100.0,19.67,3.1873e-06,4.3513e-06,1.4972e-05,0.94,100.0,19.67,1.1261e-16,2.9811e-16,7.6936e-16,9.6897,100.0,19.67
62,0.61,0.0039766,0.0044642,0.01687,0.1,100.0,19.67,2.8205e-06,3.852e-06,1.3252e-05,0.94,100.0,19.67,7.5344e-17,1.9946e-16,5.1475e-16,9.6897,100.0,19.67
63,0.62,0.0037979,0.0042689,0.016123,0.1,100.0,19.67,2.4953e-06,3.4096e-06,1.1728e-05,0.94,100.0,19.67,5.041e-17,1.3345e-16,3.444e-16,9.6897,100.0,19.67
64,0.63,0.003625,0.0040803,0.0154,0.1,100.0,19.67,2.207e-06,3.0175e-06,1.0376e-05,0.94,100.0,19.67,3.3728e-17,8.9287e-17,2.3043e-16,9.6897,100.0,19.67
65,0.64,0.0034578,0.0038981,0.014702,0.1,100.0,19.67,1.9513e-06,2.67e-06,9.1781e-06,0.94,100.0,19.67,2.2566e-17,5.9739e-17,1.5417e-16,9.6897,100.0,19.67
66,0.65,0.0032961,0.003722,0.014026,0.1,100.0,19.67,1.7244e-06,2.3619e-06,8.1155e-06,0.94,100.0,19.67,1.5098e-17,3.9969e-17,1.0315e-16,9.6897,100.0,19.67
67,0.66,0.0031394,0.0035516,0.013373,0.1,100.0,19.67,1.5229e-06,2.0886e-06,7.1727e-06,0.94,100.0,19.67,1.0102e-17,2.6742e-17,6.9015e-17,9.6897,100.0,19.67
68,0.67,0.0029877,0.0033868,0.01274,0.1,100.0,19.67,1.3439e-06,1.8463e-06,6.3359e-06,0.94,100.0,19.67,6.7588e-18,1.7893e-17,4.6176e-17,9.6897,100.0,19.67
69,0.68,0.0028406,0.0032273,0.012128,0.1,100.0,19.67,1.1848e-06,1.6311e-06,5.5926e-06,0.94,100.0,19.67,4.522e-18,1.1971e-17,3.0895e-17,9.6897,100.0,19.67
70,0.6900000000000001,0.002698,0.0030728,0.011534,0.1,100.0,19.67,1.0432e-06,1.4401e-06,4.9319e-06,0.94,100.0,19.67,3.0254e-18,8.0097e-18,2.0671e-17,9.6897,100.0,19.67
71,0.7000000000000001,0.0025595,0.0029232,0.010958,0.1,100.0,19.67,9.1694e-07,1.2703e-06,4.344e-06,0.94,100.0,19.67,2.0241e-18,5.3591e-18,1.383e-17,9.6897,100.0,19.67
72,0.71,0.0024251,0.002778,0.010399,0.1,100.0,19.67,8.0425e-07,1.1193e-06,3.8203e-06,0.94,100.0,19.67,1.3539e-18,3.5854e-18,9.2523e-18,9.6897,100.0,19.67
73,0.72,0.0022944,0.0026372,0.0098566,0.1,100.0,19.67,7.0344e-07,9.8482e-07,3.353e-06,0.94,100.0,19.67,9.0546e-19,2.3987e-18,6.1894e-18,9.6897,100.0,19.67
74,0.73,0.0021673,0.0025006,0.0093295,0.1,100.0,19.67,6.1301e-07,8.6488e-07,2.9352e-06,0.94,100.0,19.67,6.0519e-19,1.6047e-18,4.1395e-18,9.6897,100.0,19.67
75,0.74,0.0020436,0.0023678,0.0088169,0.1,100.0,19.67,5.3164e-07,7.5771e-07,2.5607e-06,0.94,100.0,19.67,4.0397e-19,1.0733e-18,2.7672e-18,9.6897,100.0,19.67
76,0.75,0.0019231,0.0022387,0.008318,0.1,100.0,19.67,4.5812e-07,6.6171e-07,2.224e-06,0.94,100.0,19.67,2.6888e-19,7.1758e-19,1.8478e-18,9.6897,100.0,19.67
77,0.76,0.0018056,0.0021131,0.0078321,0.1,100.0,19.67,3.9136e-07,5.755e-07,1.9202e-06,0.94,100.0,19.67,1.7779e-19,4.7932e-19,1.2309e-18,9.6897,100.0,19.67
78,0.77,0.0016909,0.0019908,0.0073584,0.1,100.0,19.67,3.3036e-07,4.9777e-07,1.6446e-06,0.94,100.0,19.67,1.158e-19,3.1951e-19,8.1534e-19,9.6897,100.0,19.67
79,0.78,0.0015788,0.0018716,0.0068959,0.1,100.0,19.67,2.7421e-07,4.2736e-07,1.3931e-06,0.94,100.0,19.67,7.2711e-20,2.1196e-19,5.3302e-19,9.6897,100.0,19.67
80,0.79,0.0014691,0.0017552,0.0064433,0.1,100.0,19.67,2.2198e-07,3.6314e-07,1.161e-06,0.94,100.0,19.67,4.1375e-20,1.3902e-19,3.3701e-19,9.6897,100.0,19.67
81,0.8,0.0013651,0.0016448,0.0060099,0.1,30.0,5.901,1.7428e-07,3.0527e-07,9.4494e-07,0.94,30.0,5.901,1.6964e-20,8.8865e-20,1.8974e-19,9.6897,30.0,5.901
82,0.81,0.0013352,0.001609,0.0058766,0.1,30.0,5.901,1.626e-07,2.8502e-07,8.7895e-07,0.94,30.0,5.901,1.3003e-20,6.8969e-20,1.4282e-19,9.6897,30.0,5.901
83,0.8200000000000001,0.0013062,0.0015741,0.005748,0.1,30.0,5.901,1.5185e-07,2.6629e-07,8.1969e-07,0.94,30.0,5.901,1.0095e-20,5.3883e-20,1.102e-19,9.6897,30.0,5.901
84,0.8300000000000001,0.0012778,0.00154,0.0056228,0.1,30.0,5.901,1.4188e-07,2.4887e-07,7.6533e-07,0.94,30.0,5.901,7.8808e-21,4.223e-20,8.5738e-20,9.6897,30.0,5.901
85,0.84,0.00125,0.0015067,0.0055006,0.1,30.0,5.901,1.326e-07,2.3264e-07,7.1497e-07,0.94,30.0,5.901,6.1714e-21,3.316e-20,6.6997e-20,9.6897,30.0,5.901
86,0.85,0.0012228,0.0014741,0.0053812,0.1,30.0,5.901,1.2395e-07,2.1749e-07,6.6813e-07,0.94,30.0,5.901,4.8428e-21,2.6072e-20,5.2496e-20,9.6897,30.0,5.901
87,0.86,0.0011963,0.0014422,0.0052644,0.1,30.0,5.901,1.1588e-07,2.0334e-07,6.2448e-07,0.94,30.0,5.901,3.8055e-21,2.0518e-20,4.1208e-20,9.6897,30.0,5.901
88,0.87,0.0011703,0.001411,0.0051502,0.1,30.0,5.901,1.0834e-07,1.9013e-07,5.8378e-07,0.94,30.0,5.901,2.9936e-21,1.6158e-20,3.2391e-20,9.6897,30.0,5.901
89,0.88,0.0011448,0.0013805,0.0050384,0.1,30.0,5.901,1.013e-07,1.7778e-07,5.4578e-07,0.94,30.0,5.901,2.3567e-21,1.2731e-20,2.5484e-20,9.6897,30.0,5.901
90,0.89,0.0011199,0.0013506,0.0049291,0.1,30.0,5.901,9.4718e-08,1.6624e-07,5.1029e-07,0.94,30.0,5.901,1.8563e-21,1.0035e-20,2.0064e-20,9.6897,30.0,5.901
91,0.9,0.0010956,0.0013213,0.004822,0.1,30.0,5.901,8.8569e-08,1.5545e-07,4.7713e-07,0.94,30.0,5.901,1.4626e-21,7.9104e-21,1.5803e-20,9.6897,30.0,5.901
92,0.91,0.0010717,0.0012927,0.0047173,0.1,30.0,5.901,8.282e-08,1.4537e-07,4.4615e-07,0.94,30.0,5.901,1.1529e-21,6.2385e-21,1.2454e-20,9.6897,30.0,5.901
93,0.92,0.0010484,0.0012647,0.0046148,0.1,30.0,5.901,7.7447e-08,1.3594e-07,4.1718e-07,0.94,30.0,5.901,9.0909e-22,4.9206e-21,9.8176e-21,9.6897,30.0,5.901
94,0.93,0.0010255,0.0012373,0.0045144,0.1,30.0,5.901,7.2422e-08,1.2712e-07,3.9011e-07,0.94,30.0,5.901,7.1696e-22,3.8818e-21,7.7414e-21,9.6897,30.0,5.901
95,0.9400000000000001,0.0010031,0.0012104,0.0044162,0.1,30.0,5.901,6.7725e-08,1.1888e-07,3.648e-07,0.94,30.0,5.901,5.6555e-22,3.0626e-21,6.1056e-21,9.6897,30.0,5.901
96,0.9500000000000001,0.0009812,0.0011841,0.0043201,0.1,30.0,5.901,6.3333e-08,1.1117e-07,3.4114e-07,0.94,30.0,5.901,4.4617e-22,2.4166e-21,4.8163e-21,9.6897,30.0,5.901
97,0.96,0.00095976,0.0011584,0.004226,0.1,30.0,5.901,5.9226e-08,1.0396e-07,3.1901e-07,0.94,30.0,5.901,3.5204e-22,1.907e-21,3.7998e-21,9.6897,30.0,5.901
98,0.97,0.00093876,0.0011332,0.0041339,0.1,30.0,5.901,5.5385e-08,9.7218e-08,2.9832e-07,0.94,30.0,5.901,2.7779e-22,1.505e-21,2.9982e-21,9.6897,30.0,5.901
99,0.98,0.0009182,0.0011086,0.0040437,0.1,30.0,5.901,5.1793e-08,9.0913e-08,2.7897e-07,0.94,30.0,5.901,2.1922e-22,1.1878e-21,2.3658e-21,9.6897,30.0,5.901
100,0.99,0.00089807,0.0010845,0.0039554,0.1,30.0,5.901,4.8435e-08,8.5019e-08,2.6088e-07,0.94,30.0,5.901,1.73e-22,9.3747e-22,1.867e-21,9.6897,30.0,5.901
101,1.0,0.00087837,0.0010608,0.0038689,0.1,30.0,5.901,4.5294e-08,7.9506e-08,2.4397e-07,0.94,30.0,5.901,1.3654e-22,7.3992e-22,1.4734e-21,9.6897,30.0,5.901
102,1.01,0.00085907,0.0010377,0.0037843,0.1,30.0,5.901,4.2358e-08,7.4351e-08,2.2815e-07,0.94,30.0,5.901,1.0776e-22,5.8402e-22,1.1629e-21,9.6897,30.0,5.901
103,1.02,0.00084018,0.0010151,0.0037015,0.1,30.0,5.901,3.9611e-08,6.9531e-08,2.1336e-07,0.94,30.0,5.901,8.5057e-23,4.6098e-22,9.1782e-22,9.6897,30.0,5.901
104,1.03,0.00082169,0.00099293,0.0036203,0.1,30.0,5.901,3.7043e-08,6.5023e-08,1.9952e-07,0.94,30.0,5.901,6.7134e-23,3.6385e-22,7.244e-22,9.6897,30.0,5.901
105,1.04,0.00080357,0.00097124,0.0035409,0.1,30.0,5.901,3.4641e-08,6.0807e-08,1.8659e-07,0.94,30.0,5.901,5.2989e-23,2.872e-22,5.7176e-22,9.6897,30.0,5.901
106,1.05,0.00078584,0.00095,0.0034632,0.1,30.0,5.901,3.2395e-08,5.6865e-08,1.7449e-07,0.94,30.0,5.901,4.182e-23,2.2667e-22,4.5123e-22,9.6897,30.0,5.901
107,1.06,0.00076847,0.00092921,0.003387,0.1,30.0,5.901,3.0295e-08,5.3178e-08,1.6317e-07,0.94,30.0,5.901,3.301e-23,1.7893e-22,3.5618e-22,9.6897,30.0,5.901
108,1.07,0.00075146,0.00090885,0.0033125,0.1,30.0,5.901,2.8331e-08,4.973e-08,1.5259e-07,0.94,30.0,5.901,2.6053e-23,1.4122e-22,2.811e-22,9.6897,30.0,5.901
109,1.08,0.00073481,0.00088892,0.0032395,0.1,30.0,5.901,2.6494e-08,4.6506e-08,1.427e-07,0.94,30.0,5.901,2.0566e-23,1.1148e-22,2.219e-22,9.6897,30.0,5.901
110,1.09,0.0007185,0.0008694,0.003168,0.1,30.0,5.901,2.4776e-08,4.349e-08,1.3345e-07,0.94,30.0,5.901,1.6234e-23,8.7997e-23,1.7516e-22,9.6897,30.0,5.901
111,1.1,0.00070252,0.0008503,0.003098,0.1,30.0,5.901,2.3169e-08,4.067e-08,1.248e-07,0.94,30.0,5.901,1.2815e-23,6.9464e-23,1.3827e-22,9.6897,30.0,5.901
112,1.11,0.00068688,0.00083159,0.0030295,0.1,30.0,5.901,2.1667e-08,3.8034e-08,1.167e-07,0.94,30.0,5.901,1.0116e-23,5.4835e-23,1.0914e-22,9.6897,30.0,5.901
113,1.12,0.00067156,0.00081327,0.0029624,0.1,30.0,5.901,2.0263e-08,3.5568e-08,1.0914e-07,0.94,30.0,5.901,7.9853e-24,4.3286e-23,8.6156e-23,9.6897,30.0,5.901
114,1.1300000000000001,0.00065655,0.00079533,0.0028966,0.1,30.0,5.901,1.8949e-08,3.3262e-08,1.0206e-07,0.94,30.0,5.901,6.3035e-24,3.417e-23,6.8011e-23,9.6897,30.0,5.901
115,1.1400000000000001,0.00064185,0.00077777,0.0028323,0.1,30.0,5.901,1.7721e-08,3.1106e-08,9.5447e-08,0.94,30.0,5.901,4.976e-24,2.6974e-23,5.3687e-23,9.6897,30.0,5.901
116,1.1500000000000001,0.00062745,0.00076056,0.0027692,0.1,30.0,5.901,1.6572e-08,2.9089e-08,8.9258e-08,0.94,30.0,5.901,3.928e-24,2.1293e-23,4.238e-23,9.6897,30.0,5.901
117,1.16,0.00061334,0.00074372,0.0027075,0.1,30.0,5.901,1.5497e-08,2.7203e-08,8.3471e-08,0.94,30.0,5.901,3.1008e-24,1.6809e-23,3.3455e-23,9.6897,30.0,5.901
118,1.17,0.00059953,0.00072723,0.002647,0.1,30.0,5.901,1.4492e-08,2.5439e-08,7.8059e-08,0.94,30.0,5.901,2.448e-24,1.327e-23,2.6412e-23,9.6897,30.0,5.901
119,1.18,0.00058599,0.00071107,0.0025878,0.1,30.0,5.901,1.3553e-08,2.379e-08,7.2998e-08,0.94,30.0,5.901,1.9325e-24,1.0476e-23,2.085e-23,9.6897,30.0,5.901
120,1.19,0.00057273,0.00069525,0.0025298,0.1,30.0,5.901,1.2674e-08,2.2248e-08,6.8266e-08,0.94,30.0,5.901,1.5255e-24,8.2696e-24,1.6459e-23,9.6897,30.0,5.901
121,1.2,0.00055973,0.00067976,0.0024729,0.1,30.0,5.901,1.1852e-08,2.0805e-08,6.384e-08,0.94,30.0,5.901,1.2042e-24,6.528e-24,1.2993e-23,9.6897,30.0,5.901
122,1.21,0.000547,0.00066458,0.0024172,0.1,30.0,5.901,1.1084e-08,1.9456e-08,5.9701e-08,0.94,30.0,5.901,9.5062e-25,5.1532e-24,1.0256e-23,9.6897,30.0,5.901
123,1.22,0.00053453,0.00064971,0.0023627,0.1,30.0,5.901,1.0365e-08,1.8195e-08,5.583e-08,0.94,30.0,5.901,7.5044e-25,4.068e-24,8.0966e-24,9.6897,30.0,5.901
124,1.23,0.0005223,0.00063515,0.0023092,0.1,30.0,5.901,9.6932e-09,1.7015e-08,5.221e-08,0.94,30.0,5.901,5.9241e-25,3.2114e-24,6.3916e-24,9.6897,30.0,5.901
125,1.24,0.00051032,0.00062089,0.0022569,0.1,30.0,5.901,9.0647e-09,1.5912e-08,4.8825e-08,0.94,30.0,5.901,4.6765e-25,2.5351e-24,5.0455e-24,9.6897,30.0,5.901
126,1.25,0.00049858,0.00060692,0.0022056,0.1,30.0,5.901,8.4769e-09,1.488e-08,4.5659e-08,0.94,30.0,5.901,3.6917e-25,2.0012e-24,3.983e-24,9.6897,30.0,5.901
127,1.26,0.00048708,0.00059324,0.0021553,0.1,30.0,5.901,7.9273e-09,1.3916e-08,4.2699e-08,0.94,30.0,5.901,2.9143e-25,1.5798e-24,3.1443e-24,9.6897,30.0,5.901
128,1.27,0.0004758,0.00057983,0.0021061,0.1,30.0,5.901,7.4133e-09,1.3013e-08,3.993e-08,0.94,30.0,5.901,2.3006e-25,1.2471e-24,2.4821e-24,9.6897,30.0,5.901
129,1.28,0.00046474,0.00056669,0.0020578,0.1,30.0,5.901,6.9327e-09,1.217e-08,3.7341e-08,0.94,30.0,5.901,1.8161e-25,9.8447e-25,1.9594e-24,9.6897,30.0,5.901
130,1.29,0.00045391,0.00055382,0.0020105,0.1,30.0,5.901,6.4831e-09,1.1381e-08,3.492e-08,0.94,30.0,5.901,1.4337e-25,7.7718e-25,1.5468e-24,9.6897,30.0,5.901
131,1.3,0.00044328,0.00054121,0.0019642,0.1,30.0,5.901,6.0627e-09,1.0643e-08,3.2656e-08,0.94,30.0,5.901,1.1316e-25,6.1341e-25,1.2209e-24,9.6897,30.0,5.901
132,1.31,0.00043287,0.00052885,0.0019187,0.1,30.0,5.901,5.6696e-09,9.9526e-09,3.0539e-08,0.94,30.0,5.901,8.9327e-26,4.8423e-25,9.6376e-25,9.6897,30.0,5.901
133,1.32,0.00042265,0.00051674,0.0018742,0.1,30.0,5.901,5.3019e-09,9.3073e-09,2.8558e-08,0.94,30.0,5.901,7.0516e-26,3.8226e-25,7.6081e-25,9.6897,30.0,5.901
134,1.33,0.00041264,0.00050487,0.0018305,0.1,30.0,5.901,4.9581e-09,8.7038e-09,2.6707e-08,0.94,30.0,5.901,5.5666e-26,3.0176e-25,6.0058e-25,9.6897,30.0,5.901
135,1.34,0.00040282,0.00049324,0.0017877,0.1,30.0,5.901,4.6366e-09,8.1395e-09,2.4975e-08,0.94,30.0,5.901,4.3943e-26,2.3821e-25,4.741e-25,9.6897,30.0,5.901
136,1.35,0.00039318,0.00048184,0.0017458,0.1,30.0,5.901,4.3359e-09,7.6117e-09,2.3355e-08,0.94,30.0,5.901,3.4689e-26,1.8805e-25,3.7426e-25,9.6897,30.0,5.901
137,1.36,0.00038373,0.00047066,0.0017046,0.1,30.0,5.901,4.0547e-09,7.1181e-09,2.1841e-08,0.94,30.0,5.901,2.7384e-26,1.4844e-25,2.9544e-25,9.6897,30.0,5.901
138,1.37,0.00037446,0.00045971,0.0016643,0.1,30.0,5.901,3.7917e-09,6.6566e-09,2.0424e-08,0.94,30.0,5.901,2.1617e-26,1.1718e-25,2.3322e-25,9.6897,30.0,5.901
139,1.3800000000000001,0.00036537,0.00044897,0.0016247,0.1,30.0,5.901,3.5458e-09,6.225e-09,1.91e-08,0.94,30.0,5.901,1.7065e-26,9.2505e-26,1.8411e-25,9.6897,30.0,5.901
140,1.3900000000000001,0.00035645,0.00043844,0.0015859,0.1,30.0,5.901,3.3158e-09,5.8213e-09,1.7861e-08,0.94,30.0,5.901,1.3471e-26,7.3024e-26,1.4534e-25,9.6897,30.0,5.901
141,1.4000000000000001,0.00034769,0.00042812,0.0015478,0.1,30.0,5.901,3.1007e-09,5.4439e-09,1.6703e-08,0.94,30.0,5.901,1.0634e-26,5.7646e-26,1.1473e-25,9.6897,30.0,5.901
142,1.41,0.0003391,0.000418,0.0015105,0.1,30.0,5.901,2.8995e-09,5.0908e-09,1.562e-08,0.94,30.0,5.901,8.3945e-27,4.5506e-26,9.0569e-26,9.6897,30.0,5.901
143,1.42,0.00033066,0.00040807,0.0014739,0.1,30.0,5.901,2.7114e-09,4.7607e-09,1.4607e-08,0.94,30.0,5.901,6.6267e-27,3.5923e-26,7.1496e-26,9.6897,30.0,5.901
144,1.43,0.00032239,0.00039834,0.0014379,0.1,30.0,5.901,2.5355e-09,4.452e-09,1.3659e-08,0.94,30.0,5.901,5.2311e-27,2.8358e-26,5.6439e-26,9.6897,30.0,5.901
145,1.44,0.00031426,0.00038879,0.0014027,0.1,30.0,5.901,2.3709e-09,4.1632e-09,1.2773e-08,0.94,30.0,5.901,4.1295e-27,2.2386e-26,4.4554e-26,9.6897,30.0,5.901
146,1.45,0.00030628,0.00037942,0.0013681,0.1,30.0,5.901,2.2171e-09,3.8932e-09,1.1944e-08,0.94,30.0,5.901,3.2599e-27,1.7672e-26,3.5172e-26,9.6897,30.0,5.901
147,1.46,0.00029844,0.00037024,0.0013341,0.1,30.0,5.901,2.0732e-09,3.6407e-09,1.117e-08,0.94,30.0,5.901,2.5734e-27,1.395e-26,2.7764e-26,9.6897,30.0,5.901
148,1.47,0.00029075,0.00036122,0.0013008,0.1,30.0,5.901,1.9386e-09,3.4046e-09,1.0445e-08,0.94,30.0,5.901,2.0314e-27,1.1012e-26,2.1917e-26,9.6897,30.0,5.901
149,1.48,0.00028319,0.00035238,0.001268,0.1,30.0,5.901,1.8127e-09,3.1838e-09,9.7671e-09,0.94,30.0,5.901,1.6037e-27,8.6934e-27,1.7302e-26,9.6897,30.0,5.901
150,1.49,0.00027576,0.0003437,0.0012359,0.1,30.0,5.901,1.695e-09,2.9772e-09,9.1333e-09,0.94,30.0,5.901,1.2659e-27,6.8625e-27,1.3658e-26,9.6897,30.0,5.901
151,1.5,0.00026846,0.00033518,0.0012043,0.1,30.0,5.901,1.5849e-09,2.7841e-09,8.5405e-09,0.94,30.0,5.901,9.9935e-28,5.4174e-27,1.0782e-26,9.6897,30.0,5.901
152,1.51,0.00026129,0.00032682,0.0011733,0.1,30.0,5.901,1.4819e-09,2.6035e-09,7.9861e-09,0.94,30.0,5.901,7.8889e-28,4.2765e-27,8.5114e-27,9.6897,30.0,5.901
153,1.52,0.00025424,0.00031861,0.0011429,0.1,30.0,5.901,1.3855e-09,2.4345e-09,7.4675e-09,0.94,30.0,5.901,6.2275e-28,3.3759e-27,6.719e-27,9.6897,30.0,5.901
154,1.53,0.00024731,0.00031055,0.001113,0.1,30.0,5.901,1.2954e-09,2.2765e-09,6.9826e-09,0.94,30.0,5.901,4.9153e-28,2.6645e-27,5.3031e-27,9.6897,30.0,5.901
155,1.54,0.00024049,0.00030264,0.0010836,0.1,30.0,5.901,1.2112e-09,2.1288e-09,6.5289e-09,0.94,30.0,5.901,3.8795e-28,2.1031e-27,4.1857e-27,9.6897,30.0,5.901
156,1.55,0.00023379,0.00029487,0.0010547,0.1,30.0,5.901,1.1323e-09,1.9906e-09,6.1047e-09,0.94,30.0,5.901,3.0625e-28,1.6602e-27,3.3042e-27,9.6897,30.0,5.901
157,1.56,0.0002272,0.00028724,0.0010264,0.1,30.0,5.901,1.0586e-09,1.8613e-09,5.7078e-09,0.94,30.0,5.901,2.4177e-28,1.3106e-27,2.6084e-27,9.6897,30.0,5.901
158,1.57,0.00022071,0.00027974,0.00099845,0.1,30.0,5.901,9.8956e-10,1.7404e-09,5.3366e-09,0.94,30.0,5.901,1.9086e-28,1.0346e-27,2.0592e-27,9.6897,30.0,5.901
159,1.58,0.00021433,0.00027237,0.00097102,0.1,30.0,5.901,9.2501e-10,1.6274e-09,4.9894e-09,0.94,30.0,5.901,1.5067e-28,8.1675e-28,1.6255e-27,9.6897,30.0,5.901
160,1.59,0.00020805,0.00026513,0.00094404,0.1,30.0,5.901,8.6462e-10,1.5216e-09,4.6647e-09,0.94,30.0,5.901,1.1894e-28,6.4475e-28,1.2832e-27,9.6897,30.0,5.901
161,1.6,0.00020186,0.00025802,0.00091751,0.1,30.0,5.901,8.0812e-10,1.4227e-09,4.3609e-09,0.94,30.0,5.901,9.389e-29,5.0897e-28,1.013e-27,9.6897,30.0,5.901
162,1.61,0.00019577,0.00025102,0.0008914,0.1,30.0,5.901,7.5525e-10,1.3302e-09,4.0767e-09,0.94,30.0,5.901,7.4118e-29,4.0179e-28,7.9967e-28,9.6897,30.0,5.901
163,1.62,0.00018978,0.00024414,0.00086572,0.1,30.0,5.901,7.0578e-10,1.2437e-09,3.8109e-09,0.94,30.0,5.901,5.8511e-29,3.1718e-28,6.3128e-28,9.6897,30.0,5.901
164,1.6300000000000001,0.00018387,0.00023738,0.00084043,0.1,30.0,5.901,6.5948e-10,1.1627e-09,3.5621e-09,0.94,30.0,5.901,4.619e-29,2.5039e-28,4.9834e-28,9.6897,30.0,5.901
165,1.6400000000000001,0.00017804,0.00023073,0.00081555,0.1,30.0,5.901,6.1614e-10,1.087e-09,3.3294e-09,0.94,30.0,5.901,3.6462e-29,1.9766e-28,3.934e-28,9.6897,30.0,5.901
166,1.6500000000000001,0.0001723,0.00022419,0.00079104,0.1,30.0,5.901,5.7558e-10,1.0162e-09,3.1116e-09,0.94,30.0,5.901,2.8784e-29,1.5604e-28,3.1055e-28,9.6897,30.0,5.901
167,1.6600000000000001,0.00016664,0.00021775,0.00076691,0.1,30.0,5.901,5.376e-10,9.4994e-10,2.9079e-09,0.94,30.0,5.901,2.2723e-29,1.2318e-28,2.4516e-28,9.6897,30.0,5.901
168,1.67,0.00016106,0.00021141,0.00074314,0.1,30.0,5.901,5.0203e-10,8.8795e-10,2.7171e-09,0.94,30.0,5.901,1.7938e-29,9.7238e-29,1.9353e-28,9.6897,30.0,5.901
169,1.68,0.00015556,0.00020518,0.00071971,0.1,30.0,5.901,4.6872e-10,8.2995e-10,2.5387e-09,0.94,30.0,5.901,1.416e-29,7.676e-29,1.5277e-28,9.6897,30.0,5.901
170,1.69,0.00015013,0.00019904,0.00069662,0.1,30.0,5.901,4.3752e-10,7.7568e-10,2.3716e-09,0.94,30.0,5.901,1.1178e-29,6.0595e-29,1.206e-28,9.6897,30.0,5.901
171,1.7,0.00014477,0.00019299,0.00067386,0.1,30.0,5.901,4.0829e-10,7.2489e-10,2.2152e-09,0.94,30.0,5.901,8.8241e-30,4.7835e-29,9.5204e-29,9.6897,30.0,5.901
172,1.71,0.00013947,0.00018703,0.00065141,0.1,30.0,5.901,3.8089e-10,6.7737e-10,2.0687e-09,0.94,30.0,5.901,6.9661e-30,3.7763e-29,7.5158e-29,9.6897,30.0,5.901
173,1.72,0.00013424,0.00018117,0.00062927,0.1,30.0,5.901,3.552e-10,6.3288e-10,1.9315e-09,0.94,30.0,5.901,5.4991e-30,2.981e-29,5.933e-29,9.6897,30.0,5.901
174,1.73,0.00012908,0.00017538,0.00060743,0.1,30.0,5.901,3.3111e-10,5.9125e-10,1.803e-09,0.94,30.0,5.901,4.341e-30,2.3532e-29,4.6836e-29,9.6897,30.0,5.901
175,1.74,0.00012397,0.00016968,0.00058586,0.1,30.0,5.901,3.0851e-10,5.5227e-10,1.6827e-09,0.94,30.0,5.901,3.4269e-30,1.8577e-29,3.6974e-29,9.6897,30.0,5.901
176,1.75,0.00011892,0.00016406,0.00056458,0.1,30.0,5.901,2.8729e-10,5.1578e-10,1.5698e-09,0.94,30.0,5.901,2.7055e-30,1.4666e-29,2.919e-29,9.6897,30.0,5.901
177,1.76,0.00011393,0.00015851,0.00054355,0.1,30.0,5.901,2.6737e-10,4.816e-10,1.4641e-09,0.94,30.0,5.901,2.1358e-30,1.1578e-29,2.3043e-29,9.6897,30.0,5.901
178,1.77,0.00010899,0.00015304,0.00052278,0.1,30.0,5.901,2.4864e-10,4.4958e-10,1.3649e-09,0.94,30.0,5.901,1.686e-30,9.1398e-30,1.8191e-29,9.6897,30.0,5.901
179,1.78,0.00010411,0.00014764,0.00050226,0.1,30.0,5.901,2.3104e-10,4.1959e-10,1.2718e-09,0.94,30.0,5.901,1.3309e-30,7.2151e-30,1.436e-29,9.6897,30.0,5.901
180,1.79,9.9269e-05,0.00014231,0.00048197,0.1,30.0,5.901,2.1447e-10,3.9148e-10,1.1845e-09,0.94,30.0,5.901,1.0506e-30,5.6956e-30,1.1336e-29,9.6897,30.0,5.901
181,1.8,9.4477e-05,0.00013705,0.00046191,0.1,30.0,5.901,1.9886e-10,3.6513e-10,1.1025e-09,0.94,30.0,5.901,8.2923e-31,4.4954e-30,8.9471e-30,9.6897,30.0,5.901
182,1.81,8.9729e-05,0.00013185,0.00044206,0.1,30.0,5.901,1.8415e-10,3.4042e-10,1.0254e-09,0.94,30.0,5.901,6.5459e-31,3.5488e-30,7.063e-30,9.6897,30.0,5.901
183,1.82,8.5024e-05,0.00012671,0.00042242,0.1,30.0,5.901,1.7027e-10,3.1724e-10,9.5299e-10,0.94,30.0,5.901,5.1671e-31,2.8015e-30,5.5756e-30,9.6897,30.0,5.901
184,1.83,8.0358e-05,0.00012163,0.00040298,0.1,30.0,5.901,1.5715e-10,2.9549e-10,8.8482e-10,0.94,30.0,5.901,4.0785e-31,2.2115e-30,4.4013e-30,9.6897,30.0,5.901
185,1.84,7.5729e-05,0.00011661,0.00038372,0.1,30.0,5.901,1.4474e-10,2.7507e-10,8.2062e-10,0.94,30.0,5.901,3.2191e-31,1.7458e-30,3.4743e-30,9.6897,30.0,5.901
186,1.85,7.1136e-05,0.00011164,0.00036464,0.1,30.0,5.901,1.3298e-10,2.5588e-10,7.6011e-10,0.94,30.0,5.901,2.5406e-31,1.3781e-30,2.7425e-30,9.6897,30.0,5.901
187,1.86,6.6576e-05,0.00010672,0.00034573,0.1,30.0,5.901,1.2181e-10,2.3784e-10,7.0301e-10,0.94,30.0,5.901,2.0048e-31,1.0879e-30,2.1649e-30,9.6897,30.0,5.901
188,1.87,6.2046e-05,0.00010186,0.00032697,0.1,30.0,5.901,1.1119e-10,2.2087e-10,6.4907e-10,0.94,30.0,5.901,1.5817e-31,8.5886e-31,1.7089e-30,9.6897,30.0,5.901
189,1.8800000000000001,5.7544e-05,9.7039e-05,0.00030837,0.1,30.0,5.901,1.0107e-10,2.0489e-10,5.9802e-10,0.94,30.0,5.901,1.2475e-31,6.7804e-31,1.3489e-30,9.6897,30.0,5.901
190,1.8900000000000001,5.3069e-05,9.2264e-05,0.0002899,0.1,30.0,5.901,9.1404e-11,1.8983e-10,5.4966e-10,0.94,30.0,5.901,9.8312e-32,5.3523e-31,1.0645e-30,9.6897,30.0,5.901
191,1.9000000000000001,4.8617e-05,8.7531e-05,0.00027155,0.1,30.0,5.901,8.2143e-11,1.7562e-10,5.0374e-10,0.94,30.0,5.901,7.7399e-32,4.2247e-31,8.3993e-31,9.6897,30.0,5.901
192,1.9100000000000001,4.4183e-05,8.2835e-05,0.0002533,0.1,30.0,5.901,7.3247e-11,1.6219e-10,4.6005e-10,0.94,30.0,5.901,6.0831e-32,3.3345e-31,6.625e-31,9.6897,30.0,5.901
193,1.92,3.9767e-05,7.8175e-05,0.00023515,0.1,30.0,5.901,6.4672e-11,1.4949e-10,4.1837e-10,0.94,30.0,5.901,4.7681e-32,2.6317e-31,5.2229e-31,9.6897,30.0,5.901
194,1.93,3.5366e-05,7.3549e-05,0.00021707,0.1,30.0,5.901,5.6379e-11,1.3745e-10,3.7851e-10,0.94,30.0,5.901,3.7204e-32,2.0767e-31,4.1141e-31,9.6897,30.0,5.901
195,1.94,3.0976e-05,6.895e-05,0.00019904,0.1,30.0,5.901,4.8326e-11,1.2602e-10,3.4024e-10,0.94,30.0,5.901,2.8813e-32,1.6383e-31,3.2363e-31,9.6897,30.0,5.901
196,1.95,2.659e-05,6.4375e-05,0.00018102,0.1,30.0,5.901,4.0468e-11,1.1514e-10,3.0334e-10,0.94,30.0,5.901,2.2031e-32,1.292e-31,2.5398e-31,9.6897,30.0,5.901
197,1.96,2.2202e-05,5.9814e-05,0.00016294,0.1,30.0,5.901,3.2758e-11,1.0475e-10,2.6753e-10,0.94,30.0,5.901,1.6468e-32,1.0181e-31,1.9853e-31,9.6897,30.0,5.901
198,1.97,1.7799e-05,5.5257e-05,0.00014471,0.1,30.0,5.901,2.5141e-11,9.478e-11,2.3247e-10,0.94,30.0,5.901,1.18e-32,8.014e-32,1.5409e-31,9.6897,30.0,5.901
199,1.98,1.3364e-05,5.0686e-05,0.00012614,0.1,30.0,5.901,1.7543e-11,8.516e-11,1.9759e-10,0.94,30.0,5.901,7.7355e-33,6.2954e-32,1.1803e-31,9.6897,30.0,5.901
200,1.99,8.8573e-06,4.6064e-05,0.00010676,0.1,30.0,5.901,9.8404e-12,7.5767e-11,1.617e-10,0.94,30.0,5.901,3.9706e-33,4.9252e-32,8.7813e-32,9.6897,30.0,5.901
201,2.0,4.4104e-06,4.1516e-05,8.5506e-05,0.0136,0.1,0.01967,2.1356e-12,6.6727e-11,1.2114e-10,0.0486,0.1,0.01967,2.3638e-34,3.8625e-32,5.9851e-32,0.21649,0.1,0.01967
202,2.0100000000000002,4.4078e-06,4.1502e-05,8.545e-05,0.0136,0.1,0.002297,2.131e-12,6.6663e-11,1.2092e-10,0.0486,0.1,0.002297,2.3433e-34,3.8493e-32,5.9516e-32,0.21649,0.1,0.002297
203,2.02,4.4057e-06,4.1488e-05,8.5397e-05,0.0136,0.1,0.002297,2.1276e-12,6.6601e-11,1.2071e-10,0.0486,0.1,0.002297,2.3291e-34,3.8363e-32,5.919e-32,0.21649,0.1,0.002297
204,2.0300000000000002,4.4036e-06,4.1475e-05,8.5343e-05,0.0136,0.1,0.002297,2.1242e-12,6.6538e-11,1.205e-10,0.0486,0.1,0.002297,2.3151e-34,3.8234e-32,5.8871e-32,0.21649,0.1,0.002297
205,2.04,4.4016e-06,4.1461e-05,8.5291e-05,0.0136,0.1,0.002297,2.1208e-12,6.6476e-11,1.2029e-10,0.0486,0.1,0.002297,2.3014e-34,3.8105e-32,5.8558e-32,0.21649,0.1,0.002297
206,2.05,4.3996e-06,4.1448e-05,8.5239e-05,0.0136,0.1,0.002297,2.1174e-12,6.6414e-11,1.2008e-10,0.0486,0.1,0.002297,2.288e-34,3.7977e-32,5.8251e-32,0.21649,0.1,0.002297
207,2.06,4.3975e-06,4.1434e-05,8.5187e-05,0.0136,0.1,0.002297,2.1141e-12,6.6352e-11,1.1988e-10,0.0486,0.1,0.002297,2.2748e-34,3.7849e-32,5.795e-32,0.21649,0.1,0.002297
208,2.07,4.3955e-06,4.1421e-05,8.5135e-05,0.0136,0.1,0.002297,2.1108e-12,6.629e-11,1.1968e-10,0.0486,0.1,0.002297,2.2619e-34,3.7722e-32,5.7655e-32,0.21649,0.1,0.002297
209,2.08,4.3935e-06,4.1407e-05,8.5084e-05,0.0136,0.1,0.002297,2.1075e-12,6.6228e-11,1.1947e-10,0.0486,0.1,0.002297,2.2492e-34,3.7596e-32,5.7364e-32,0.21649,0.1,0.002297
210,2.09,4.3915e-06,4.1394e-05,8.5033e-05,0.0136,0.1,0.002297,2.1042e-12,6.6167e-11,1.1928e-10,0.0486,0.1,0.002297,2.2367e-34,3.7471e-32,5.7079e-32,0.21649,0.1,0.002297
211,2.1,4.3894e-06,4.138e-05,8.4982e-05,0.0136,0.1,0.002297,2.1009e-12,6.6105e-11,1.1908e-10,0.0486,0.1,0.002297,2.2244e-34,3.7346e-32,5.6798e-32,0.21649,0.1,0.002297
212,2.11,4.3874e-06,4.1367e-05,8.4931e-05,0.0136,0.1,0.002297,2.0977e-12,6.6044e-11,1.1888e-10,0.0486,0.1,0.002297,2.2123e-34,3.7222e-32,5.6521e-32,0.21649,0.1,0.002297
213,2.12,4.3854e-06,4.1353e-05,8.4881e-05,0.0136,0.1,0.002297,2.0945e-12,6.5982e-11,1.1869e-10,0.0486,0.1,0.002297,2.2004e-34,3.7098e-32,5.6249e-32,0.21649,0.1,0.002297
214,2.13,4.3834e-06,4.134e-05,8.4831e-05,0.0136,0.1,0.002297,2.0913e-12,6.5921e-11,1.185e-10,0.0486,0.1,0.002297,2.1886e-34,3.6975e-32,5.5981e-32,0.21649,0.1,0.002297
215,2.14,4.3815e-06,4.1326e-05,8.4782e-05,0.0136,0.1,0.002297,2.0881e-12,6.586e-11,1.1831e-10,0.0486,0.1,0.002297,2.1771e-34,3.6853e-32,5.5716e-32,0.21649,0.1,0.002297
216,2.15,4.3795e-06,4.1313e-05,8.4732e-05,0.0136,0.1,0.002297,2.0849e-12,6.5799e-11,1.1812e-10,0.0486,0.1,0.002297,2.1657e-34,3.6731e-32,5.5456e-32,0.21649,0.1,0.002297
217,2.16,4.3775e-06,4.1299e-05,8.4683e-05,0.0136,0.1,0.002297,2.0818e-12,6.5738e-11,1.1793e-10,0.0486,0.1,0.002297,2.1544e-34,3.661e-32,5.5199e-32,0.21649,0.1,0.002297
218,2.17,4.3755e-06,4.1286e-05,8.4634e-05,0.0136,0.1,0.002297,2.0787e-12,6.5677e-11,1.1774e-10,0.0486,0.1,0.002297,2.1433e-34,3.6489e-32,5.4945e-32,0.21649,0.1,0.002297
219,2.18,4.3735e-06,4.1272e-05,8.4586e-05,0.0136,0.1,0.002297,2.0755e-12,6.5617e-11,1.1756e-10,0.0486,0.1,0.002297,2.1324e-34,3.6369e-32,5.4694e-32,0.21649,0.1,0.002297
220,2.19,4.3716e-06,4.1259e-05,8.4538e-05,0.0136,0.1,0.002297,2.0725e-12,6.5556e-11,1.1737e-10,0.0486,0.1,0.002297,2.1216e-34,3.6249e-32,5.4447e-32,0.21649,0.1,0.002297
221,2.2,4.3696e-06,4.1246e-05,8.4489e-05,0.0136,0.1,0.002297,2.0694e-12,6.5496e-11,1.1719e-10,0.0486,0.1,0.002297,2.1109e-34,3.613e-32,5.4202e-32,0.21649,0.1,0.002297
222,2.21,4.3677e-06,4.1232e-05,8.4442e-05,0.0136,0.1,0.002297,2.0663e-12,6.5435e-11,1.1701e-10,0.0486,0.1,0.002297,2.1004e-34,3.6012e-32,5.3961e-32,0.21649,0.1,0.002297
223,2.22,4.3657e-06,4.1219e-05,8.4394e-05,0.0136,0.1,0.002297,2.0633e-12,6.5375e-11,1.1683e-10,0.0486,0.1,0.002297,2.09e-34,3.5894e-32,5.3722e-32,0.21649,0.1,0.002297
224,2.23,4.3637e-06,4.1206e-05,8.4347e-05,0.0136,0.1,0.002297,2.0603e-12,6.5315e-11,1.1666e-10,0.0486,0.1,0.002297,2.0797e-34,3.5777e-32,5.3486e-32,0.21649,0.1,0.002297
225,2.24,4.3618e-06,4.1192e-05,8.43e-05,0.0136,0.1,0.002297,2.0572e-12,6.5255e-11,1.1648e-10,0.0486,0.1,0.002297,2.0695e-34,3.566e-32,5.3253e-32,0.21649,0.1,0.002297
226,2.25,4.3599e-06,4.1179e-05,8.4253e-05,0.0136,0.1,0.002297,2.0543e-12,6.5195e-11,1.163e-10,0.0486,0.1,0.002297,2.0594e-34,3.5543e-32,5.3022e-32,0.21649,0.1,0.002297
227,2.2600000000000002,4.3579e-06,4.1166e-05,8.4206e-05,0.0136,0.1,0.002297,2.0513e-12,6.5135e-11,1.1613e-10,0.0486,0.1,0.002297,2.0495e-34,3.5427e-32,5.2793e-32,0.21649,0.1,0.002297
228,2.27,4.356e-06,4.1152e-05,8.416e-05,0.0136,0.1,0.002297,2.0483e-12,6.5075e-11,1.1596e-10,0.0486,0.1,0.002297,2.0396e-34,3.5312e-32,5.2567e-32,0.21649,0.1,0.002297
229,2.2800000000000002,4.3541e-06,4.1139e-05,8.4113e-05,0.0136,0.1,0.002297,2.0454e-12,6.5016e-11,1.1578e-10,0.0486,0.1,0.002297,2.0299e-34,3.5197e-32,5.2342e-32,0.21649,0.1,0.002297
230,2.29,4.3522e-06,4.1126e-05,8.4067e-05,0.0136,0.1,0.002297,2.0424e-12,6.4956e-11,1.1561e-10,0.0486,0.1,0.002297,2.0202e-34,3.5083e-32,5.212e-32,0.21649,0.1,0.002297
231,2.3000000000000003,4.3502e-06,4.1112e-05,8.4022e-05,0.0136,0.1,0.002297,2.0395e-12,6.4897e-11,1.1544e-10,0.0486,0.1,0.002297,2.0107e-34,3.4969e-32,5.1901e-32,0.21649,0.1,0.002297
232,2.31,4.3483e-06,4.1099e-05,8.3976e-05,0.0136,0.1,0.002297,2.0366e-12,6.4838e-11,1.1527e-10,0.0486,0.1,0.002297,2.0012e-34,3.4856e-32,5.1683e-32,0.21649,0.1,0.002297
233,2.32,4.3464e-06,4.1086e-05,8.3931e-05,0.0136,0.1,0.002297,2.0337e-12,6.4778e-11,1.1511e-10,0.0486,0.1,0.002297,1.9919e-34,3.4743e-32,5.1467e-32,0.21649,0.1,0.002297
234,2.33,4.3445e-06,4.1073e-05,8.3885e-05,0.0136,0.1,0.002297,2.0308e-12,6.4719e-11,1.1494e-10,0.0486,0.1,0.002297,1.9826e-34,3.463e-32,5.1253e-32,0.21649,0.1,0.002297
235,2.34,4.3426e-06,4.1059e-05,8.3841e-05,0.0136,0.1,0.002297,2.028e-12,6.466e-11,1.1478e-10,0.0486,0.1,0.002297,1.9734e-34,3.4518e-32,5.104e-32,0.21649,0.1,0.002297
236,2.35,4.3407e-06,4.1046e-05,8.3796e-05,0.0136,0.1,0.002297,2.0251e-12,6.4601e-11,1.1461e-10,0.0486,0.1,0.002297,1.9643e-34,3.4407e-32,5.083e-32,0.21649,0.1,0.002297
237,2.36,4.3388e-06,4.1033e-05,8.3751e-05,0.0136,0.1,0.002297,2.0223e-12,6.4542e-11,1.1445e-10,0.0486,0.1,0.002297,1.9553e-34,3.4296e-32,5.0621e-32,0.21649,0.1,0.002297
238,2.37,4.3369e-06,4.102e-05,8.3707e-05,0.0136,0.1,0.002297,2.0194e-12,6.4484e-11,1.1429e-10,0.0486,0.1,0.002297,1.9463e-34,3.4185e-32,5.0414e-32,0.21649,0.1,0.002297
239,2.38,4.335e-06,4.1006e-05,8.3663e-05,0.0136,0.1,0.002297,2.0166e-12,6.4425e-11,1.1412e-10,0.0486,0.1,0.002297,1.9375e-34,3.4075e-32,5.0209e-32,0.21649,0.1,0.002297
240,2.39,4.3332e-06,4.0993e-05,8.3618e-05,0.0136,0.1,0.002297,2.0138e-12,6.4367e-11,1.1396e-10,0.0486,0.1,0.002297,1.9287e-34,3.3965e-32,5.0005e-32,0.21649,0.1,0.002297
241,2.4,4.3313e-06,4.098e-05,8.3575e-05,0.0136,0.1,0.002297,2.011e-12,6.4308e-11,1.138e-10,0.0486,0.1,0.002297,1.9199e-34,3.3856e-32,4.9803e-32,0.21649,0.1,0.002297
242,2.41,4.3294e-06,4.0967e-05,8.3531e-05,0.0136,0.1,0.002297,2.0082e-12,6.425e-11,1.1364e-10,0.0486,0.1,0.002297,1.9113e-34,3.3748e-32,4.9603e-32,0.21649,0.1,0.002297
243,2.42,4.3275e-06,4.0954e-05,8.3487e-05,0.0136,0.1,0.002297,2.0055e-12,6.4191e-11,1.1349e-10,0.0486,0.1,0.002297,1.9027e-34,3.3639e-32,4.9403e-32,0.21649,0.1,0.002297
244,2.43,4.3257e-06,4.0941e-05,8.3444e-05,0.0136,0.1,0.002297,2.0027e-12,6.4133e-11,1.1333e-10,0.0486,0.1,0.002297,1.8942e-34,3.3531e-32,4.9206e-32,0.21649,0.1,0.002297
245,2.44,4.3238e-06,4.0928e-05,8.3401e-05,0.0136,0.1,0.002297,2e-12,6.4075e-11,1.1317e-10,0.0486,0.1,0.002297,1.8858e-34,3.3424e-32,4.9009e-32,0.21649,0.1,0.002297
246,2.45,4.3219e-06,4.0914e-05,8.3358e-05,0.0136,0.1,0.002297,1.9972e-12,6.4017e-11,1.1302e-10,0.0486,0.1,0.002297,1.8774e-34,3.3317e-32,4.8814e-32,0.21649,0.1,0.002297
247,2.46,4.3201e-06,4.0901e-05,8.3315e-05,0.0136,0.1,0.002297,1.9945e-12,6.3959e-11,1.1286e-10,0.0486,0.1,0.002297,1.8691e-34,3.321e-32,4.8621e-32,0.21649,0.1,0.002297
248,2.47,4.3182e-06,4.0888e-05,8.3272e-05,0.0136,0.1,0.002297,1.9918e-12,6.3901e-11,1.1271e-10,0.0486,0.1,0.002297,1.8609e-34,3.3104e-32,4.8429e-32,0.21649,0.1,0.002297
249,2.48,4.3164e-06,4.0875e-05,8.323e-05,0.0136,0.1,0.002297,1.9891e-12,6.3843e-11,1.1256e-10,0.0486,0.1,0.002297,1.8527e-34,3.2998e-32,4.8238e-32,0.21649,0.1,0.002297
250,2.49,4.3145e-06,4.0862e-05,8.3187e-05,0.0136,0.1,0.002297,1.9864e-12,6.3785e-11,1.124e-10,0.0486,0.1,0.002297,1.8446e-34,3.2893e-32,4.8049e-32,0.21649,0.1,0.002297
251,2.5,4.3127e-06,4.0849e-05,8.3145e-05,0.0136,0.1,0.002297,1.9837e-12,6.3728e-11,1.1225e-10,0.0486,0.1,0.002297,1.8365e-34,3.2788e-32,4.786e-32,0.21649,0.1,0.002297
252,2.5100000000000002,4.3108e-06,4.0836e-05,8.3103e-05,0.0136,0.1,0.002297,1.981e-12,6.367e-11,1.121e-10,0.0486,0.1,0.002297,1.8285e-34,3.2684e-32,4.7673e-32,0.21649,0.1,0.002297
253,2.52,4.309e-06,4.0823e-05,8.3061e-05,0.0136,0.1,0.002297,1.9784e-12,6.3613e-11,1.1195e-10,0.0486,0.1,0.002297,1.8206e-34,3.2579e-32,4.7487e-32,0.21649,0.1,0.002297
254,2.5300000000000002,4.3071e-06,4.081e-05,8.3019e-05,0.0136,0.1,0.002297,1.9757e-12,6.3556e-11,1.118e-10,0.0486,0.1,0.002297,1.8127e-34,3.2476e-32,4.7303e-32,0.21649,0.1,0.002297
255,2.54,4.3053e-06,4.0797e-05,8.2978e-05,0.0136,0.1,0.002297,1.9731e-12,6.3498e-11,1.1165e-10,0.0486,0.1,0.002297,1.8049e-34,3.2373e-32,4.7119e-32,0.21649,0.1,0.002297
256,2.5500000000000003,4.3035e-06,4.0784e-05,8.2936e-05,0.0136,0.1,0.002297,1.9704e-12,6.3441e-11,1.1151e-10,0.0486,0.1,0.002297,1.7971e-34,3.227e-32,4.6937e-32,0.21649,0.1,0.002297
257,2.56,4.3017e-06,4.077e-05,8.2895e-05,0.0136,0.1,0.002297,1.9678e-12,6.3384e-11,1.1136e-10,0.0486,0.1,0.002297,1.7894e-34,3.2167e-32,4.6756e-32,0.21649,0.1,0.002297
258,2.57,4.2998e-06,4.0758e-05,8.2854e-05,0.0136,0.1,0.002297,1.9652e-12,6.3327e-11,1.1121e-10,0.0486,0.1,0.002297,1.7817e-34,3.2065e-32,4.6576e-32,0.21649,0.1,0.002297
259,2.58,4.298e-06,4.0744e-05,8.2813e-05,0.0136,0.1,0.002297,1.9626e-12,6.327e-11,1.1107e-10,0.0486,0.1,0.002297,1.7741e-34,3.1963e-32,4.6397e-32,0.21649,0.1,0.002297
260,2.59,4.2962e-06,4.0732e-05,8.2772e-05,0.0136,0.1,0.002297,1.96e-12,6.3213e-11,1.1092e-10,0.0486,0.1,0.002297,1.7666e-34,3.1862e-32,4.6219e-32,0.21649,0.1,0.002297
261,2.6,4.2944e-06,4.0718e-05,8.2731e-05,0.0136,0.1,0.002297,1.9574e-12,6.3156e-11,1.1078e-10,0.0486,0.1,0.002297,1.7591e-34,3.1761e-32,4.6042e-32,0.21649,0.1,0.002297
262,2.61,4.2926e-06,4.0705e-05,8.2691e-05,0.0136,0.1,0.002297,1.9548e-12,6.31e-11,1.1063e-10,0.0486,0.1,0.002297,1.7516e-34,3.1661e-32,4.5866e-32,0.21649,0.1,0.002297
263,2.62,4.2908e-06,4.0692e-05,8.265e-05,0.0136,0.1,0.002297,1.9523e-12,6.3043e-11,1.1049e-10,0.0486,0.1,0.002297,1.7442e-34,3.1561e-32,4.5692e-32,0.21649,0.1,0.002297
264,2.63,4.289e-06,4.068e-05,8.261e-05,0.0136,0.1,0.002297,1.9497e-12,6.2986e-11,1.1034e-10,0.0486,0.1,0.002297,1.7369e-34,3.1461e-32,4.5518e-32,0.21649,0.1,0.002297
265,2.64,4.2872e-06,4.0667e-05,8.2569e-05,0.0136,0.1,0.002297,1.9472e-12,6.293e-11,1.102e-10,0.0486,0.1,0.002297,1.7295e-34,3.1361e-32,4.5345e-32,0.21649,0.1,0.002297
266,2.65,4.2854e-06,4.0654e-05,8.2529e-05,0.0136,0.1,0.002297,1.9446e-12,6.2873e-11,1.1006e-10,0.0486,0.1,0.002297,1.7223e-34,3.1263e-32,4.5173e-32,0.21649,0.1,0.002297
267,2.66,4.2836e-06,4.0641e-05,8.2489e-05,0.0136,0.1,0.002297,1.9421e-12,6.2817e-11,1.0992e-10,0.0486,0.1,0.002297,1.7151e-34,3.1164e-32,4.5003e-32,0.21649,0.1,0.002297
268,2.67,4.2818e-06,4.0628e-05,8.245e-05,0.0136,0.1,0.002297,1.9395e-12,6.2761e-11,1.0978e-10,0.0486,0.1,0.002297,1.7079e-34,3.1066e-32,4.4833e-32,0.21649,0.1,0.002297
269,2.68,4.28e-06,4.0615e-05,8.2409e-05,0.0136,0.1,0.002297,1.937e-12,6.2705e-11,1.0964e-10,0.0486,0.1,0.002297,1.7008e-34,3.0968e-32,4.4664e-32,0.21649,0.1,0.002297
270,2.69,4.2782e-06,4.0602e-05,8.237e-05,0.0136,0.1,0.002297,1.9345e-12,6.2649e-11,1.095e-10,0.0486,0.1,0.002297,1.6937e-34,3.087e-32,4.4496e-32,0.21649,0.1,0.002297
271,2.7,4.2764e-06,4.0589e-05,8.233e-05,0.0136,0.1,0.002297,1.932e-12,6.2593e-11,1.0936e-10,0.0486,0.1,0.002297,1.6867e-34,3.0773e-32,4.4329e-32,0.21649,0.1,0.002297
272,2.71,4.2746e-06,4.0576e-05,8.2291e-05,0.0136,0.1,0.002297,1.9295e-12,6.2537e-11,1.0922e-10,0.0486,0.1,0.002297,1.6797e-34,3.0676e-32,4.4164e-32,0.21649,0.1,0.002297
273,2.72,4.2728e-06,4.0563e-05,8.2252e-05,0.0136,0.1,0.002297,1.927e-12,6.2481e-11,1.0908e-10,0.0486,0.1,0.002297,1.6728e-34,3.058e-32,4.3998e-32,0.21649,0.1,0.002297
274,2.73,4.2711e-06,4.055e-05,8.2212e-05,0.0136,0.1,0.002297,1.9245e-12,6.2425e-11,1.0895e-10,0.0486,0.1,0.002297,1.6659e-34,3.0484e-32,4.3834e-32,0.21649,0.1,0.002297
275,2.74,4.2693e-06,4.0537e-05,8.2173e-05,0.0136,0.1,0.002297,1.9221e-12,6.2369e-11,1.0881e-10,0.0486,0.1,0.002297,1.659e-34,3.0388e-32,4.3671e-32,0.21649,0.1,0.002297
276,2.75,4.2675e-06,4.0524e-05,8.2134e-05,0.0136,0.1,0.002297,1.9196e-12,6.2314e-11,1.0867e-10,0.0486,0.1,0.002297,1.6522e-34,3.0293e-32,4.3509e-32,0.21649,0.1,0.002297
277,2.7600000000000002,4.2657e-06,4.0511e-05,8.2095e-05,0.0136,0.1,0.002297,1.9171e-12,6.2258e-11,1.0854e-10,0.0486,0.1,0.002297,1.6454e-34,3.0198e-32,4.3347e-32,0.21649,0.1,0.002297
278,2.77,4.264e-06,4.0499e-05,8.2056e-05,0.0136,0.1,0.002297,1.9147e-12,6.2202e-11,1.084e-10,0.0486,0.1,0.002297,1.6387e-34,3.0103e-32,4.3186e-32,0.21649,0.1,0.002297
279,2.7800000000000002,4.2622e-06,4.0486e-05,8.2018e-05,0.0136,0.1,0.002297,1.9122e-12,6.2147e-11,1.0827e-10,0.0486,0.1,0.002297,1.632e-34,3.0009e-32,4.3027e-32,0.21649,0.1,0.002297
280,2.79,4.2604e-06,4.0473e-05,8.1979e-05,0.0136,0.1,0.002297,1.9098e-12,6.2092e-11,1.0813e-10,0.0486,0.1,0.002297,1.6254e-34,2.9915e-32,4.2868e-32,0.21649,0.1,0.002297
281,2.8000000000000003,4.2587e-06,4.046e-05,8.1941e-05,0.0136,0.1,0.002297,1.9074e-12,6.2037e-11,1.08e-10,0.0486,0.1,0.002297,1.6188e-34,2.9822e-32,4.271e-32,0.21649,0.1,0.002297
282,2.81,4.2569e-06,4.0447e-05,8.1902e-05,0.0136,0.1,0.002297,1.905e-12,6.1981e-11,1.0787e-10,0.0486,0.1,0.002297,1.6122e-34,2.9728e-32,4.2552e-32,0.21649,0.1,0.002297
283,2.82,4.2552e-06,4.0435e-05,8.1864e-05,0.0136,0.1,0.002297,1.9025e-12,6.1926e-11,1.0773e-10,0.0486,0.1,0.002297,1.6057e-34,2.9636e-32,4.2396e-32,0.21649,0.1,0.002297
284,2.83,4.2534e-06,4.0422e-05,8.1826e-05,0.0136,0.1,0.002297,1.9001e-12,6.1871e-11,1.076e-10,0.0486,0.1,0.002297,1.5992e-34,2.9543e-32,4.224e-32,0.21649,0.1,0.002297
285,2.84,4.2517e-06,4.0409e-05,8.1788e-05,0.0136,0.1,0.002297,1.8977e-12,6.1816e-11,1.0747e-10,0.0486,0.1,0.002297,1.5927e-34,2.9451e-32,4.2086e-32,0.21649,0.1,0.002297
286,2.85,4.2499e-06,4.0396e-05,8.175e-05,0.0136,0.1,0.002297,1.8953e-12,6.1761e-11,1.0733e-10,0.0486,0.1,0.002297,1.5863e-34,2.9359e-32,4.1932e-32,0.21649,0.1,0.002297
287,2.86,4.2482e-06,4.0383e-05,8.1712e-05,0.0136,0.1,0.002297,1.8929e-12,6.1706e-11,1.072e-10,0.0486,0.1,0.002297,1.58e-34,2.9268e-32,4.1778e-32,0.21649,0.1,0.002297
288,2.87,4.2464e-06,4.037e-05,8.1674e-05,0.0136,0.1,0.002297,1.8906e-12,6.1652e-11,1.0707e-10,0.0486,0.1,0.002297,1.5736e-34,2.9176e-32,4.1626e-32,0.21649,0.1,0.002297
289,2.88,4.2447e-06,4.0358e-05,8.1636e-05,0.0136,0.1,0.002297,1.8882e-12,6.1597e-11,1.0694e-10,0.0486,0.1,0.002297,1.5673e-34,2.9086e-32,4.1474e-32,0.21649,0.1,0.002297
290,2.89,4.2429e-06,4.0345e-05,8.1599e-05,0.0136,0.1,0.002297,1.8858e-12,6.1542e-11,1.0681e-10,0.0486,0.1,0.002297,1.5611e-34,2.8995e-32,4.1323e-32,0.21649,0.1,0.002297
291,2.9,4.2412e-06,4.0332e-05,8.1561e-05,0.0136,0.1,0.002297,1.8835e-12,6.1488e-11,1.0668e-10,0.0486,0.1,0.002297,1.5548e-34,2.8905e-32,4.1173e-32,0.21649,0.1,0.002297
292,2.91,4.2395e-06,4.0319e-05,8.1524e-05,0.0136,0.1,0.002297,1.8811e-12,6.1433e-11,1.0655e-10,0.0486,0.1,0.002297,1.5486e-34,2.8815e-32,4.1024e-32,0.21649,0.1,0.002297
293,2.92,4.2377e-06,4.0307e-05,8.1486e-05,0.0136,0.1,0.002297,1.8788e-12,6.1379e-11,1.0642e-10,0.0486,0.1,0.002297,1.5425e-34,2.8726e-32,4.0875e-32,0.21649,0.1,0.002297
294,2.93,4.236e-06,4.0294e-05,8.1449e-05,0.0136,0.1,0.002297,1.8764e-12,6.1324e-11,1.063e-10,0.0486,0.1,0.002297,1.5364e-34,2.8636e-32,4.0727e-32,0.21649,0.1,0.002297
295,2.94,4.2343e-06,4.0281e-05,8.1412e-05,0.0136,0.1,0.002297,1.8741e-12,6.127e-11,1.0617e-10,0.0486,0.1,0.002297,1.5303e-34,2.8548e-32,4.058e-32,0.21649,0.1,0.002297
296,2.95,4.2325e-06,4.0268e-05,8.1374e-05,0.0136,0.1,0.002297,1.8717e-12,6.1216e-11,1.0604e-10,0.0486,0.1,0.002297,1.5242e-34,2.8459e-32,4.0434e-32,0.21649,0.1,0.002297
297,2.96,4.2308e-06,4.0256e-05,8.1338e-05,0.0136,0.1,0.002297,1.8694e-12,6.1162e-11,1.0591e-10,0.0486,0.1,0.002297,1.5182e-34,2.8371e-32,4.0288e-32,0.21649,0.1,0.002297
298,2.97,4.2291e-06,4.0243e-05,8.13e-05,0.0136,0.1,0.002297,1.8671e-12,6.1108e-11,1.0578e-10,0.0486,0.1,0.002297,1.5122e-34,2.8283e-32,4.0143e-32,0.21649,0.1,0.002297
299,2.98,4.2274e-06,4.023e-05,8.1264e-05,0.0136,0.1,0.002297,1.8648e-12,6.1054e-11,1.0566e-10,0.0486,0.1,0.002297,1.5063e-34,2.8195e-32,3.9999e-32,0.21649,0.1,0.002297
300,2.99,4.2257e-06,4.0218e-05,8.1227e-05,0.0136,0.1,0.002297,1.8625e-12,6.1e-11,1.0553e-10,0.0486,0.1,0.002297,1.5004e-34,2.8108e-32,3.9855e-32,0.21649,0.1,0.002297
301,3.0,4.2239e-06,4.0205e-05,8.119e-05,0.0136,0.1,0.002297,1.8602e-12,6.0946e-11,1.0541e-10,0.0486,0.1,0.002297,1.4945e-34,2.8021e-32,3.9712e-32,0.21649,0.1,0.002297
